date,open,high,low,close,volume,amount,source
2013-07-01,0.963,0.965,0.96,0.965,5941,572263.0,AkShare场内ETF
2013-07-02,0.974,0.974,0.968,0.972,17770,1725760.0,AkShare场内ETF
2013-07-03,0.972,0.973,0.97,0.973,9454,918041.0,AkShare场内ETF
2013-07-04,0.973,0.978,0.973,0.978,7937,774942.0,AkShare场内ETF
2013-07-05,0.986,0.989,0.976,0.989,16699,1642111.0,AkShare场内ETF
2013-07-08,0.995,1.0,0.987,0.998,32218,3204852.0,AkShare场内ETF
2013-07-09,0.997,1.0,0.995,0.996,15498,1546460.0,AkShare场内ETF
2013-07-10,1.002,1.009,0.993,0.999,37007,3698861.0,AkShare场内ETF
2013-07-11,1.0,1.005,0.998,1.004,34670,3469293.0,AkShare场内ETF
2013-07-12,1.011,1.02,1.011,1.019,56645,5767604.0,AkShare场内ETF
2013-07-15,1.026,1.028,1.02,1.023,30695,3138795.0,AkShare场内ETF
2013-07-16,1.023,1.023,1.018,1.019,17099,1743023.0,AkShare场内ETF
2013-07-17,1.016,1.021,1.015,1.019,9661,984805.0,AkShare场内ETF
2013-07-18,1.02,1.022,1.019,1.02,13509,1378244.0,AkShare场内ETF
2013-07-19,1.02,1.022,1.018,1.019,19280,1966169.0,AkShare场内ETF
2013-07-22,1.019,1.019,1.013,1.015,13668,1388070.0,AkShare场内ETF
2013-07-23,1.016,1.017,1.014,1.016,21943,2228584.0,AkShare场内ETF
2013-07-24,1.013,1.013,0.995,1.0,35217,3527895.0,AkShare场内ETF
2013-07-25,1.002,1.004,0.998,1.0,24467,2447828.0,AkShare场内ETF
2013-07-26,1.009,1.01,1.006,1.01,8105,817653.0,AkShare场内ETF
2013-07-29,1.01,1.016,1.01,1.015,10918,1107134.0,AkShare场内ETF
2013-07-30,1.013,1.013,1.01,1.011,6560,663067.0,AkShare场内ETF
2013-07-31,1.016,1.018,1.013,1.013,12783,1297057.0,AkShare场内ETF
2013-08-01,1.014,1.016,1.013,1.014,18477,1873999.0,AkShare场内ETF
2013-08-02,1.03,1.033,1.02,1.023,58281,5960456.0,AkShare场内ETF
2013-08-05,1.028,1.033,1.028,1.031,33409,3441001.0,AkShare场内ETF
2013-08-06,1.03,1.031,1.025,1.03,36448,3746970.0,AkShare场内ETF
2013-08-07,1.019,1.02,1.015,1.017,29186,2968094.0,AkShare场内ETF
2013-08-08,1.02,1.02,1.016,1.018,14304,1457042.0,AkShare场内ETF
2013-08-09,1.019,1.026,1.019,1.026,14901,1526663.0,AkShare场内ETF
2013-08-12,1.024,1.024,1.014,1.019,15893,1616635.0,AkShare场内ETF
2013-08-13,1.019,1.023,1.016,1.019,10661,1087177.0,AkShare场内ETF
2013-08-14,1.023,1.03,1.019,1.021,23877,2440549.0,AkShare场内ETF
2013-08-15,1.016,1.02,1.01,1.017,27029,2742577.0,AkShare场内ETF
2013-08-16,1.0,1.003,1.0,1.001,17246,1726323.0,AkShare场内ETF
2013-08-19,1.001,1.003,0.999,1.0,11012,1101666.0,AkShare场内ETF
2013-08-20,0.998,0.999,0.994,0.995,40554,4043894.0,AkShare场内ETF
2013-08-21,1.0,1.004,1.0,1.001,7858,787400.0,AkShare场内ETF
2013-08-22,1.0,1.001,0.998,0.998,7635,763006.0,AkShare场内ETF
2013-08-23,1.008,1.015,1.008,1.015,25875,2615619.0,AkShare场内ETF
2013-08-26,1.019,1.021,1.016,1.019,31162,3176104.0,AkShare场内ETF
2013-08-27,1.018,1.018,1.015,1.017,7093,720755.0,AkShare场内ETF
2013-08-28,0.998,0.999,0.995,0.996,16819,1676997.0,AkShare场内ETF
2013-08-29,1.0,1.002,0.999,1.002,6707,671519.0,AkShare场内ETF
2013-08-30,1.004,1.011,1.004,1.009,11389,1147622.0,AkShare场内ETF
2013-09-02,1.005,1.013,1.004,1.012,32283,3253559.0,AkShare场内ETF
2013-09-03,1.012,1.015,1.009,1.015,19404,1965670.0,AkShare场内ETF
2013-09-04,1.01,1.016,1.005,1.013,12062,1218605.0,AkShare场内ETF
2013-09-05,1.018,1.022,1.016,1.019,26344,2685493.0,AkShare场内ETF
2013-09-06,1.02,1.021,1.015,1.016,10036,1022434.0,AkShare场内ETF
2013-09-09,1.02,1.028,1.019,1.026,45849,4700028.0,AkShare场内ETF
2013-09-10,1.028,1.032,1.027,1.028,28471,2927213.0,AkShare场内ETF
2013-09-11,1.028,1.037,1.028,1.03,29466,3042044.0,AkShare场内ETF
2013-09-12,1.029,1.037,1.027,1.031,22775,2348687.0,AkShare场内ETF
2013-09-13,1.028,1.033,1.026,1.028,7212,742171.0,AkShare场内ETF
2013-09-16,1.036,1.043,1.036,1.04,24649,2563450.0,AkShare场内ETF
2013-09-17,1.037,1.037,1.029,1.029,8523,879451.0,AkShare场内ETF
2013-09-18,1.034,1.042,1.032,1.041,13122,1364840.0,AkShare场内ETF
2013-09-23,1.042,1.063,1.042,1.063,39299,4137077.0,AkShare场内ETF
2013-09-24,1.043,1.064,1.043,1.06,10439,1103618.0,AkShare场内ETF
2013-09-25,1.06,1.063,1.054,1.06,20854,2208686.0,AkShare场内ETF
2013-09-26,1.068,1.068,1.054,1.06,11559,1226533.0,AkShare场内ETF
2013-09-27,1.07,1.075,1.063,1.071,11636,1243139.0,AkShare场内ETF
2013-09-30,1.07,1.07,1.05,1.056,16539,1755274.0,AkShare场内ETF
2013-10-08,1.06,1.06,1.054,1.054,9952,1051338.0,AkShare场内ETF
2013-10-09,1.035,1.04,1.035,1.04,14616,1515825.0,AkShare场内ETF
2013-10-10,1.026,1.042,1.026,1.042,7336,760977.0,AkShare场内ETF
2013-10-11,1.052,1.065,1.049,1.065,9364,994147.0,AkShare场内ETF
2013-10-14,1.07,1.07,1.064,1.067,5954,635580.0,AkShare场内ETF
2013-10-15,1.074,1.081,1.074,1.081,10837,1168906.0,AkShare场内ETF
2013-10-16,1.073,1.08,1.07,1.079,11227,1208327.0,AkShare场内ETF
2013-10-17,1.086,1.096,1.086,1.096,11789,1287337.0,AkShare场内ETF
2013-10-18,1.107,1.107,1.094,1.101,12348,1356910.0,AkShare场内ETF
2013-10-21,1.101,1.116,1.101,1.114,9030,1005538.0,AkShare场内ETF
2013-10-22,1.117,1.162,1.114,1.156,62963,7177423.0,AkShare场内ETF
2013-10-23,1.156,1.171,1.137,1.14,24003,2745515.0,AkShare场内ETF
2013-10-24,1.13,1.143,1.108,1.121,38336,4286237.0,AkShare场内ETF
2013-10-25,1.125,1.155,1.125,1.139,26665,3038599.0,AkShare场内ETF
2013-10-28,1.151,1.151,1.134,1.141,21513,2457572.0,AkShare场内ETF
2013-10-29,1.142,1.142,1.121,1.123,12661,1425097.0,AkShare场内ETF
2013-10-30,1.128,1.129,1.124,1.128,12511,1410745.0,AkShare场内ETF
2013-10-31,1.12,1.12,1.114,1.116,10520,1175667.0,AkShare场内ETF
2013-11-01,1.097,1.12,1.097,1.118,8807,979642.0,AkShare场内ETF
2013-11-04,1.112,1.123,1.112,1.122,6196,693267.0,AkShare场内ETF
2013-11-05,1.13,1.13,1.122,1.126,7769,873216.0,AkShare场内ETF
2013-11-06,1.126,1.134,1.121,1.134,9390,1058519.0,AkShare场内ETF
2013-11-07,1.131,1.136,1.123,1.134,9802,1106625.0,AkShare场内ETF
2013-11-08,1.112,1.133,1.104,1.125,15537,1744367.0,AkShare场内ETF
2013-11-11,1.145,1.145,1.122,1.128,12807,1445611.0,AkShare场内ETF
2013-11-12,1.128,1.128,1.124,1.126,6110,687898.0,AkShare场内ETF
2013-11-13,1.121,1.121,1.116,1.117,5707,638532.0,AkShare场内ETF
2013-11-14,1.138,1.139,1.128,1.134,27003,3055995.0,AkShare场内ETF
2013-11-15,1.14,1.14,1.129,1.132,21063,2385021.0,AkShare场内ETF
2013-11-18,1.135,1.138,1.129,1.132,16924,1914118.0,AkShare场内ETF
2013-11-19,1.128,1.128,1.111,1.116,24746,2760716.0,AkShare场内ETF
2013-11-20,1.113,1.113,1.085,1.098,167326,18340474.0,AkShare场内ETF
2013-11-21,1.095,1.1,1.085,1.089,22283,2430279.0,AkShare场内ETF
2013-11-22,1.111,1.111,1.103,1.108,10510,1162417.0,AkShare场内ETF
2013-11-25,1.108,1.125,1.108,1.125,11368,1273586.0,AkShare场内ETF
2013-11-26,1.12,1.122,1.118,1.121,7121,797425.0,AkShare场内ETF
2013-11-27,1.126,1.133,1.126,1.133,12997,1468750.0,AkShare场内ETF
2013-11-28,1.138,1.142,1.132,1.142,17144,1947189.0,AkShare场内ETF
2013-11-29,1.142,1.142,1.135,1.137,6358,722713.0,AkShare场内ETF
2013-12-02,1.139,1.142,1.134,1.136,7841,891249.0,AkShare场内ETF
2013-12-03,1.136,1.138,1.13,1.131,10755,1217235.0,AkShare场内ETF
2013-12-04,1.126,1.136,1.126,1.132,5979,676138.0,AkShare场内ETF
2013-12-05,1.134,1.134,1.131,1.132,3309,374678.0,AkShare场内ETF
2013-12-06,1.133,1.134,1.131,1.132,5406,612057.0,AkShare场内ETF
2013-12-09,1.138,1.144,1.138,1.144,8201,936673.0,AkShare场内ETF
2013-12-10,1.142,1.145,1.141,1.145,8917,1019662.0,AkShare场内ETF
2013-12-11,1.143,1.143,1.135,1.135,7619,867320.0,AkShare场内ETF
2013-12-12,1.13,1.138,1.115,1.118,19511,2196204.0,AkShare场内ETF
2013-12-13,1.117,1.125,1.117,1.122,5222,584973.0,AkShare场内ETF
2013-12-16,1.121,1.125,1.119,1.121,8668,971728.0,AkShare场内ETF
2013-12-17,1.126,1.128,1.126,1.128,5657,637667.0,AkShare场内ETF
2013-12-18,1.116,1.126,1.116,1.122,8246,924011.0,AkShare场内ETF
2013-12-19,1.133,1.14,1.133,1.136,12430,1414280.0,AkShare场内ETF
2013-12-20,1.133,1.138,1.132,1.137,13212,1500942.0,AkShare场内ETF
2013-12-23,1.148,1.155,1.145,1.155,12077,1390750.0,AkShare场内ETF
2013-12-24,1.159,1.173,1.159,1.173,18928,2213294.0,AkShare场内ETF
2013-12-25,1.174,1.179,1.167,1.175,7869,921950.0,AkShare场内ETF
2013-12-26,1.17,1.177,1.167,1.175,15008,1758592.0,AkShare场内ETF
2013-12-27,1.178,1.187,1.176,1.179,11042,1303793.0,AkShare场内ETF
2013-12-30,1.176,1.176,1.159,1.162,27174,3164600.0,AkShare场内ETF
2013-12-31,1.16,1.163,1.153,1.163,10572,1225938.0,AkShare场内ETF
2014-01-02,1.167,1.172,1.167,1.169,12136,1419482.0,AkShare场内ETF
2014-01-03,1.16,1.161,1.156,1.161,14367,1665535.0,AkShare场内ETF
2014-01-06,1.164,1.164,1.154,1.157,6839,790852.0,AkShare场内ETF
2014-01-07,1.156,1.157,1.152,1.156,10908,1259099.0,AkShare场内ETF
2014-01-08,1.169,1.173,1.16,1.173,31803,3703986.0,AkShare场内ETF
2014-01-09,1.173,1.174,1.17,1.172,6201,726344.0,AkShare场内ETF
2014-01-10,1.17,1.172,1.164,1.171,7862,918786.0,AkShare场内ETF
2014-01-13,1.17,1.172,1.169,1.17,7936,928637.0,AkShare场内ETF
2014-01-14,1.156,1.158,1.15,1.157,15859,1829622.0,AkShare场内ETF
2014-01-15,1.168,1.176,1.16,1.168,12144,1421091.0,AkShare场内ETF
2014-01-16,1.175,1.182,1.175,1.181,13292,1568886.0,AkShare场内ETF
2014-01-17,1.176,1.185,1.176,1.183,6267,740999.0,AkShare场内ETF
2014-01-20,1.181,1.182,1.175,1.18,6925,816702.0,AkShare场内ETF
2014-01-21,1.179,1.183,1.177,1.182,6627,782125.0,AkShare场内ETF
2014-01-22,1.185,1.187,1.182,1.182,8345,988057.0,AkShare场内ETF
2014-01-23,1.188,1.194,1.185,1.191,13938,1657257.0,AkShare场内ETF
2014-01-24,1.189,1.189,1.181,1.186,13958,1653094.0,AkShare场内ETF
2014-01-27,1.174,1.174,1.155,1.162,23331,2703009.0,AkShare场内ETF
2014-01-28,1.152,1.16,1.15,1.16,27161,3134312.0,AkShare场内ETF
2014-01-29,1.162,1.186,1.159,1.174,12414,1448090.0,AkShare场内ETF
2014-01-30,1.159,1.168,1.148,1.163,22096,2550992.0,AkShare场内ETF
2014-02-07,1.162,1.162,1.147,1.16,23346,2694739.0,AkShare场内ETF
2014-02-10,1.173,1.173,1.17,1.172,17295,2024900.0,AkShare场内ETF
2014-02-11,1.173,1.177,1.169,1.171,13606,1594376.0,AkShare场内ETF
2014-02-12,1.18,1.184,1.18,1.184,9994,1180947.0,AkShare场内ETF
2014-02-13,1.183,1.183,1.177,1.177,15379,1812717.0,AkShare场内ETF
2014-02-14,1.187,1.194,1.179,1.183,43957,5203835.0,AkShare场内ETF
2014-02-17,1.184,1.189,1.181,1.187,20551,2433425.0,AkShare场内ETF
2014-02-18,1.187,1.187,1.181,1.184,9689,1146287.0,AkShare场内ETF
2014-02-19,1.184,1.197,1.184,1.196,19578,2336669.0,AkShare场内ETF
2014-02-20,1.189,1.189,1.182,1.189,10586,1255640.0,AkShare场内ETF
2014-02-21,1.192,1.204,1.192,1.203,14189,1702903.0,AkShare场内ETF
2014-02-24,1.201,1.201,1.197,1.2,13607,1632449.0,AkShare场内ETF
2014-02-25,1.203,1.215,1.203,1.215,18178,2200252.0,AkShare场内ETF
2014-02-26,1.213,1.229,1.207,1.225,23129,2809765.0,AkShare场内ETF
2014-02-27,1.223,1.228,1.21,1.227,19270,2350874.0,AkShare场内ETF
2014-02-28,1.228,1.267,1.226,1.25,32266,4011482.0,AkShare场内ETF
2014-03-03,1.245,1.246,1.204,1.239,32158,3938835.0,AkShare场内ETF
2014-03-04,1.213,1.23,1.211,1.225,34161,4157285.0,AkShare场内ETF
2014-03-05,1.241,1.242,1.228,1.24,36394,4492463.0,AkShare场内ETF
2014-03-06,1.239,1.239,1.228,1.233,19007,2341716.0,AkShare场内ETF
2014-03-07,1.23,1.236,1.226,1.231,19539,2403897.0,AkShare场内ETF
2014-03-10,1.231,1.231,1.218,1.22,24600,3002247.0,AkShare场内ETF
2014-03-11,1.218,1.221,1.218,1.221,10279,1253534.0,AkShare场内ETF
2014-03-12,1.216,1.216,1.211,1.215,13138,1594600.0,AkShare场内ETF
2014-03-13,1.221,1.221,1.217,1.219,8511,1037347.0,AkShare场内ETF
2014-03-14,1.201,1.202,1.195,1.197,23596,2826563.0,AkShare场内ETF
2014-03-17,1.192,1.193,1.185,1.189,35455,4211294.0,AkShare场内ETF
2014-03-18,1.199,1.208,1.197,1.208,31496,3783944.0,AkShare场内ETF
2014-03-19,1.22,1.226,1.22,1.226,27240,3334468.0,AkShare场内ETF
2014-03-20,1.218,1.218,1.211,1.213,14233,1726634.0,AkShare场内ETF
2014-03-21,1.216,1.22,1.215,1.22,16648,2028567.0,AkShare场内ETF
2014-03-24,1.21,1.21,1.203,1.206,22449,2709577.0,AkShare场内ETF
2014-03-25,1.193,1.197,1.191,1.197,19323,2308119.0,AkShare场内ETF
2014-03-26,1.199,1.199,1.195,1.198,9599,1148467.0,AkShare场内ETF
2014-03-27,1.181,1.184,1.176,1.179,23250,2745124.0,AkShare场内ETF
2014-03-28,1.175,1.175,1.171,1.173,18870,2212246.0,AkShare场内ETF
2014-03-31,1.174,1.176,1.174,1.176,10742,1262635.0,AkShare场内ETF
2014-04-01,1.187,1.194,1.185,1.193,23031,2739298.0,AkShare场内ETF
2014-04-02,1.209,1.216,1.208,1.214,26396,3197719.0,AkShare场内ETF
2014-04-03,1.216,1.216,1.208,1.21,15342,1855386.0,AkShare场内ETF
2014-04-04,1.197,1.199,1.194,1.199,16970,2029812.0,AkShare场内ETF
2014-04-08,1.16,1.162,1.154,1.161,51052,5905016.0,AkShare场内ETF
2014-04-09,1.168,1.172,1.161,1.168,34477,4020812.0,AkShare场内ETF
2014-04-10,1.186,1.186,1.177,1.18,31856,3760881.0,AkShare场内ETF
2014-04-11,1.149,1.149,1.14,1.142,53038,6065152.0,AkShare场内ETF
2014-04-14,1.123,1.134,1.122,1.134,22656,2556797.0,AkShare场内ETF
2014-04-15,1.136,1.141,1.136,1.139,19525,2222456.0,AkShare场内ETF
2014-04-16,1.14,1.145,1.14,1.145,19870,2268841.0,AkShare场内ETF
2014-04-17,1.153,1.16,1.153,1.155,13921,1610113.0,AkShare场内ETF
2014-04-18,1.157,1.159,1.153,1.154,19289,2229888.0,AkShare场内ETF
2014-04-21,1.154,1.159,1.154,1.157,4714,545694.0,AkShare场内ETF
2014-04-22,1.162,1.167,1.16,1.166,11561,1346808.0,AkShare场内ETF
2014-04-23,1.175,1.178,1.172,1.172,11070,1300654.0,AkShare场内ETF
2014-04-24,1.163,1.178,1.163,1.177,34554,4048887.0,AkShare场内ETF
2014-04-25,1.176,1.177,1.174,1.177,12044,1415622.0,AkShare场内ETF
2014-04-28,1.161,1.162,1.153,1.155,15812,1827061.0,AkShare场内ETF
2014-04-29,1.16,1.161,1.157,1.159,5329,617553.0,AkShare场内ETF
2014-04-30,1.167,1.172,1.167,1.17,8673,1014403.0,AkShare场内ETF
2014-05-05,1.171,1.174,1.17,1.174,10331,1211527.0,AkShare场内ETF
2014-05-06,1.178,1.182,1.178,1.181,8772,1034963.0,AkShare场内ETF
2014-05-07,1.163,1.166,1.161,1.164,7653,890264.0,AkShare场内ETF
2014-05-08,1.161,1.161,1.159,1.161,10247,1188474.0,AkShare场内ETF
2014-05-09,1.161,1.161,1.156,1.159,7572,876429.0,AkShare场内ETF
2014-05-12,1.163,1.166,1.161,1.164,19955,2321853.0,AkShare场内ETF
2014-05-13,1.18,1.187,1.18,1.186,31205,3697685.0,AkShare场内ETF
2014-05-14,1.184,1.192,1.184,1.19,13753,1633271.0,AkShare场内ETF
2014-05-15,1.18,1.186,1.18,1.186,7200,852442.0,AkShare场内ETF
2014-05-16,1.182,1.182,1.176,1.179,4668,549657.0,AkShare场内ETF
2014-05-19,1.18,1.184,1.18,1.182,6437,761091.0,AkShare场内ETF
2014-05-20,1.19,1.192,1.19,1.19,8993,1071184.0,AkShare场内ETF
2014-05-21,1.189,1.189,1.182,1.183,6131,725094.0,AkShare场内ETF
2014-05-22,1.195,1.198,1.194,1.197,6706,801969.0,AkShare场内ETF
2014-05-23,1.199,1.202,1.199,1.202,6947,834475.0,AkShare场内ETF
2014-05-26,1.21,1.212,1.209,1.211,7109,860521.0,AkShare场内ETF
2014-05-27,1.212,1.216,1.212,1.216,8767,1064903.0,AkShare场内ETF
2014-05-28,1.225,1.232,1.225,1.229,17780,2186455.0,AkShare场内ETF
2014-05-29,1.231,1.231,1.22,1.224,16218,1982371.0,AkShare场内ETF
2014-05-30,1.234,1.239,1.232,1.239,15164,1873678.0,AkShare场内ETF
2014-06-03,1.236,1.236,1.231,1.236,7051,870077.0,AkShare场内ETF
2014-06-04,1.235,1.235,1.231,1.233,8067,994169.0,AkShare场内ETF
2014-06-05,1.24,1.242,1.237,1.242,6050,749762.0,AkShare场内ETF
2014-06-06,1.252,1.256,1.249,1.255,10705,1340670.0,AkShare场内ETF
2014-06-09,1.261,1.261,1.253,1.256,9596,1204713.0,AkShare场内ETF
2014-06-10,1.258,1.258,1.246,1.249,20234,2528751.0,AkShare场内ETF
2014-06-11,1.249,1.255,1.249,1.255,16436,2057629.0,AkShare场内ETF
2014-06-12,1.251,1.253,1.246,1.248,9239,1153715.0,AkShare场内ETF
2014-06-13,1.24,1.243,1.238,1.241,23393,2901583.0,AkShare场内ETF
2014-06-16,1.247,1.247,1.239,1.239,6603,819143.0,AkShare场内ETF
2014-06-17,1.242,1.246,1.241,1.243,5130,637612.0,AkShare场内ETF
2014-06-18,1.245,1.245,1.241,1.242,6058,753044.0,AkShare场内ETF
2014-06-19,1.246,1.258,1.246,1.257,11585,1454335.0,AkShare场内ETF
2014-06-20,1.255,1.257,1.253,1.254,5308,666154.0,AkShare场内ETF
2014-06-23,1.26,1.26,1.253,1.256,6941,871740.0,AkShare场内ETF
2014-06-24,1.256,1.257,1.253,1.256,3803,477209.0,AkShare场内ETF
2014-06-25,1.25,1.255,1.247,1.254,13130,1644027.0,AkShare场内ETF
2014-06-26,1.262,1.265,1.261,1.264,7528,951050.0,AkShare场内ETF
2014-06-27,1.264,1.268,1.26,1.268,9151,1156807.0,AkShare场内ETF
2014-06-30,1.268,1.271,1.267,1.271,5872,745541.0,AkShare场内ETF
2014-07-01,1.272,1.273,1.269,1.273,8243,1047703.0,AkShare场内ETF
2014-07-02,1.281,1.289,1.281,1.286,10777,1385536.0,AkShare场内ETF
2014-07-03,1.286,1.288,1.285,1.288,3809,490181.0,AkShare场内ETF
2014-07-04,1.296,1.306,1.295,1.305,16494,2145807.0,AkShare场内ETF
2014-07-07,1.305,1.308,1.291,1.308,8161,1063438.0,AkShare场内ETF
2014-07-08,1.3,1.307,1.3,1.304,11949,1557212.0,AkShare场内ETF
2014-07-09,1.295,1.295,1.277,1.284,19160,2456564.0,AkShare场内ETF
2014-07-10,1.286,1.293,1.286,1.291,14402,1859129.0,AkShare场内ETF
2014-07-11,1.284,1.285,1.28,1.281,13458,1725120.0,AkShare场内ETF
2014-07-14,1.285,1.291,1.285,1.29,8315,1071214.0,AkShare场内ETF
2014-07-15,1.297,1.302,1.295,1.301,11742,1525862.0,AkShare场内ETF
2014-07-16,1.296,1.296,1.292,1.296,8692,1124874.0,AkShare场内ETF
2014-07-17,1.298,1.3,1.297,1.3,4158,539932.0,AkShare场内ETF
2014-07-18,1.282,1.29,1.274,1.29,21013,2696354.0,AkShare场内ETF
2014-07-21,1.298,1.302,1.297,1.302,16781,2180097.0,AkShare场内ETF
2014-07-22,1.291,1.299,1.291,1.299,4539,589144.0,AkShare场内ETF
2014-07-23,1.303,1.305,1.3,1.304,10945,1425855.0,AkShare场内ETF
2014-07-24,1.307,1.316,1.307,1.314,9310,1222635.0,AkShare场内ETF
2014-07-25,1.311,1.312,1.309,1.311,7367,965470.0,AkShare场内ETF
2014-07-28,1.307,1.31,1.304,1.306,28627,3737286.0,AkShare场内ETF
2014-07-29,1.305,1.305,1.299,1.304,21896,2848714.0,AkShare场内ETF
2014-07-30,1.302,1.305,1.3,1.303,12328,1605975.0,AkShare场内ETF
2014-07-31,1.308,1.31,1.304,1.308,9166,1198651.0,AkShare场内ETF
2014-08-01,1.283,1.287,1.282,1.287,21511,2762820.0,AkShare场内ETF
2014-08-04,1.281,1.286,1.28,1.286,7566,971087.0,AkShare场内ETF
2014-08-05,1.294,1.294,1.284,1.288,20066,2581829.0,AkShare场内ETF
2014-08-06,1.28,1.281,1.278,1.279,8839,1130581.0,AkShare场内ETF
2014-08-07,1.275,1.281,1.275,1.281,7039,900288.0,AkShare场内ETF
2014-08-08,1.278,1.278,1.271,1.272,11000,1400359.0,AkShare场内ETF
2014-08-11,1.278,1.286,1.278,1.286,12731,1633085.0,AkShare场内ETF
2014-08-12,1.293,1.293,1.289,1.29,7501,968460.0,AkShare场内ETF
2014-08-13,1.29,1.29,1.283,1.285,4139,531902.0,AkShare场内ETF
2014-08-14,1.293,1.302,1.293,1.302,11536,1499771.0,AkShare场内ETF
2014-08-15,1.305,1.311,1.305,1.311,10429,1366223.0,AkShare场内ETF
2014-08-18,1.316,1.316,1.308,1.309,11956,1566823.0,AkShare场内ETF
2014-08-19,1.318,1.325,1.318,1.325,14824,1960570.0,AkShare场内ETF
2014-08-20,1.328,1.333,1.328,1.333,9487,1263404.0,AkShare场内ETF
2014-08-21,1.331,1.333,1.327,1.329,10830,1438782.0,AkShare场内ETF
2014-08-22,1.334,1.334,1.331,1.333,5204,693470.0,AkShare场内ETF
2014-08-25,1.334,1.337,1.334,1.337,8391,1120589.0,AkShare场内ETF
2014-08-26,1.34,1.348,1.34,1.348,10947,1472556.0,AkShare场内ETF
2014-08-27,1.351,1.361,1.345,1.35,10391,1399395.0,AkShare场内ETF
2014-08-28,1.346,1.346,1.342,1.344,7321,983454.0,AkShare场内ETF
2014-08-29,1.34,1.34,1.334,1.336,13792,1844012.0,AkShare场内ETF
2014-09-01,1.34,1.347,1.34,1.345,8539,1148955.0,AkShare场内ETF
2014-09-02,1.346,1.357,1.346,1.356,16585,2242725.0,AkShare场内ETF
2014-09-03,1.357,1.365,1.355,1.36,11708,1590847.0,AkShare场内ETF
2014-09-04,1.354,1.354,1.341,1.341,18443,2481211.0,AkShare场内ETF
2014-09-05,1.341,1.341,1.337,1.339,9935,1330147.0,AkShare场内ETF
2014-09-09,1.345,1.35,1.345,1.348,15961,2150002.0,AkShare场内ETF
2014-09-10,1.335,1.34,1.331,1.34,11040,1471135.0,AkShare场内ETF
2014-09-11,1.345,1.345,1.341,1.342,6426,863323.0,AkShare场内ETF
2014-09-12,1.346,1.346,1.341,1.341,6922,929216.0,AkShare场内ETF
2014-09-15,1.336,1.337,1.334,1.337,4774,637364.0,AkShare场内ETF
2014-09-16,1.329,1.329,1.321,1.322,9906,1310391.0,AkShare场内ETF
2014-09-17,1.325,1.336,1.325,1.334,11559,1540950.0,AkShare场内ETF
2014-09-18,1.339,1.339,1.336,1.338,3892,520272.0,AkShare场内ETF
2014-09-19,1.34,1.354,1.34,1.354,12770,1724521.0,AkShare场内ETF
2014-09-22,1.35,1.35,1.345,1.346,4123,555182.0,AkShare场内ETF
2014-09-23,1.331,1.335,1.329,1.335,13855,1844749.0,AkShare场内ETF
2014-09-24,1.33,1.33,1.323,1.326,19041,2523444.0,AkShare场内ETF
2014-09-25,1.339,1.341,1.337,1.339,10037,1343698.0,AkShare场内ETF
2014-09-26,1.314,1.314,1.312,1.313,12518,1643560.0,AkShare场内ETF
2014-09-29,1.326,1.33,1.326,1.327,10408,1381151.0,AkShare场内ETF
2014-09-30,1.327,1.327,1.323,1.325,22634,2998102.0,AkShare场内ETF
2014-10-08,1.294,1.297,1.29,1.294,44777,5789999.0,AkShare场内ETF
2014-10-09,1.312,1.322,1.312,1.314,26265,3456892.0,AkShare场内ETF
2014-10-10,1.291,1.296,1.29,1.296,14552,1881671.0,AkShare场内ETF
2014-10-13,1.268,1.278,1.267,1.278,26138,3321978.0,AkShare场内ETF
2014-10-14,1.264,1.268,1.256,1.268,37905,4786998.0,AkShare场内ETF
2014-10-15,1.268,1.272,1.262,1.268,17393,2203797.0,AkShare场内ETF
2014-10-16,1.264,1.275,1.254,1.265,20679,2605743.0,AkShare场内ETF
2014-10-17,1.266,1.266,1.251,1.256,28307,3554916.0,AkShare场内ETF
2014-10-20,1.262,1.265,1.26,1.265,19692,2485645.0,AkShare场内ETF
2014-10-21,1.276,1.277,1.275,1.276,21010,2681030.0,AkShare场内ETF
2014-10-22,1.3,1.307,1.298,1.307,42897,5594689.0,AkShare场内ETF
2014-10-23,1.301,1.301,1.296,1.299,18594,2412412.0,AkShare场内ETF
2014-10-24,1.31,1.313,1.31,1.31,16699,2190455.0,AkShare场内ETF
2014-10-27,1.317,1.325,1.316,1.324,18009,2378236.0,AkShare场内ETF
2014-10-28,1.324,1.327,1.319,1.319,19935,2634536.0,AkShare场内ETF
2014-10-29,1.334,1.342,1.334,1.334,18827,2517622.0,AkShare场内ETF
2014-10-30,1.329,1.334,1.324,1.334,20367,2711972.0,AkShare场内ETF
2014-10-31,1.338,1.347,1.338,1.347,17248,2317430.0,AkShare场内ETF
2014-11-03,1.361,1.361,1.357,1.357,7248,984863.0,AkShare场内ETF
2014-11-04,1.334,1.362,1.334,1.359,10713,1455899.0,AkShare场内ETF
2014-11-05,1.353,1.357,1.352,1.354,9693,1312962.0,AkShare场内ETF
2014-11-06,1.352,1.357,1.352,1.354,7712,1044595.0,AkShare场内ETF
2014-11-07,1.357,1.363,1.357,1.363,10171,1383831.0,AkShare场内ETF
2014-11-10,1.362,1.367,1.362,1.363,7846,1070428.0,AkShare场内ETF
2014-11-11,1.365,1.365,1.36,1.363,11175,1521765.0,AkShare场内ETF
2014-11-12,1.365,1.365,1.36,1.362,5494,748462.0,AkShare场内ETF
2014-11-13,1.363,1.367,1.363,1.364,11191,1527755.0,AkShare场内ETF
2014-11-14,1.363,1.373,1.363,1.365,10380,1419931.0,AkShare场内ETF
2014-11-17,1.366,1.374,1.366,1.368,10473,1434462.0,AkShare场内ETF
2014-11-18,1.365,1.369,1.365,1.368,7818,1068832.0,AkShare场内ETF
2014-11-19,1.371,1.385,1.371,1.385,8909,1229640.0,AkShare场内ETF
2014-11-20,1.379,1.379,1.37,1.372,4407,604717.0,AkShare场内ETF
2014-11-21,1.374,1.381,1.374,1.378,5325,734306.0,AkShare场内ETF
2014-11-24,1.378,1.381,1.368,1.37,36257,4974158.0,AkShare场内ETF
2014-11-25,1.379,1.392,1.379,1.383,15496,2148222.0,AkShare场内ETF
2014-11-26,1.383,1.391,1.383,1.389,6565,911904.0,AkShare场内ETF
2014-11-27,1.395,1.403,1.395,1.4,9272,1298156.0,AkShare场内ETF
2014-11-28,1.4,1.401,1.397,1.4,11997,1679231.0,AkShare场内ETF
2014-12-01,1.4,1.407,1.396,1.398,21956,3074376.0,AkShare场内ETF
2014-12-02,1.38,1.39,1.379,1.382,24026,3320998.0,AkShare场内ETF
2014-12-03,1.384,1.397,1.384,1.395,8679,1209830.0,AkShare场内ETF
2014-12-04,1.398,1.4,1.394,1.397,11289,1575608.0,AkShare场内ETF
2014-12-05,1.39,1.399,1.38,1.39,14705,2047630.0,AkShare场内ETF
2014-12-08,1.393,1.398,1.388,1.391,15110,2104658.0,AkShare场内ETF
2014-12-09,1.381,1.385,1.372,1.373,19332,2664601.0,AkShare场内ETF
2014-12-10,1.373,1.394,1.373,1.394,9877,1373729.0,AkShare场内ETF
2014-12-11,1.374,1.374,1.362,1.364,10315,1407348.0,AkShare场内ETF
2014-12-12,1.372,1.372,1.359,1.365,29378,4008616.0,AkShare场内ETF
2014-12-15,1.356,1.357,1.352,1.353,9281,1256663.0,AkShare场内ETF
2014-12-16,1.341,1.35,1.341,1.35,19368,2605060.0,AkShare场内ETF
2014-12-17,1.343,1.343,1.325,1.33,24831,3301539.0,AkShare场内ETF
2014-12-18,1.355,1.362,1.351,1.362,42033,5712843.0,AkShare场内ETF
2014-12-19,1.393,1.403,1.392,1.403,32558,4552495.0,AkShare场内ETF
2014-12-22,1.407,1.408,1.391,1.397,23873,3338111.0,AkShare场内ETF
2014-12-23,1.398,1.401,1.395,1.4,8517,1190160.0,AkShare场内ETF
2014-12-24,1.396,1.399,1.391,1.395,14096,1965648.0,AkShare场内ETF
2014-12-25,1.396,1.396,1.393,1.395,5747,801456.0,AkShare场内ETF
2014-12-26,1.395,1.395,1.391,1.394,4774,665077.0,AkShare场内ETF
2014-12-29,1.397,1.406,1.397,1.404,12453,1747461.0,AkShare场内ETF
2014-12-30,1.402,1.403,1.398,1.401,8769,1228168.0,AkShare场内ETF
2014-12-31,1.39,1.392,1.38,1.392,11066,1537824.0,AkShare场内ETF
2015-01-05,1.385,1.385,1.363,1.367,32278,4413479.0,AkShare场内ETF
2015-01-06,1.355,1.355,1.345,1.349,15844,2135719.0,AkShare场内ETF
2015-01-07,1.338,1.351,1.332,1.351,26476,3549668.0,AkShare场内ETF
2015-01-08,1.365,1.371,1.354,1.37,27900,3802862.0,AkShare场内ETF
2015-01-09,1.386,1.39,1.383,1.389,22922,3178677.0,AkShare场内ETF
2015-01-12,1.374,1.386,1.374,1.378,18949,2607224.0,AkShare场内ETF
2015-01-13,1.365,1.365,1.356,1.36,11534,1568246.0,AkShare场内ETF
2015-01-14,1.364,1.364,1.352,1.353,10951,1482880.0,AkShare场内ETF
2015-01-15,1.351,1.352,1.345,1.352,15198,2049046.0,AkShare场内ETF
2015-01-16,1.333,1.35,1.331,1.35,33309,4460809.0,AkShare场内ETF
2015-01-19,1.358,1.379,1.336,1.339,112122,15145576.0,AkShare场内ETF
2015-01-20,1.345,1.353,1.343,1.349,42752,5756532.0,AkShare场内ETF
2015-01-21,1.351,1.363,1.351,1.359,49551,6720201.0,AkShare场内ETF
2015-01-22,1.359,1.377,1.359,1.373,80119,10976893.0,AkShare场内ETF
2015-01-23,1.404,1.405,1.392,1.394,65954,9199191.0,AkShare场内ETF
2015-01-26,1.387,1.398,1.387,1.393,35858,4998299.0,AkShare场内ETF
2015-01-27,1.393,1.398,1.393,1.394,45222,6313334.0,AkShare场内ETF
2015-01-28,1.366,1.373,1.361,1.372,27977,3822071.0,AkShare场内ETF
2015-01-29,1.351,1.358,1.35,1.354,21375,2890585.0,AkShare场内ETF
2015-01-30,1.363,1.371,1.363,1.371,23014,3144467.0,AkShare场内ETF
2015-02-02,1.36,1.36,1.35,1.357,13127,1776473.0,AkShare场内ETF
2015-02-03,1.369,1.371,1.367,1.367,13859,1898350.0,AkShare场内ETF
2015-02-04,1.38,1.382,1.378,1.381,57454,7928268.0,AkShare场内ETF
2015-02-05,1.378,1.378,1.373,1.376,8492,1167513.0,AkShare场内ETF
2015-02-06,1.388,1.39,1.386,1.387,86013,11933769.0,AkShare场内ETF
2015-02-09,1.382,1.382,1.37,1.373,15009,2062073.0,AkShare场内ETF
2015-02-10,1.368,1.371,1.365,1.367,13945,1907844.0,AkShare场内ETF
2015-02-11,1.378,1.391,1.378,1.385,266912,36945376.0,AkShare场内ETF
2015-02-12,1.389,1.395,1.389,1.393,1433268,199726079.0,AkShare场内ETF
2015-02-13,1.404,1.42,1.403,1.419,1918706,270732976.0,AkShare场内ETF
2015-02-16,1.43,1.45,1.421,1.435,515816,73685712.0,AkShare场内ETF
2015-02-17,1.435,1.437,1.426,1.437,284719,40739142.0,AkShare场内ETF
2015-02-25,1.45,1.471,1.45,1.45,424704,61737787.0,AkShare场内ETF
2015-02-26,1.451,1.452,1.444,1.444,1267520,183769114.0,AkShare场内ETF
2015-02-27,1.447,1.452,1.447,1.449,589919,85502829.0,AkShare场内ETF
2015-03-02,1.452,1.452,1.444,1.452,175225,25378953.0,AkShare场内ETF
2015-03-03,1.466,1.475,1.462,1.474,635701,93529691.0,AkShare场内ETF
2015-03-04,1.472,1.472,1.46,1.468,425621,62347730.0,AkShare场内ETF
2015-03-05,1.46,1.462,1.456,1.457,213623,31213422.0,AkShare场内ETF
2015-03-06,1.462,1.465,1.459,1.463,1006047,147047360.0,AkShare场内ETF
2015-03-09,1.444,1.454,1.443,1.449,1766424,255952495.0,AkShare场内ETF
2015-03-10,1.445,1.455,1.445,1.45,1501686,218209528.0,AkShare场内ETF
2015-03-11,1.439,1.439,1.348,1.426,1421103,202940093.0,AkShare场内ETF
2015-03-12,1.424,1.424,1.417,1.424,1022097,145147485.0,AkShare场内ETF
2015-03-13,1.44,1.44,1.428,1.431,2033914,291570880.0,AkShare场内ETF
2015-03-16,1.43,1.43,1.419,1.427,506968,72146536.0,AkShare场内ETF
2015-03-17,1.442,1.442,1.434,1.441,727234,104617207.0,AkShare场内ETF
2015-03-18,1.444,1.445,1.44,1.44,2118867,305611376.0,AkShare场内ETF
2015-03-19,1.449,1.458,1.447,1.455,1222323,177848992.0,AkShare场内ETF
2015-03-20,1.458,1.458,1.45,1.454,2803842,407791968.0,AkShare场内ETF
2015-03-23,1.46,1.465,1.46,1.46,2220670,324861312.0,AkShare场内ETF
2015-03-24,1.454,1.462,1.454,1.458,6556156,955847872.0,AkShare场内ETF
2015-03-25,1.456,1.463,1.45,1.46,2262187,329760240.0,AkShare场内ETF
2015-03-26,1.436,1.439,1.424,1.439,332748,47766569.0,AkShare场内ETF
2015-03-27,1.433,1.441,1.42,1.439,221261,31746284.0,AkShare场内ETF
2015-03-30,1.439,1.439,1.425,1.432,2180187,312410336.0,AkShare场内ETF
2015-03-31,1.445,1.445,1.435,1.437,645669,92803859.0,AkShare场内ETF
2015-04-01,1.427,1.427,1.413,1.415,570117,80775517.0,AkShare场内ETF
2015-04-02,1.411,1.414,1.408,1.412,1007577,142167980.0,AkShare场内ETF
2015-04-03,1.413,1.416,1.412,1.416,1542798,218191446.0,AkShare场内ETF
2015-04-07,1.424,1.424,1.416,1.42,1753758,248756512.0,AkShare场内ETF
2015-04-08,1.418,1.418,1.411,1.415,1674063,237014247.0,AkShare场内ETF
2015-04-09,1.416,1.422,1.416,1.421,813342,115532927.0,AkShare场内ETF
2015-04-10,1.424,1.432,1.424,1.431,1001054,143153504.0,AkShare场内ETF
2015-04-13,1.436,1.437,1.429,1.431,954902,136969636.0,AkShare场内ETF
2015-04-14,1.429,1.436,1.424,1.426,704485,100796247.0,AkShare场内ETF
2015-04-15,1.423,1.432,1.423,1.43,430115,61515915.0,AkShare场内ETF
2015-04-16,1.433,1.44,1.433,1.439,354527,50986570.0,AkShare场内ETF
2015-04-17,1.439,1.439,1.432,1.438,362377,52032719.0,AkShare场内ETF
2015-04-20,1.421,1.421,1.411,1.416,689840,97806798.0,AkShare场内ETF
2015-04-21,1.429,1.435,1.429,1.429,724519,103736722.0,AkShare场内ETF
2015-04-22,1.431,1.44,1.431,1.434,849811,122068509.0,AkShare场内ETF
2015-04-23,1.439,1.442,1.438,1.439,470916,67832765.0,AkShare场内ETF
2015-04-24,1.444,1.462,1.444,1.462,834039,121522635.0,AkShare场内ETF
2015-04-27,1.47,1.481,1.47,1.477,871685,128885264.0,AkShare场内ETF
2015-04-28,1.473,1.473,1.466,1.467,677822,99604862.0,AkShare场内ETF
2015-04-29,1.466,1.468,1.462,1.467,1069001,156640449.0,AkShare场内ETF
2015-04-30,1.46,1.46,1.454,1.458,794766,115715388.0,AkShare场内ETF
2015-05-04,1.46,1.46,1.454,1.457,630421,91788275.0,AkShare场内ETF
2015-05-05,1.458,1.458,1.454,1.456,479529,69847921.0,AkShare场内ETF
2015-05-06,1.443,1.443,1.429,1.437,687257,98634098.0,AkShare场内ETF
2015-05-07,1.43,1.437,1.418,1.435,935145,133392634.0,AkShare场内ETF
2015-05-08,1.438,1.451,1.435,1.45,570436,81972722.0,AkShare场内ETF
2015-05-11,1.458,1.459,1.454,1.457,556032,80942868.0,AkShare场内ETF
2015-05-12,1.457,1.457,1.445,1.453,582815,84419314.0,AkShare场内ETF
2015-05-13,1.45,1.451,1.441,1.45,396001,57249595.0,AkShare场内ETF
2015-05-14,1.447,1.457,1.443,1.456,781704,113251784.0,AkShare场内ETF
2015-05-15,1.469,1.48,1.463,1.464,609142,89489713.0,AkShare场内ETF
2015-05-18,1.464,1.466,1.459,1.46,1303488,190775487.0,AkShare场内ETF
2015-05-19,1.468,1.468,1.461,1.462,716347,104868719.0,AkShare场内ETF
2015-05-20,1.46,1.461,1.453,1.453,1131778,165073663.0,AkShare场内ETF
2015-05-21,1.453,1.461,1.453,1.46,602464,87691590.0,AkShare场内ETF
2015-05-22,1.462,1.471,1.461,1.468,903106,132495441.0,AkShare场内ETF
2015-05-25,1.464,1.47,1.451,1.468,1592538,232441782.0,AkShare场内ETF
2015-05-26,1.47,1.471,1.465,1.466,1101619,161729754.0,AkShare场内ETF
2015-05-27,1.461,1.461,1.448,1.454,949399,137760416.0,AkShare场内ETF
2015-05-28,1.461,1.5,1.461,1.481,869208,127843362.0,AkShare场内ETF
2015-05-29,1.479,1.479,1.469,1.475,477744,70234554.0,AkShare场内ETF
2015-06-01,1.469,1.469,1.457,1.467,926425,135649866.0,AkShare场内ETF
2015-06-02,1.468,1.471,1.465,1.468,690954,101373470.0,AkShare场内ETF
2015-06-03,1.455,1.464,1.455,1.459,1334366,194931120.0,AkShare场内ETF
2015-06-04,1.46,1.469,1.46,1.465,2067456,302469712.0,AkShare场内ETF
2015-06-05,1.465,1.465,1.451,1.464,91457,13332641.0,AkShare场内ETF
2015-06-08,1.464,1.464,1.452,1.458,1722213,251251413.0,AkShare场内ETF
2015-06-09,1.456,1.456,1.441,1.449,1612868,233336459.0,AkShare场内ETF
2015-06-10,1.45,1.452,1.444,1.452,1320957,191275458.0,AkShare场内ETF
2015-06-11,1.462,1.465,1.46,1.46,1467604,214659209.0,AkShare场内ETF
2015-06-12,1.46,1.463,1.441,1.46,960485,140275126.0,AkShare场内ETF
2015-06-15,1.456,1.458,1.448,1.456,996485,144921692.0,AkShare场内ETF
2015-06-16,1.469,1.469,1.443,1.45,1413050,204730243.0,AkShare场内ETF
2015-06-17,1.458,1.46,1.445,1.446,1529173,222890204.0,AkShare场内ETF
2015-06-18,1.455,1.455,1.44,1.441,1784702,258068194.0,AkShare场内ETF
2015-06-19,1.459,1.465,1.458,1.462,906990,132636509.0,AkShare场内ETF
2015-06-23,1.465,1.493,1.465,1.485,1341646,197427164.0,AkShare场内ETF
2015-06-24,1.488,1.49,1.478,1.481,1634978,242392041.0,AkShare场内ETF
2015-06-25,1.48,1.48,1.464,1.471,1037874,152835744.0,AkShare场内ETF
2015-06-26,1.471,1.471,1.465,1.47,317604,46618706.0,AkShare场内ETF
2015-06-29,1.463,1.463,1.455,1.456,1783501,260279434.0,AkShare场内ETF
2015-06-30,1.44,1.441,1.423,1.44,2265427,324431200.0,AkShare场内ETF
2015-07-01,1.44,1.441,1.436,1.44,280860,40388047.0,AkShare场内ETF
2015-07-02,1.442,1.451,1.442,1.447,232849,33701472.0,AkShare场内ETF
2015-07-03,1.447,1.449,1.431,1.443,261510,37737121.0,AkShare场内ETF
2015-07-06,1.443,1.448,1.41,1.414,133805,18966398.0,AkShare场内ETF
2015-07-07,1.421,1.424,1.383,1.419,296971,42021273.0,AkShare场内ETF
2015-07-08,1.413,1.425,1.3,1.38,213855,30227325.0,AkShare场内ETF
2015-07-09,1.37,1.447,1.342,1.382,188516,26544352.0,AkShare场内ETF
2015-07-10,1.381,1.43,1.375,1.386,203361,28636563.0,AkShare场内ETF
2015-07-13,1.401,1.406,1.394,1.4,346137,48488504.0,AkShare场内ETF
2015-07-14,1.419,1.45,1.411,1.441,201065,28826835.0,AkShare场内ETF
2015-07-15,1.451,1.468,1.451,1.462,67307,9853294.0,AkShare场内ETF
2015-07-16,1.466,1.466,1.4,1.439,212281,30650465.0,AkShare场内ETF
2015-07-17,1.461,1.48,1.458,1.475,73406,10808312.0,AkShare场内ETF
2015-07-20,1.48,1.53,1.48,1.508,105041,15871379.0,AkShare场内ETF
2015-07-21,1.523,1.529,1.502,1.525,150633,22822289.0,AkShare场内ETF
2015-07-22,1.512,1.512,1.503,1.507,213903,32273343.0,AkShare场内ETF
2015-07-23,1.5,1.51,1.498,1.51,180351,27144368.0,AkShare场内ETF
2015-07-24,1.5,1.511,1.496,1.498,299421,44968165.0,AkShare场内ETF
2015-07-27,1.488,1.49,1.477,1.478,311780,46114703.0,AkShare场内ETF
2015-07-28,1.476,1.476,1.464,1.472,160155,23520345.0,AkShare场内ETF
2015-07-29,1.481,1.505,1.481,1.499,13536,2023797.0,AkShare场内ETF
2015-07-30,1.503,1.521,1.503,1.52,118336,17866085.0,AkShare场内ETF
2015-07-31,1.54,1.541,1.521,1.526,262460,40254029.0,AkShare场内ETF
2015-08-03,1.53,1.538,1.515,1.528,141210,21585048.0,AkShare场内ETF
2015-08-04,1.528,1.528,1.51,1.511,179829,27356188.0,AkShare场内ETF
2015-08-05,1.51,1.51,1.501,1.502,174129,26227395.0,AkShare场内ETF
2015-08-06,1.507,1.522,1.507,1.52,196342,29776391.0,AkShare场内ETF
2015-08-07,1.518,1.518,1.493,1.497,241890,36329401.0,AkShare场内ETF
2015-08-10,1.498,1.5,1.49,1.49,119985,17978886.0,AkShare场内ETF
2015-08-11,1.504,1.565,1.502,1.564,196362,29669542.0,AkShare场内ETF
2015-08-12,1.532,1.56,1.513,1.529,162507,25053292.0,AkShare场内ETF
2015-08-13,1.523,1.55,1.523,1.544,191513,29496868.0,AkShare场内ETF
2015-08-14,1.545,1.553,1.535,1.552,205647,31651824.0,AkShare场内ETF
2015-08-17,1.553,1.558,1.549,1.557,180015,27933983.0,AkShare场内ETF
2015-08-18,1.566,1.598,1.566,1.577,219903,34555821.0,AkShare场内ETF
2015-08-19,1.568,1.57,1.546,1.558,358177,55786566.0,AkShare场内ETF
2015-08-20,1.555,1.555,1.53,1.537,222228,34154731.0,AkShare场内ETF
2015-08-21,1.498,1.499,1.485,1.487,133345,19861702.0,AkShare场内ETF
2015-08-24,1.405,1.425,1.364,1.375,59791,8354758.0,AkShare场内ETF
2015-08-25,1.339,1.387,1.339,1.378,29307,3998069.0,AkShare场内ETF
2015-08-26,1.389,1.403,1.36,1.384,178535,24870897.0,AkShare场内ETF
2015-08-27,1.43,1.45,1.43,1.448,134620,19363948.0,AkShare场内ETF
2015-08-28,1.482,1.484,1.46,1.48,188064,27766467.0,AkShare场内ETF
2015-08-31,1.478,1.478,1.467,1.468,83317,12257385.0,AkShare场内ETF
2015-09-01,1.456,1.46,1.425,1.426,206200,29762671.0,AkShare场内ETF
2015-09-02,1.403,1.428,1.391,1.427,198657,28158691.0,AkShare场内ETF
2015-09-07,1.428,1.429,1.412,1.419,191626,27151038.0,AkShare场内ETF
2015-09-08,1.426,1.469,1.42,1.46,115639,16554974.0,AkShare场内ETF
2015-09-09,1.477,1.478,1.463,1.471,88611,13013663.0,AkShare场内ETF
2015-09-10,1.46,1.464,1.43,1.442,96693,13958123.0,AkShare场内ETF
2015-09-11,1.45,1.467,1.45,1.466,87287,12777276.0,AkShare场内ETF
2015-09-14,1.477,1.477,1.464,1.464,9024,1324840.0,AkShare场内ETF
2015-09-15,1.464,1.464,1.438,1.439,3010,437324.0,AkShare场内ETF
2015-09-16,1.461,1.477,1.461,1.476,123296,18171017.0,AkShare场内ETF
2015-09-17,1.48,1.489,1.478,1.478,114622,16997658.0,AkShare场内ETF
2015-09-18,1.475,1.482,1.475,1.479,118963,17612934.0,AkShare场内ETF
2015-09-21,1.458,1.461,1.452,1.461,8664,1262421.0,AkShare场内ETF
2015-09-22,1.462,1.469,1.462,1.468,4069,596460.0,AkShare场内ETF
2015-09-23,1.45,1.45,1.436,1.446,11850,1711222.0,AkShare场内ETF
2015-09-24,1.445,1.447,1.444,1.446,2458,355298.0,AkShare场内ETF
2015-09-25,1.44,1.45,1.44,1.45,6826,987169.0,AkShare场内ETF
2015-09-28,1.44,1.44,1.428,1.434,8408,1204411.0,AkShare场内ETF
2015-09-29,1.4,1.4,1.381,1.393,15435,2144987.0,AkShare场内ETF
2015-09-30,1.383,1.394,1.38,1.394,31790,4403028.0,AkShare场内ETF
2015-10-08,1.451,1.458,1.431,1.443,37169,5379851.0,AkShare场内ETF
2015-10-09,1.443,1.452,1.443,1.45,13281,1924604.0,AkShare场内ETF
2015-10-12,1.452,1.461,1.452,1.461,8623,1258095.0,AkShare场内ETF
2015-10-13,1.461,1.465,1.455,1.459,9190,1344608.0,AkShare场内ETF
2015-10-14,1.445,1.454,1.437,1.451,16231,2355517.0,AkShare场内ETF
2015-10-15,1.442,1.462,1.442,1.46,54393,7931351.0,AkShare场内ETF
2015-10-16,1.472,1.484,1.472,1.484,9658,1429224.0,AkShare场内ETF
2015-10-19,1.484,1.488,1.482,1.485,12171,1807939.0,AkShare场内ETF
2015-10-20,1.485,1.497,1.485,1.495,7401,1105844.0,AkShare场内ETF
2015-10-21,1.496,1.496,1.487,1.488,4383,653058.0,AkShare场内ETF
2015-10-22,1.486,1.486,1.473,1.484,8304,1229809.0,AkShare场内ETF
2015-10-23,1.51,1.539,1.51,1.531,35495,5418200.0,AkShare场内ETF
2015-10-26,1.568,1.568,1.549,1.549,9921,1540469.0,AkShare场内ETF
2015-10-27,1.552,1.563,1.542,1.542,6536,1009655.0,AkShare场内ETF
2015-10-28,1.542,1.556,1.541,1.553,12953,2010698.0,AkShare场内ETF
2015-10-29,1.565,1.565,1.559,1.56,6381,996550.0,AkShare场内ETF
2015-10-30,1.56,1.569,1.56,1.569,4765,745025.0,AkShare场内ETF
2015-11-02,1.564,1.565,1.552,1.552,4849,754195.0,AkShare场内ETF
2015-11-03,1.569,1.576,1.568,1.575,10203,1603128.0,AkShare场内ETF
2015-11-04,1.579,1.58,1.574,1.58,8059,1270695.0,AkShare场内ETF
2015-11-05,1.58,1.58,1.572,1.579,2901,457027.0,AkShare场内ETF
2015-11-06,1.579,1.579,1.571,1.574,5251,826564.0,AkShare场内ETF
2015-11-09,1.575,1.583,1.574,1.583,17116,2701479.0,AkShare场内ETF
2015-11-10,1.558,1.567,1.558,1.563,11904,1860785.0,AkShare场内ETF
2015-11-11,1.558,1.561,1.556,1.558,4564,711047.0,AkShare场内ETF
2015-11-12,1.554,1.563,1.553,1.559,3834,597457.0,AkShare场内ETF
2015-11-13,1.541,1.549,1.541,1.543,5209,803852.0,AkShare场内ETF
2015-11-16,1.525,1.525,1.505,1.516,17203,2603562.0,AkShare场内ETF
2015-11-17,1.536,1.552,1.536,1.552,14622,2259648.0,AkShare场内ETF
2015-11-18,1.55,1.55,1.542,1.548,3486,538647.0,AkShare场内ETF
2015-11-19,1.564,1.583,1.564,1.583,12710,2006113.0,AkShare场内ETF
2015-11-20,1.583,1.585,1.574,1.581,4783,754972.0,AkShare场内ETF
2015-11-23,1.582,1.59,1.582,1.587,5817,922834.0,AkShare场内ETF
2015-11-24,1.587,1.589,1.581,1.586,1872,296683.0,AkShare场内ETF
2015-11-25,1.581,1.584,1.577,1.58,5273,833229.0,AkShare场内ETF
2015-11-26,1.584,1.585,1.578,1.581,5426,857005.0,AkShare场内ETF
2015-11-27,1.578,1.588,1.578,1.584,7349,1162965.0,AkShare场内ETF
2015-11-30,1.582,1.588,1.582,1.583,3404,539353.0,AkShare场内ETF
2015-12-01,1.59,1.59,1.581,1.582,4470,707828.0,AkShare场内ETF
2015-12-02,1.588,1.605,1.588,1.605,7598,1215361.0,AkShare场内ETF
2015-12-03,1.601,1.601,1.589,1.593,4744,755800.0,AkShare场内ETF
2015-12-04,1.58,1.58,1.567,1.572,9255,1452843.0,AkShare场内ETF
2015-12-07,1.6,1.61,1.598,1.604,11511,1844626.0,AkShare场内ETF
2015-12-08,1.598,1.599,1.594,1.598,9640,1538769.0,AkShare场内ETF
2015-12-09,1.593,1.6,1.593,1.6,6626,1058413.0,AkShare场内ETF
2015-12-10,1.595,1.595,1.572,1.582,6158,972806.0,AkShare场内ETF
2015-12-11,1.583,1.591,1.582,1.585,6338,1005984.0,AkShare场内ETF
2015-12-14,1.567,1.567,1.55,1.56,10929,1702561.0,AkShare场内ETF
2015-12-15,1.561,1.572,1.561,1.572,5090,798191.0,AkShare场内ETF
2015-12-16,1.589,1.592,1.58,1.585,9002,1425781.0,AkShare场内ETF
2015-12-17,1.599,1.659,1.599,1.611,19388,3119148.0,AkShare场内ETF
2015-12-18,1.589,1.597,1.578,1.585,9709,1538295.0,AkShare场内ETF
2015-12-21,1.57,1.578,1.556,1.574,19344,3022680.0,AkShare场内ETF
2015-12-22,1.588,1.588,1.571,1.574,4598,724533.0,AkShare场内ETF
2015-12-23,1.579,1.583,1.577,1.578,5234,826350.0,AkShare场内ETF
2015-12-24,1.584,1.589,1.578,1.588,6941,1100332.0,AkShare场内ETF
2015-12-25,1.588,1.588,1.5,1.581,22268,3474912.0,AkShare场内ETF
2015-12-28,1.581,1.59,1.572,1.575,5519,871609.0,AkShare场内ETF
2015-12-29,1.578,1.585,1.578,1.582,4217,666467.0,AkShare场内ETF
2015-12-30,1.6,1.612,1.599,1.607,12237,1964153.0,AkShare场内ETF
2015-12-31,1.605,1.617,1.593,1.617,7182,1152097.0,AkShare场内ETF
2016-01-04,1.617,1.617,1.584,1.593,12030,1923127.0,AkShare场内ETF
2016-01-05,1.585,1.585,1.556,1.57,36686,5747787.0,AkShare场内ETF
2016-01-06,1.568,1.593,1.557,1.578,26134,4090098.0,AkShare场内ETF
2016-01-07,1.564,1.564,1.558,1.56,1001,156274.0,AkShare场内ETF
2016-01-08,1.53,1.554,1.516,1.536,35515,5425279.0,AkShare场内ETF
2016-01-11,1.529,1.53,1.515,1.522,15380,2336787.0,AkShare场内ETF
2016-01-12,1.522,1.53,1.505,1.512,14085,2129185.0,AkShare场内ETF
2016-01-13,1.513,1.525,1.513,1.525,8878,1350768.0,AkShare场内ETF
2016-01-14,1.5,1.5,1.418,1.497,32467,4778550.0,AkShare场内ETF
2016-01-15,1.506,1.51,1.479,1.48,26221,3903006.0,AkShare场内ETF
2016-01-18,1.45,1.467,1.443,1.464,35063,5097517.0,AkShare场内ETF
2016-01-19,1.453,1.495,1.45,1.487,12536,1848011.0,AkShare场内ETF
2016-01-20,1.471,1.471,1.443,1.45,16458,2395654.0,AkShare场内ETF
2016-01-21,1.45,1.459,1.429,1.43,20298,2935698.0,AkShare场内ETF
2016-01-22,1.441,1.459,1.441,1.456,19666,2855292.0,AkShare场内ETF
2016-01-25,1.47,1.489,1.47,1.487,12059,1789881.0,AkShare场内ETF
2016-01-26,1.452,1.46,1.43,1.431,12740,1848687.0,AkShare场内ETF
2016-01-27,1.462,1.468,1.441,1.453,31242,4553742.0,AkShare场内ETF
2016-01-28,1.438,1.445,1.431,1.438,12592,1811652.0,AkShare场内ETF
2016-01-29,1.45,1.459,1.445,1.458,13867,2015872.0,AkShare场内ETF
2016-02-01,1.471,1.487,1.471,1.485,11636,1725397.0,AkShare场内ETF
2016-02-02,1.49,1.49,1.482,1.488,5966,887143.0,AkShare场内ETF
2016-02-03,1.456,1.465,1.451,1.458,18312,2664400.0,AkShare场内ETF
2016-02-04,1.457,1.466,1.457,1.466,11860,1733157.0,AkShare场内ETF
2016-02-05,1.461,1.5,1.456,1.481,31567,4630573.0,AkShare场内ETF
2016-02-15,1.438,1.479,1.43,1.459,14134,2060544.0,AkShare场内ETF
2016-02-16,1.461,1.47,1.458,1.464,19133,2798648.0,AkShare场内ETF
2016-02-17,1.471,1.479,1.444,1.453,22522,3281699.0,AkShare场内ETF
2016-02-18,1.467,1.47,1.456,1.457,19298,2816966.0,AkShare场内ETF
2016-02-19,1.453,1.453,1.439,1.446,12987,1872218.0,AkShare场内ETF
2016-02-22,1.446,1.456,1.446,1.451,11784,1709678.0,AkShare场内ETF
2016-02-23,1.46,1.46,1.456,1.458,8621,1256875.0,AkShare场内ETF
2016-02-24,1.442,1.446,1.442,1.443,6406,925050.0,AkShare场内ETF
2016-02-25,1.451,1.464,1.451,1.453,12981,1892064.0,AkShare场内ETF
2016-02-26,1.464,1.474,1.463,1.472,13488,1982624.0,AkShare场内ETF
2016-02-29,1.48,1.48,1.463,1.463,10249,1508740.0,AkShare场内ETF
2016-03-01,1.463,1.47,1.452,1.459,7703,1122342.0,AkShare场内ETF
2016-03-02,1.495,1.516,1.491,1.515,23707,3569754.0,AkShare场内ETF
2016-03-03,1.51,1.52,1.509,1.515,13467,2037028.0,AkShare场内ETF
2016-03-04,1.517,1.518,1.503,1.508,13476,2028764.0,AkShare场内ETF
2016-03-07,1.519,1.519,1.5,1.508,7702,1157083.0,AkShare场内ETF
2016-03-08,1.5,1.5,1.487,1.488,7551,1124665.0,AkShare场内ETF
2016-03-09,1.479,1.479,1.462,1.469,11622,1708491.0,AkShare场内ETF
2016-03-10,1.473,1.484,1.473,1.482,6812,1009020.0,AkShare场内ETF
2016-03-11,1.482,1.483,1.474,1.482,5888,871682.0,AkShare场内ETF
2016-03-14,1.508,1.508,1.501,1.505,8718,1311663.0,AkShare场内ETF
2016-03-15,1.505,1.506,1.5,1.505,5752,864615.0,AkShare场内ETF
2016-03-16,1.502,1.508,1.501,1.501,778233,117122508.0,AkShare场内ETF
2016-03-17,1.509,1.518,1.505,1.515,13132,1987163.0,AkShare场内ETF
2016-03-18,1.516,1.516,1.512,1.514,8355,1265414.0,AkShare场内ETF
2016-03-21,1.516,1.516,1.48,1.51,10633,1603420.0,AkShare场内ETF
2016-03-22,1.513,1.516,1.507,1.511,164493,24895131.0,AkShare场内ETF
2016-03-23,1.519,1.527,1.519,1.523,374393,57071173.0,AkShare场内ETF
2016-03-24,1.515,1.515,1.508,1.509,9917,1498875.0,AkShare场内ETF
2016-03-25,1.512,1.523,1.51,1.516,5429,821600.0,AkShare场内ETF
2016-03-28,1.516,1.522,1.513,1.522,13282,2014667.0,AkShare场内ETF
2016-03-29,1.515,1.523,1.514,1.515,11236,1706239.0,AkShare场内ETF
2016-03-30,1.529,1.538,1.529,1.533,6770,1038334.0,AkShare场内ETF
2016-03-31,1.534,1.539,1.534,1.535,5149,790540.0,AkShare场内ETF
2016-04-01,1.535,1.535,1.527,1.527,5816,889169.0,AkShare场内ETF
2016-04-05,1.531,1.538,1.528,1.536,19459,2982843.0,AkShare场内ETF
2016-04-06,1.533,1.538,1.523,1.536,18702,2867226.0,AkShare场内ETF
2016-04-07,1.552,1.562,1.552,1.553,12118,1888375.0,AkShare场内ETF
2016-04-08,1.552,1.552,1.53,1.536,11126,1707567.0,AkShare场内ETF
2016-04-11,1.536,1.54,1.53,1.533,6142,941559.0,AkShare场内ETF
2016-04-12,1.532,1.532,1.52,1.522,32411,4937000.0,AkShare场内ETF
2016-04-13,1.53,1.533,1.53,1.532,7032,1077151.0,AkShare场内ETF
2016-04-14,1.546,1.551,1.546,1.549,9895,1532139.0,AkShare场内ETF
2016-04-15,1.55,1.555,1.546,1.554,5488,850612.0,AkShare场内ETF
2016-04-18,1.553,1.554,1.549,1.55,4848,751508.0,AkShare场内ETF
2016-04-19,1.556,1.557,1.554,1.556,4561,709464.0,AkShare场内ETF
2016-04-20,1.555,1.555,1.54,1.546,10191,1574502.0,AkShare场内ETF
2016-04-21,1.546,1.551,1.542,1.551,8598,1331348.0,AkShare场内ETF
2016-04-22,1.557,1.563,1.542,1.547,8221,1270619.0,AkShare场内ETF
2016-04-25,1.533,1.534,1.526,1.534,12954,1981669.0,AkShare场内ETF
2016-04-26,1.534,1.534,1.53,1.533,3577,547945.0,AkShare场内ETF
2016-04-27,1.523,1.53,1.52,1.522,14103,2147402.0,AkShare场内ETF
2016-04-28,1.519,1.52,1.515,1.519,12107,1836937.0,AkShare场内ETF
2016-04-29,1.509,1.509,1.495,1.505,14595,2191536.0,AkShare场内ETF
2016-05-03,1.505,1.508,1.5,1.507,13271,1995016.0,AkShare场内ETF
2016-05-04,1.494,1.5,1.492,1.495,18375,2747291.0,AkShare场内ETF
2016-05-05,1.487,1.49,1.486,1.49,9257,1377586.0,AkShare场内ETF
2016-05-06,1.49,1.494,1.488,1.494,5945,886909.0,AkShare场内ETF
2016-05-09,1.494,1.503,1.494,1.503,9515,1426339.0,AkShare场内ETF
2016-05-10,1.503,1.505,1.5,1.503,8396,1261685.0,AkShare场内ETF
2016-05-11,1.515,1.524,1.515,1.524,11412,1734231.0,AkShare场内ETF
2016-05-12,1.509,1.511,1.506,1.51,6905,1041323.0,AkShare场内ETF
2016-05-13,1.509,1.509,1.498,1.498,7601,1140230.0,AkShare场内ETF
2016-05-16,1.498,1.5,1.494,1.499,4213,630461.0,AkShare场内ETF
2016-05-17,1.508,1.518,1.508,1.516,7267,1100784.0,AkShare场内ETF
2016-05-18,1.497,1.499,1.495,1.498,6753,1011197.0,AkShare场内ETF
2016-05-19,1.504,1.504,1.5,1.501,3329,500303.0,AkShare场内ETF
2016-05-20,1.498,1.502,1.498,1.502,3675,550913.0,AkShare场内ETF
2016-05-23,1.51,1.517,1.51,1.513,3934,595360.0,AkShare场内ETF
2016-05-24,1.513,1.514,1.51,1.513,2460,371983.0,AkShare场内ETF
2016-05-25,1.532,1.54,1.532,1.54,15487,2382036.0,AkShare场内ETF
2016-05-26,1.545,1.55,1.545,1.546,11560,1788903.0,AkShare场内ETF
2016-05-27,1.549,1.557,1.549,1.553,34329,5327091.0,AkShare场内ETF
2016-05-30,1.555,1.57,1.555,1.568,26517,4148017.0,AkShare场内ETF
2016-05-31,1.568,1.579,1.568,1.576,7158,1127598.0,AkShare场内ETF
2016-06-01,1.577,1.582,1.576,1.577,7217,1138848.0,AkShare场内ETF
2016-06-02,1.571,1.576,1.57,1.571,9238,1453308.0,AkShare场内ETF
2016-06-03,1.575,1.576,1.569,1.571,7205,1132053.0,AkShare场内ETF
2016-06-06,1.565,1.565,1.56,1.56,10679,1667918.0,AkShare场内ETF
2016-06-07,1.57,1.571,1.562,1.566,7630,1194289.0,AkShare场内ETF
2016-06-08,1.565,1.565,1.56,1.56,7914,1236007.0,AkShare场内ETF
2016-06-13,1.555,1.555,1.536,1.54,18178,2800094.0,AkShare场内ETF
2016-06-14,1.538,1.541,1.533,1.539,5503,845327.0,AkShare场内ETF
2016-06-15,1.539,1.55,1.536,1.55,6008,927418.0,AkShare场内ETF
2016-06-16,1.548,1.548,1.541,1.548,2752,425037.0,AkShare场内ETF
2016-06-17,1.548,1.554,1.546,1.55,5848,905572.0,AkShare场内ETF
2016-06-20,1.55,1.555,1.537,1.554,3768,583430.0,AkShare场内ETF
2016-06-21,1.556,1.561,1.538,1.546,15176,2344054.0,AkShare场内ETF
2016-06-22,1.548,1.548,1.541,1.541,2613,403484.0,AkShare场内ETF
2016-06-23,1.546,1.551,1.541,1.544,3385,522996.0,AkShare场内ETF
2016-06-24,1.554,1.559,1.5,1.53,28373,4342549.0,AkShare场内ETF
2016-06-27,1.509,1.53,1.492,1.525,21320,3204882.0,AkShare场内ETF
2016-06-28,1.511,1.523,1.495,1.522,18594,2815901.0,AkShare场内ETF
2016-06-29,1.53,1.534,1.521,1.525,32170,4904580.0,AkShare场内ETF
2016-06-30,1.534,1.538,1.532,1.537,20421,3134984.0,AkShare场内ETF
2016-07-01,1.545,1.554,1.545,1.55,34830,5400813.0,AkShare场内ETF
2016-07-04,1.552,1.56,1.548,1.557,23101,3588059.0,AkShare场内ETF
2016-07-05,1.556,1.556,1.551,1.555,3155,489974.0,AkShare场内ETF
2016-07-06,1.55,1.552,1.545,1.551,14228,2201685.0,AkShare场内ETF
2016-07-07,1.559,1.569,1.557,1.568,30666,4796713.0,AkShare场内ETF
2016-07-08,1.57,1.575,1.566,1.567,12656,1985754.0,AkShare场内ETF
2016-07-11,1.584,1.597,1.584,1.597,22360,3560183.0,AkShare场内ETF
2016-07-12,1.599,1.607,1.599,1.603,26558,4259354.0,AkShare场内ETF
2016-07-13,1.609,1.615,1.609,1.61,6684,1077618.0,AkShare场内ETF
2016-07-14,1.608,1.612,1.606,1.608,17120,2752032.0,AkShare场内ETF
2016-07-15,1.612,1.623,1.612,1.621,9078,1470878.0,AkShare场内ETF
2016-07-18,1.62,1.62,1.613,1.619,10027,1620675.0,AkShare场内ETF
2016-07-19,1.623,1.633,1.623,1.633,19643,3200063.0,AkShare场内ETF
2016-07-20,1.632,1.632,1.625,1.631,7922,1290235.0,AkShare场内ETF
2016-07-21,1.643,1.649,1.641,1.644,13918,2290063.0,AkShare场内ETF
2016-07-22,1.646,1.646,1.637,1.637,4156,681487.0,AkShare场内ETF
2016-07-25,1.642,1.655,1.641,1.643,5282,868566.0,AkShare场内ETF
2016-07-26,1.642,1.648,1.637,1.647,4856,798694.0,AkShare场内ETF
2016-07-27,1.648,1.651,1.645,1.649,7658,1261580.0,AkShare场内ETF
2016-07-28,1.651,1.656,1.651,1.656,5389,892027.0,AkShare场内ETF
2016-07-29,1.659,1.665,1.659,1.665,10556,1754066.0,AkShare场内ETF
2016-08-01,1.742,1.742,1.665,1.67,8502,1423337.0,AkShare场内ETF
2016-08-02,1.671,1.684,1.671,1.678,7009,1174009.0,AkShare场内ETF
2016-08-03,1.663,1.664,1.654,1.654,15101,2502615.0,AkShare场内ETF
2016-08-04,1.66,1.662,1.653,1.656,5362,888488.0,AkShare场内ETF
2016-08-05,1.66,1.669,1.66,1.668,9811,1633364.0,AkShare场内ETF
2016-08-08,1.678,1.729,1.678,1.688,6481,1092094.0,AkShare场内ETF
2016-08-09,1.685,1.695,1.681,1.695,6002,1013616.0,AkShare场内ETF
2016-08-10,1.704,1.707,1.692,1.7,15062,2553400.0,AkShare场内ETF
2016-08-11,1.7,1.7,1.688,1.693,8184,1384433.0,AkShare场内ETF
2016-08-12,1.697,1.706,1.694,1.702,15216,2585621.0,AkShare场内ETF
2016-08-15,1.701,1.702,1.69,1.698,7421,1261366.0,AkShare场内ETF
2016-08-16,1.708,1.713,1.699,1.702,4867,828085.0,AkShare场内ETF
2016-08-17,1.698,1.698,1.685,1.688,7073,1193459.0,AkShare场内ETF
2016-08-18,1.69,1.693,1.686,1.692,5052,853080.0,AkShare场内ETF
2016-08-19,1.692,1.692,1.688,1.691,4133,698288.0,AkShare场内ETF
2016-08-22,1.689,1.694,1.687,1.691,3252,549912.0,AkShare场内ETF
2016-08-23,1.694,1.703,1.694,1.703,2872,488219.0,AkShare场内ETF
2016-08-24,1.705,1.708,1.703,1.707,5294,902793.0,AkShare场内ETF
2016-08-25,1.698,1.698,1.686,1.695,8316,1406660.0,AkShare场内ETF
2016-08-26,1.695,1.699,1.695,1.699,4639,786926.0,AkShare场内ETF
2016-08-29,1.699,1.699,1.69,1.694,2577,436865.0,AkShare场内ETF
2016-08-30,1.698,1.704,1.698,1.703,4725,804359.0,AkShare场内ETF
2016-08-31,1.703,1.703,1.691,1.693,6585,1114747.0,AkShare场内ETF
2016-09-01,1.693,1.696,1.688,1.695,2566,434507.0,AkShare场内ETF
2016-09-02,1.694,1.695,1.691,1.694,1615,273338.0,AkShare场内ETF
2016-09-05,1.709,1.709,1.698,1.704,7880,1342274.0,AkShare场内ETF
2016-09-06,1.704,1.711,1.701,1.71,7666,1308507.0,AkShare场内ETF
2016-09-07,1.719,1.722,1.71,1.722,6806,1169497.0,AkShare场内ETF
2016-09-08,1.722,1.728,1.71,1.717,16002,2743079.0,AkShare场内ETF
2016-09-09,1.714,1.715,1.703,1.715,3943,673519.0,AkShare场内ETF
2016-09-12,1.68,1.685,1.651,1.661,20826,3458650.0,AkShare场内ETF
2016-09-13,1.686,1.695,1.682,1.685,9490,1600848.0,AkShare场内ETF
2016-09-14,1.667,1.674,1.663,1.672,7448,1243597.0,AkShare场内ETF
2016-09-19,1.686,1.712,1.686,1.712,8518,1449340.0,AkShare场内ETF
2016-09-20,1.709,1.709,1.697,1.701,5045,857383.0,AkShare场内ETF
2016-09-21,1.718,1.718,1.697,1.701,4455,756884.0,AkShare场内ETF
2016-09-22,1.712,1.73,1.712,1.728,8486,1463392.0,AkShare场内ETF
2016-09-23,1.735,1.775,1.735,1.773,9708,1706771.0,AkShare场内ETF
2016-09-26,1.736,1.76,1.72,1.745,15169,2629664.0,AkShare场内ETF
2016-09-27,1.727,1.738,1.716,1.722,18276,3155273.0,AkShare场内ETF
2016-09-28,1.74,1.743,1.72,1.724,18849,3252543.0,AkShare场内ETF
2016-09-29,1.726,1.728,1.723,1.724,12665,2184219.0,AkShare场内ETF
2016-09-30,1.72,1.72,1.706,1.707,15927,2720684.0,AkShare场内ETF
2016-10-10,1.714,1.723,1.714,1.721,9656,1659314.0,AkShare场内ETF
2016-10-11,1.73,1.745,1.729,1.743,23208,4031479.0,AkShare场内ETF
2016-10-12,1.72,1.749,1.718,1.74,11878,2061178.0,AkShare场内ETF
2016-10-13,1.74,1.743,1.72,1.735,18238,3152447.0,AkShare场内ETF
2016-10-14,1.732,1.736,1.722,1.734,4607,796939.0,AkShare场内ETF
2016-10-17,1.734,1.734,1.713,1.717,28791,4939080.0,AkShare场内ETF
2016-10-18,1.717,1.724,1.712,1.717,9547,1637263.0,AkShare场内ETF
2016-10-19,1.718,1.726,1.718,1.725,5096,878257.0,AkShare场内ETF
2016-10-20,1.725,1.733,1.723,1.733,10851,1875678.0,AkShare场内ETF
2016-10-21,1.731,1.731,1.725,1.728,8693,1502693.0,AkShare场内ETF
2016-10-24,1.729,1.739,1.729,1.739,9902,1719340.0,AkShare场内ETF
2016-10-25,1.754,1.763,1.753,1.762,11546,2031555.0,AkShare场内ETF
2016-10-26,1.759,1.759,1.747,1.751,11379,1991352.0,AkShare场内ETF
2016-10-27,1.749,1.749,1.735,1.738,9593,1667562.0,AkShare场内ETF
2016-10-28,1.738,1.738,1.73,1.737,3843,666882.0,AkShare场内ETF
2016-10-31,1.733,1.735,1.728,1.734,9455,1636608.0,AkShare场内ETF
2016-11-01,1.735,1.738,1.73,1.738,5621,974534.0,AkShare场内ETF
2016-11-02,1.725,1.725,1.712,1.719,15326,2631266.0,AkShare场内ETF
2016-11-03,1.71,1.71,1.698,1.702,20059,3416937.0,AkShare场内ETF
2016-11-04,1.683,1.706,1.679,1.706,23044,3893920.0,AkShare场内ETF
2016-11-07,1.709,1.728,1.709,1.727,10241,1762384.0,AkShare场内ETF
2016-11-08,1.738,1.75,1.721,1.723,22580,3905161.0,AkShare场内ETF
2016-11-09,1.727,1.731,1.63,1.674,54906,9280700.0,AkShare场内ETF
2016-11-10,1.719,1.739,1.712,1.732,58884,10170075.0,AkShare场内ETF
2016-11-11,1.723,1.723,1.706,1.709,22056,3773172.0,AkShare场内ETF
2016-11-14,1.713,1.72,1.713,1.719,13009,2233445.0,AkShare场内ETF
2016-11-15,1.718,1.718,1.695,1.703,16370,2794046.0,AkShare场内ETF
2016-11-16,1.718,1.733,1.718,1.733,18483,3195756.0,AkShare场内ETF
2016-11-17,1.734,1.742,1.733,1.739,92224,16043887.0,AkShare场内ETF
2016-11-18,1.749,1.76,1.747,1.759,235539,41278336.0,AkShare场内ETF
2016-11-21,1.753,1.76,1.751,1.752,256411,44996466.0,AkShare场内ETF
2016-11-22,1.769,1.78,1.769,1.778,53031,9429084.0,AkShare场内ETF
2016-11-23,1.78,1.782,1.776,1.779,105761,18824051.0,AkShare场内ETF
2016-11-24,1.78,1.782,1.771,1.782,38782,6884068.0,AkShare场内ETF
2016-11-25,1.782,1.849,1.773,1.8,30723,5585855.0,AkShare场内ETF
2016-11-28,1.8,1.824,1.792,1.814,10965,1990696.0,AkShare场内ETF
2016-11-29,1.808,1.808,1.78,1.797,26349,4722353.0,AkShare场内ETF
2016-11-30,1.797,1.797,1.783,1.79,19017,3401284.0,AkShare场内ETF
2016-12-01,1.783,1.783,1.758,1.768,29953,5286249.0,AkShare场内ETF
2016-12-02,1.745,1.755,1.744,1.755,14484,2533291.0,AkShare场内ETF
2016-12-05,1.755,1.756,1.73,1.753,21378,3720789.0,AkShare场内ETF
2016-12-06,1.785,1.785,1.761,1.769,24350,4313081.0,AkShare场内ETF
2016-12-07,1.775,1.784,1.759,1.767,61413,10870664.0,AkShare场内ETF
2016-12-08,1.784,1.81,1.774,1.801,45653,8162124.0,AkShare场内ETF
2016-12-09,1.804,1.804,1.78,1.784,45175,8107260.0,AkShare场内ETF
2016-12-12,1.79,1.815,1.79,1.794,78713,14159921.0,AkShare场内ETF
2016-12-13,1.793,1.796,1.782,1.794,99750,17844336.0,AkShare场内ETF
2016-12-14,1.822,1.822,1.807,1.808,37212,6737251.0,AkShare场内ETF
2016-12-15,1.8,1.815,1.793,1.81,35640,6415400.0,AkShare场内ETF
2016-12-16,1.818,1.828,1.817,1.818,25392,4625939.0,AkShare场内ETF
2016-12-19,1.817,1.818,1.81,1.813,56776,10303911.0,AkShare场内ETF
2016-12-20,1.814,1.822,1.813,1.816,28753,5224444.0,AkShare场内ETF
2016-12-21,1.821,1.846,1.821,1.846,147734,27027681.0,AkShare场内ETF
2016-12-22,1.834,1.846,1.828,1.838,1027182,189159589.0,AkShare场内ETF
2016-12-23,1.825,1.844,1.825,1.836,130604,24004702.0,AkShare场内ETF
2016-12-26,1.839,1.887,1.838,1.865,52118,9735886.0,AkShare场内ETF
2016-12-27,1.872,1.88,1.825,1.834,39268,7254098.0,AkShare场内ETF
2016-12-28,1.851,1.851,1.834,1.843,95178,17490164.0,AkShare场内ETF
2016-12-29,1.83,1.832,1.823,1.825,84534,15447422.0,AkShare场内ETF
2016-12-30,1.821,1.825,1.813,1.817,55492,10100661.0,AkShare场内ETF
2017-01-03,1.806,1.806,1.784,1.801,48522,8713022.0,AkShare场内ETF
2017-01-04,1.813,1.814,1.808,1.812,27057,4901184.0,AkShare场内ETF
2017-01-05,1.82,1.831,1.811,1.811,18924,3438999.0,AkShare场内ETF
2017-01-06,1.811,1.814,1.809,1.812,13235,2396898.0,AkShare场内ETF
2017-01-09,1.822,1.825,1.817,1.823,26148,4759966.0,AkShare场内ETF
2017-01-10,1.828,1.832,1.822,1.832,19837,3627216.0,AkShare场内ETF
2017-01-11,1.838,1.844,1.838,1.842,16600,3057784.0,AkShare场内ETF
2017-01-12,1.849,1.85,1.84,1.84,12497,2305919.0,AkShare场内ETF
2017-01-13,1.835,1.839,1.832,1.837,15260,2799051.0,AkShare场内ETF
2017-01-16,1.839,1.847,1.839,1.845,22291,4109495.0,AkShare场内ETF
2017-01-17,1.845,1.845,1.834,1.836,17238,3169381.0,AkShare场内ETF
2017-01-18,1.827,1.833,1.823,1.832,22889,4182459.0,AkShare场内ETF
2017-01-19,1.827,1.841,1.826,1.833,13056,2393210.0,AkShare场内ETF
2017-01-20,1.83,1.835,1.828,1.833,7697,1409408.0,AkShare场内ETF
2017-01-23,1.83,1.836,1.827,1.83,13876,2539000.0,AkShare场内ETF
2017-01-24,1.829,1.836,1.827,1.836,5808,1063802.0,AkShare场内ETF
2017-01-25,1.839,1.852,1.839,1.851,16948,3132277.0,AkShare场内ETF
2017-01-26,1.865,1.881,1.865,1.881,33295,6241888.0,AkShare场内ETF
2017-02-03,1.864,1.87,1.856,1.868,18852,3515013.0,AkShare场内ETF
2017-02-06,1.871,1.88,1.864,1.874,19986,3738904.0,AkShare场内ETF
2017-02-07,1.872,1.876,1.869,1.874,12535,2346471.0,AkShare场内ETF
2017-02-08,1.883,1.889,1.879,1.889,18429,3473989.0,AkShare场内ETF
2017-02-09,1.889,1.897,1.883,1.894,19493,3692507.0,AkShare场内ETF
2017-02-10,1.897,1.913,1.897,1.913,30777,5863140.0,AkShare场内ETF
2017-02-13,1.918,1.918,1.91,1.916,28709,5494623.0,AkShare场内ETF
2017-02-14,1.932,1.933,1.913,1.915,18750,3606183.0,AkShare场内ETF
2017-02-15,1.925,1.93,1.917,1.929,32412,6241262.0,AkShare场内ETF
2017-02-16,1.937,1.943,1.937,1.938,27264,5287710.0,AkShare场内ETF
2017-02-17,1.937,1.938,1.924,1.931,20204,3899333.0,AkShare场内ETF
2017-02-20,1.935,1.94,1.932,1.937,35836,6938783.0,AkShare场内ETF
2017-02-21,1.94,1.943,1.937,1.939,21261,4122890.0,AkShare场内ETF
2017-02-22,1.947,1.965,1.947,1.965,31501,6161421.0,AkShare场内ETF
2017-02-23,1.966,1.969,1.955,1.963,22026,4319007.0,AkShare场内ETF
2017-02-24,1.952,1.966,1.951,1.957,27442,5367793.0,AkShare场内ETF
2017-02-27,1.958,1.958,1.945,1.947,21613,4213727.0,AkShare场内ETF
2017-02-28,1.952,1.957,1.949,1.955,25841,5046491.0,AkShare场内ETF
2017-03-01,1.947,1.948,1.941,1.947,23828,4633385.0,AkShare场内ETF
2017-03-02,1.977,2.054,1.965,1.989,118538,23451360.0,AkShare场内ETF
2017-03-03,1.975,1.981,1.966,1.978,79626,15705342.0,AkShare场内ETF
2017-03-06,1.977,2.022,1.972,2.02,82580,16500352.0,AkShare场内ETF
2017-03-07,2.0,2.016,1.971,1.993,68384,13665871.0,AkShare场内ETF
2017-03-08,1.984,1.986,1.971,1.978,36771,7267591.0,AkShare场内ETF
2017-03-09,1.98,1.988,1.965,1.979,47733,9424124.0,AkShare场内ETF
2017-03-10,1.979,1.996,1.975,1.995,39397,7822566.0,AkShare场内ETF
2017-03-13,2.004,2.015,2.0,2.01,37611,7548086.0,AkShare场内ETF
2017-03-14,2.014,2.027,2.013,2.025,24835,5016013.0,AkShare场内ETF
2017-03-15,2.015,2.019,2.002,2.019,16787,3376971.0,AkShare场内ETF
2017-03-16,2.03,2.049,2.03,2.04,34525,7047141.0,AkShare场内ETF
2017-03-17,2.04,2.04,2.026,2.034,33780,6862948.0,AkShare场内ETF
2017-03-20,2.034,2.035,2.024,2.028,25199,5109712.0,AkShare场内ETF
2017-03-21,2.03,2.04,2.026,2.04,14667,2983199.0,AkShare场内ETF
2017-03-22,1.999,1.999,1.975,1.977,71536,14215531.0,AkShare场内ETF
2017-03-23,1.987,1.995,1.978,1.982,23317,4630402.0,AkShare场内ETF
2017-03-24,1.982,1.982,1.945,1.955,52603,10292726.0,AkShare场内ETF
2017-03-27,1.953,1.953,1.934,1.936,45497,8835952.0,AkShare场内ETF
2017-03-28,1.94,1.96,1.94,1.959,25572,4997039.0,AkShare场内ETF
2017-03-29,1.977,1.99,1.977,1.99,23404,4645448.0,AkShare场内ETF
2017-03-30,2.006,2.007,1.982,1.992,41201,8192957.0,AkShare场内ETF
2017-03-31,2.0,2.008,1.991,2.007,30012,6009840.0,AkShare场内ETF
2017-04-05,2.0,2.0,1.987,1.99,38723,7711554.0,AkShare场内ETF
2017-04-06,1.972,1.986,1.963,1.969,31790,6259509.0,AkShare场内ETF
2017-04-07,1.974,1.974,1.963,1.963,30376,5978726.0,AkShare场内ETF
2017-04-10,1.964,1.975,1.963,1.972,16613,3271461.0,AkShare场内ETF
2017-04-11,1.975,1.976,1.966,1.969,15793,3110727.0,AkShare场内ETF
2017-04-12,1.97,1.97,1.96,1.968,9653,1895545.0,AkShare场内ETF
2017-04-13,1.963,1.963,1.952,1.954,13548,2647448.0,AkShare场内ETF
2017-04-14,1.949,1.949,1.933,1.935,29991,5811119.0,AkShare场内ETF
2017-04-17,1.932,1.937,1.907,1.936,18377,3539329.0,AkShare场内ETF
2017-04-18,1.951,1.968,1.951,1.964,33585,6577888.0,AkShare场内ETF
2017-04-19,1.96,1.963,1.95,1.952,15260,2981430.0,AkShare场内ETF
2017-04-20,1.955,1.956,1.945,1.949,23682,4616994.0,AkShare场内ETF
2017-04-21,1.97,1.973,1.966,1.968,42215,8311300.0,AkShare场内ETF
2017-04-24,1.97,1.987,1.969,1.984,39804,7882278.0,AkShare场内ETF
2017-04-25,1.998,2.001,1.993,2.0,46691,9324239.0,AkShare场内ETF
2017-04-26,2.012,2.024,2.011,2.02,88099,17776305.0,AkShare场内ETF
2017-04-27,2.02,2.02,2.001,2.006,43521,8732222.0,AkShare场内ETF
2017-04-28,2.018,2.024,2.014,2.019,23971,4838356.0,AkShare场内ETF
2017-05-02,2.035,2.043,2.035,2.042,39624,8084564.0,AkShare场内ETF
2017-05-03,2.043,2.049,2.037,2.039,37550,7662927.0,AkShare场内ETF
2017-05-04,2.033,2.035,2.027,2.033,28688,5825511.0,AkShare场内ETF
2017-05-05,2.033,2.038,2.024,2.027,21090,4284700.0,AkShare场内ETF
2017-05-08,2.04,2.067,2.036,2.063,56647,11653309.0,AkShare场内ETF
2017-05-09,2.063,2.076,2.063,2.072,61842,12800485.0,AkShare场内ETF
2017-05-10,2.079,2.08,2.066,2.071,43074,8919641.0,AkShare场内ETF
2017-05-11,2.069,2.078,2.067,2.07,25625,5304643.0,AkShare场内ETF
2017-05-12,2.061,2.062,2.05,2.051,55429,11383422.0,AkShare场内ETF
2017-05-15,2.054,2.062,2.054,2.06,26828,5522520.0,AkShare场内ETF
2017-05-16,2.072,2.076,2.07,2.073,37528,7781628.0,AkShare场内ETF
2017-05-17,2.073,2.073,2.06,2.064,32352,6679546.0,AkShare场内ETF
2017-05-18,2.001,2.025,1.999,2.02,119910,24157194.0,AkShare场内ETF
2017-05-19,2.039,2.04,2.029,2.033,32609,6627712.0,AkShare场内ETF
2017-05-22,2.042,2.05,2.039,2.05,51928,10605792.0,AkShare场内ETF
2017-05-23,2.062,2.071,2.062,2.07,34554,7143132.0,AkShare场内ETF
2017-05-24,2.071,2.072,2.062,2.069,31988,6614057.0,AkShare场内ETF
2017-05-25,2.074,2.082,2.073,2.082,23659,4917731.0,AkShare场内ETF
2017-05-26,2.089,2.109,2.089,2.108,49411,10395310.0,AkShare场内ETF
2017-05-31,2.108,2.109,2.099,2.107,24989,5264156.0,AkShare场内ETF
2017-06-01,2.1,2.1,2.078,2.087,49678,10363612.0,AkShare场内ETF
2017-06-02,2.105,2.128,2.104,2.117,44047,9317803.0,AkShare场内ETF
2017-06-05,2.14,2.148,2.134,2.135,33729,7214421.0,AkShare场内ETF
2017-06-06,2.121,2.125,2.114,2.123,34203,7248940.0,AkShare场内ETF
2017-06-07,2.117,2.117,2.105,2.112,59096,12463159.0,AkShare场内ETF
2017-06-08,2.122,2.122,2.114,2.119,23114,4896613.0,AkShare场内ETF
2017-06-09,2.128,2.128,2.116,2.123,40951,8694587.0,AkShare场内ETF
2017-06-12,2.076,2.1,2.067,2.097,73056,15244882.0,AkShare场内ETF
2017-06-13,2.08,2.087,2.067,2.079,63541,13171458.0,AkShare场内ETF
2017-06-14,2.093,2.094,2.074,2.078,40566,8450365.0,AkShare场内ETF
2017-06-15,2.068,2.068,2.04,2.044,73502,15055874.0,AkShare场内ETF
2017-06-16,2.032,2.055,2.03,2.052,29183,5971484.0,AkShare场内ETF
2017-06-19,2.049,2.051,2.036,2.051,26265,5365244.0,AkShare场内ETF
2017-06-20,2.079,2.08,2.069,2.079,45289,9391656.0,AkShare场内ETF
2017-06-21,2.054,2.058,2.048,2.054,40666,8344385.0,AkShare场内ETF
2017-06-22,2.058,2.076,2.058,2.072,47462,9824769.0,AkShare场内ETF
2017-06-23,2.072,2.073,2.068,2.072,21859,4526977.0,AkShare场内ETF
2017-06-26,2.078,2.085,2.078,2.084,34642,7211502.0,AkShare场内ETF
2017-06-27,2.078,2.079,2.069,2.073,38467,7969793.0,AkShare场内ETF
2017-06-28,2.035,2.039,2.03,2.034,107352,21819239.0,AkShare场内ETF
2017-06-29,2.059,2.062,2.034,2.049,76489,15687424.0,AkShare场内ETF
2017-06-30,2.016,2.018,2.007,2.013,87177,17528745.0,AkShare场内ETF
2017-07-03,2.012,2.017,2.006,2.017,83519,16785634.0,AkShare场内ETF
2017-07-04,2.001,2.001,1.991,1.993,56156,11195594.0,AkShare场内ETF
2017-07-05,1.993,2.0,1.992,2.0,27452,5479952.0,AkShare场内ETF
2017-07-06,2.01,2.016,2.007,2.013,30702,6174163.0,AkShare场内ETF
2017-07-07,1.992,2.004,1.992,1.998,33500,6693086.0,AkShare场内ETF
2017-07-10,2.013,2.024,2.011,2.021,36146,7301621.0,AkShare场内ETF
2017-07-11,2.026,2.035,2.023,2.026,33078,6707158.0,AkShare场内ETF
2017-07-12,2.03,2.034,2.027,2.032,34221,6949428.0,AkShare场内ETF
2017-07-13,2.059,2.061,2.056,2.06,42001,8649481.0,AkShare场内ETF
2017-07-14,2.062,2.065,2.056,2.056,32057,6603270.0,AkShare场内ETF
2017-07-17,2.069,2.077,2.067,2.07,48947,10142961.0,AkShare场内ETF
2017-07-18,2.063,2.074,2.062,2.073,46182,9565728.0,AkShare场内ETF
2017-07-19,2.082,2.092,2.082,2.089,41249,8615938.0,AkShare场内ETF
2017-07-20,2.1,2.103,2.094,2.098,31818,6677507.0,AkShare场内ETF
2017-07-21,2.095,2.098,2.092,2.095,28762,6022848.0,AkShare场内ETF
2017-07-24,2.094,2.094,2.086,2.094,23218,4855123.0,AkShare场内ETF
2017-07-25,2.096,2.1,2.096,2.098,19353,4061278.0,AkShare场内ETF
2017-07-26,2.096,2.1,2.095,2.098,26390,5533569.0,AkShare场内ETF
2017-07-27,2.105,2.116,2.102,2.116,25584,5391159.0,AkShare场内ETF
2017-07-28,2.091,2.091,2.077,2.079,42334,8823859.0,AkShare场内ETF
2017-07-31,2.081,2.082,2.074,2.077,40189,8347762.0,AkShare场内ETF
2017-08-01,2.072,2.081,2.06,2.081,48034,9949874.0,AkShare场内ETF
2017-08-02,2.088,2.098,2.085,2.098,29762,6225965.0,AkShare场内ETF
2017-08-03,2.094,2.094,2.081,2.083,20732,4320852.0,AkShare场内ETF
2017-08-04,2.079,2.079,2.072,2.075,22995,4768532.0,AkShare场内ETF
2017-08-07,2.077,2.088,2.077,2.087,21718,4524659.0,AkShare场内ETF
2017-08-08,2.096,2.1,2.087,2.092,29511,6174767.0,AkShare场内ETF
2017-08-09,2.077,2.084,2.074,2.075,16151,3354541.0,AkShare场内ETF
2017-08-10,2.072,2.073,2.064,2.066,25083,5183716.0,AkShare场内ETF
2017-08-11,2.03,2.034,2.02,2.031,36471,7393535.0,AkShare场内ETF
2017-08-14,2.04,2.053,2.04,2.044,25737,5268334.0,AkShare场内ETF
2017-08-15,2.069,2.076,2.068,2.075,28010,5804968.0,AkShare场内ETF
2017-08-16,2.07,2.074,2.062,2.063,31972,6605617.0,AkShare场内ETF
2017-08-17,2.069,2.069,2.06,2.062,25808,5322506.0,AkShare场内ETF
2017-08-18,2.022,2.044,2.022,2.044,20939,4258799.0,AkShare场内ETF
2017-08-21,2.041,2.046,2.033,2.04,8493,1731559.0,AkShare场内ETF
2017-08-22,2.038,2.054,2.033,2.053,15963,3257714.0,AkShare场内ETF
2017-08-23,2.069,2.072,2.061,2.062,13496,2786787.0,AkShare场内ETF
2017-08-24,2.06,2.06,2.044,2.045,11161,2287065.0,AkShare场内ETF
2017-08-25,2.046,2.055,2.038,2.05,16454,3364745.0,AkShare场内ETF
2017-08-28,2.049,2.049,2.035,2.039,26201,5339911.0,AkShare场内ETF
2017-08-29,2.037,2.04,2.022,2.03,17152,3483788.0,AkShare场内ETF
2017-08-30,2.039,2.042,2.035,2.038,16033,3266025.0,AkShare场内ETF
2017-08-31,2.057,2.059,2.052,2.056,25647,5272482.0,AkShare场内ETF
2017-09-01,2.068,2.07,2.065,2.069,24569,5080564.0,AkShare场内ETF
2017-09-04,2.059,2.067,2.055,2.056,18576,3823331.0,AkShare场内ETF
2017-09-05,2.056,2.058,2.054,2.055,6399,1315080.0,AkShare场内ETF
2017-09-06,2.042,2.042,2.036,2.041,13282,2706950.0,AkShare场内ETF
2017-09-07,2.041,2.044,2.035,2.036,12611,2569661.0,AkShare场内ETF
2017-09-08,2.038,2.048,2.038,2.039,10937,2232150.0,AkShare场内ETF
2017-09-11,2.035,2.037,2.025,2.036,15235,3094761.0,AkShare场内ETF
2017-09-12,2.048,2.06,2.043,2.048,27870,5710236.0,AkShare场内ETF
2017-09-13,2.052,2.052,2.045,2.048,18343,3755918.0,AkShare场内ETF
2017-09-14,2.05,2.059,2.047,2.059,27106,5564925.0,AkShare场内ETF
2017-09-15,2.05,2.052,2.044,2.05,15894,3254253.0,AkShare场内ETF
2017-09-18,2.051,2.058,2.051,2.058,18209,3742952.0,AkShare场内ETF
2017-09-19,2.053,2.058,2.052,2.058,10361,2128888.0,AkShare场内ETF
2017-09-20,2.059,2.061,2.058,2.06,10820,2227833.0,AkShare场内ETF
2017-09-21,2.059,2.06,2.055,2.058,9224,1897447.0,AkShare场内ETF
2017-09-22,2.058,2.058,2.049,2.051,12478,2562077.0,AkShare场内ETF
2017-09-25,2.055,2.055,2.048,2.048,8880,1819653.0,AkShare场内ETF
2017-09-26,2.038,2.038,2.028,2.033,31881,6475806.0,AkShare场内ETF
2017-09-27,2.038,2.044,2.036,2.044,18692,3814856.0,AkShare场内ETF
2017-09-28,2.057,2.063,2.056,2.062,19549,4028789.0,AkShare场内ETF
2017-09-29,2.064,2.071,2.062,2.07,26261,5430104.0,AkShare场内ETF
2017-10-09,2.104,2.109,2.08,2.093,42706,8986872.0,AkShare场内ETF
2017-10-10,2.096,2.101,2.092,2.092,15393,3229580.0,AkShare场内ETF
2017-10-11,2.094,2.104,2.094,2.101,10570,2220489.0,AkShare场内ETF
2017-10-12,2.103,2.105,2.099,2.104,18490,3886465.0,AkShare场内ETF
2017-10-13,2.103,2.103,2.098,2.102,17371,3651330.0,AkShare场内ETF
2017-10-16,2.106,2.112,2.102,2.112,13327,2811398.0,AkShare场内ETF
2017-10-17,2.12,2.122,2.113,2.122,8854,1876315.0,AkShare场内ETF
2017-10-18,2.123,2.128,2.118,2.119,18334,3891029.0,AkShare场内ETF
2017-10-19,2.126,2.126,2.12,2.123,11756,2496559.0,AkShare场内ETF
2017-10-20,2.115,2.124,2.106,2.123,37659,7976234.0,AkShare场内ETF
2017-10-23,2.125,2.129,2.123,2.128,10441,2219966.0,AkShare场内ETF
2017-10-24,2.123,2.123,2.112,2.119,10765,2279511.0,AkShare场内ETF
2017-10-25,2.118,2.124,2.115,2.123,12009,2547170.0,AkShare场内ETF
2017-10-26,2.123,2.123,2.111,2.113,14114,2982312.0,AkShare场内ETF
2017-10-27,2.113,2.128,2.113,2.125,40553,8604873.0,AkShare场内ETF
2017-10-30,2.162,2.17,2.162,2.168,22613,4900017.0,AkShare场内ETF
2017-10-31,2.168,2.176,2.168,2.172,12750,2769531.0,AkShare场内ETF
2017-11-01,2.178,2.198,2.177,2.183,18852,4111424.0,AkShare场内ETF
2017-11-02,2.185,2.185,2.172,2.176,9292,2022065.0,AkShare场内ETF
2017-11-03,2.176,2.182,2.17,2.179,16709,3634863.0,AkShare场内ETF
2017-11-06,2.186,2.193,2.179,2.186,16034,3502734.0,AkShare场内ETF
2017-11-07,2.193,2.196,2.19,2.191,17961,3939374.0,AkShare场内ETF
2017-11-08,2.189,2.196,2.182,2.195,26850,5882240.0,AkShare场内ETF
2017-11-09,2.207,2.207,2.192,2.202,11568,2545526.0,AkShare场内ETF
2017-11-10,2.193,2.197,2.193,2.196,13736,3014984.0,AkShare场内ETF
2017-11-13,2.194,2.197,2.186,2.197,55850,12229639.0,AkShare场内ETF
2017-11-14,2.196,2.2,2.196,2.2,11653,2562113.0,AkShare场内ETF
2017-11-15,2.197,2.197,2.184,2.185,18154,3972908.0,AkShare场内ETF
2017-11-16,2.18,2.18,2.171,2.177,19495,4242302.0,AkShare场内ETF
2017-11-17,2.197,2.206,2.197,2.203,20557,4529969.0,AkShare场内ETF
2017-11-20,2.2,2.2,2.191,2.194,10769,2363948.0,AkShare场内ETF
2017-11-21,2.197,2.2,2.194,2.198,14455,3176571.0,AkShare场内ETF
2017-11-22,2.211,2.222,2.211,2.215,22052,4892716.0,AkShare场内ETF
2017-11-23,2.218,2.218,2.207,2.208,18382,4062476.0,AkShare场内ETF
2017-11-24,2.211,2.214,2.203,2.208,17423,3842837.0,AkShare场内ETF
2017-11-27,2.21,2.219,2.21,2.219,22343,4950302.0,AkShare场内ETF
2017-11-28,2.218,2.224,2.217,2.224,14165,3146399.0,AkShare场内ETF
2017-11-29,2.229,2.247,2.229,2.246,43534,9736253.0,AkShare场内ETF
2017-11-30,2.218,2.218,2.206,2.214,27184,6014940.0,AkShare场内ETF
2017-12-01,2.232,2.243,2.228,2.241,18462,4131523.0,AkShare场内ETF
2017-12-04,2.241,2.289,2.235,2.262,48493,10950434.0,AkShare场内ETF
2017-12-05,2.229,2.229,2.195,2.2,48015,10608990.0,AkShare场内ETF
2017-12-06,2.194,2.208,2.169,2.175,47896,10425308.0,AkShare场内ETF
2017-12-07,2.189,2.194,2.179,2.19,17639,3863973.0,AkShare场内ETF
2017-12-08,2.2,2.21,2.2,2.21,30727,6775583.0,AkShare场内ETF
2017-12-11,2.211,2.22,2.21,2.22,21353,4726131.0,AkShare场内ETF
2017-12-12,2.229,2.235,2.227,2.235,23426,5229578.0,AkShare场内ETF
2017-12-13,2.231,2.238,2.228,2.237,14217,3175739.0,AkShare场内ETF
2017-12-14,2.24,2.245,2.235,2.243,18770,4207338.0,AkShare场内ETF
2017-12-15,2.231,2.242,2.227,2.232,10010,2233305.0,AkShare场内ETF
2017-12-18,2.257,2.266,2.253,2.266,20126,4548779.0,AkShare场内ETF
2017-12-19,2.289,2.295,2.27,2.28,23626,5387485.0,AkShare场内ETF
2017-12-20,2.27,2.277,2.265,2.276,18383,4168332.0,AkShare场内ETF
2017-12-21,2.273,2.275,2.26,2.262,25032,5669498.0,AkShare场内ETF
2017-12-22,2.262,2.27,2.26,2.269,9096,2058704.0,AkShare场内ETF
2017-12-25,2.265,2.268,2.252,2.262,17162,3879792.0,AkShare场内ETF
2017-12-26,2.261,2.264,2.253,2.261,18478,4173059.0,AkShare场内ETF
2017-12-27,2.256,2.256,2.229,2.234,28906,6473126.0,AkShare场内ETF
2017-12-28,2.234,2.239,2.221,2.227,28880,6430790.0,AkShare场内ETF
2017-12-29,2.228,2.231,2.222,2.229,18514,4123673.0,AkShare场内ETF
2018-01-02,2.219,2.219,2.206,2.218,32037,7093731.0,AkShare场内ETF
2018-01-03,2.243,2.251,2.24,2.248,35036,7863530.0,AkShare场内ETF
2018-01-04,2.26,2.264,2.248,2.256,31518,7107021.0,AkShare场内ETF
2018-01-05,2.256,2.257,2.248,2.25,31803,7162616.0,AkShare场内ETF
2018-01-08,2.263,2.269,2.259,2.268,42486,9610597.0,AkShare场内ETF
2018-01-09,2.27,2.275,2.266,2.274,35115,7977034.0,AkShare场内ETF
2018-01-10,2.273,2.287,2.271,2.285,41158,9378827.0,AkShare场内ETF
2018-01-11,2.279,2.289,2.275,2.283,43689,9967423.0,AkShare场内ETF
2018-01-12,2.295,2.317,2.291,2.312,41553,9563087.0,AkShare场内ETF
2018-01-15,2.311,2.319,2.305,2.309,27016,6242462.0,AkShare场内ETF
2018-01-16,2.311,2.311,2.3,2.306,24160,5565465.0,AkShare场内ETF
2018-01-17,2.296,2.296,2.284,2.293,31040,7105117.0,AkShare场内ETF
2018-01-18,2.309,2.316,2.308,2.313,29653,6859781.0,AkShare场内ETF
2018-01-19,2.309,2.314,2.305,2.31,25994,5999014.0,AkShare场内ETF
2018-01-22,2.318,2.318,2.3,2.3,28193,6495969.0,AkShare场内ETF
2018-01-23,2.317,2.328,2.316,2.326,38737,8991010.0,AkShare场内ETF
2018-01-24,2.33,2.344,2.33,2.344,47158,11023323.0,AkShare场内ETF
2018-01-25,2.328,2.328,2.32,2.324,20156,4681552.0,AkShare场内ETF
2018-01-26,2.324,2.324,2.314,2.32,32263,7482064.0,AkShare场内ETF
2018-01-29,2.341,2.345,2.34,2.344,28895,6766962.0,AkShare场内ETF
2018-01-30,2.333,2.333,2.318,2.32,30821,7164461.0,AkShare场内ETF
2018-01-31,2.303,2.309,2.293,2.309,26970,6212475.0,AkShare场内ETF
2018-02-01,2.311,2.32,2.304,2.305,26033,6018640.0,AkShare场内ETF
2018-02-02,2.293,2.3,2.29,2.294,41840,9595170.0,AkShare场内ETF
2018-02-05,2.245,2.245,2.201,2.227,71255,15846142.0,AkShare场内ETF
2018-02-06,2.09,2.126,2.09,2.095,120700,25377299.0,AkShare场内ETF
2018-02-07,2.16,2.19,2.158,2.164,88650,19272738.0,AkShare场内ETF
2018-02-08,2.16,2.174,2.142,2.169,23140,5002576.0,AkShare场内ETF
2018-02-09,2.079,2.095,2.058,2.092,111140,23154357.0,AkShare场内ETF
2018-02-12,2.114,2.132,2.103,2.131,46360,9810794.0,AkShare场内ETF
2018-02-13,2.161,2.172,2.155,2.164,24185,5230367.0,AkShare场内ETF
2018-02-14,2.177,2.193,2.174,2.193,16909,3693896.0,AkShare场内ETF
2018-02-22,2.231,2.236,2.223,2.232,34219,7630247.0,AkShare场内ETF
2018-02-23,2.243,2.257,2.236,2.249,45020,10120874.0,AkShare场内ETF
2018-02-26,2.282,2.298,2.282,2.292,26799,6143799.0,AkShare场内ETF
2018-02-27,2.323,2.325,2.317,2.32,23350,5417973.0,AkShare场内ETF
2018-02-28,2.283,2.289,2.279,2.286,38639,8818159.0,AkShare场内ETF
2018-03-01,2.281,2.288,2.266,2.288,27911,6361562.0,AkShare场内ETF
2018-03-02,2.263,2.263,2.248,2.253,31590,7112372.0,AkShare场内ETF
2018-03-05,2.271,2.273,2.263,2.268,16344,3707801.0,AkShare场内ETF
2018-03-06,2.298,2.299,2.292,2.298,12330,2830498.0,AkShare场内ETF
2018-03-07,2.295,2.295,2.281,2.284,17087,3908335.0,AkShare场内ETF
2018-03-08,2.297,2.304,2.297,2.302,13232,3043616.0,AkShare场内ETF
2018-03-09,2.311,2.321,2.311,2.319,15341,3556566.0,AkShare场内ETF
2018-03-12,2.37,2.38,2.361,2.368,33523,7931256.0,AkShare场内ETF
2018-03-13,2.369,2.373,2.363,2.368,25493,6033214.0,AkShare场内ETF
2018-03-14,2.34,2.342,2.333,2.338,10244,2392670.0,AkShare场内ETF
2018-03-15,2.332,2.346,2.322,2.337,19606,4582972.0,AkShare场内ETF
2018-03-16,2.338,2.341,2.334,2.338,13193,3083192.0,AkShare场内ETF
2018-03-19,2.338,2.34,2.333,2.333,9872,2306253.0,AkShare场内ETF
2018-03-20,2.296,2.296,2.282,2.293,24866,5692903.0,AkShare场内ETF
2018-03-21,2.293,2.307,2.293,2.294,8427,1933996.0,AkShare场内ETF
2018-03-22,2.294,2.294,2.287,2.288,8743,2002522.0,AkShare场内ETF
2018-03-23,2.218,2.218,2.198,2.204,47864,10561585.0,AkShare场内ETF
2018-03-26,2.162,2.2,2.162,2.187,35862,7799212.0,AkShare场内ETF
2018-03-27,2.238,2.277,2.231,2.27,30738,6918950.0,AkShare场内ETF
2018-03-28,2.191,2.2,2.175,2.185,39500,8650640.0,AkShare场内ETF
2018-03-29,2.176,2.187,2.16,2.186,28755,6237978.0,AkShare场内ETF
2018-03-30,2.195,2.207,2.186,2.194,18628,4087402.0,AkShare场内ETF
2018-04-02,2.189,2.189,2.172,2.177,16598,3619382.0,AkShare场内ETF
2018-04-03,2.133,2.133,2.119,2.126,38881,8257613.0,AkShare场内ETF
2018-04-04,2.133,2.137,2.13,2.13,19066,4066468.0,AkShare场内ETF
2018-04-09,2.132,2.145,2.131,2.143,33596,7187951.0,AkShare场内ETF
2018-04-10,2.156,2.187,2.153,2.186,42037,9113555.0,AkShare场内ETF
2018-04-11,2.199,2.21,2.183,2.185,24388,5346321.0,AkShare场内ETF
2018-04-12,2.182,2.183,2.175,2.181,21301,4641067.0,AkShare场内ETF
2018-04-13,2.195,2.203,2.194,2.203,19184,4216635.0,AkShare场内ETF
2018-04-16,2.195,2.195,2.185,2.189,20506,4487786.0,AkShare场内ETF
2018-04-17,2.197,2.209,2.197,2.208,19619,4324809.0,AkShare场内ETF
2018-04-18,2.262,2.262,2.242,2.247,34514,7761097.0,AkShare场内ETF
2018-04-19,2.249,2.253,2.249,2.249,20628,4644107.0,AkShare场内ETF
2018-04-20,2.237,2.245,2.23,2.236,13366,2987056.0,AkShare场内ETF
2018-04-23,2.209,2.228,2.198,2.202,28087,6193016.0,AkShare场内ETF
2018-04-24,2.194,2.215,2.185,2.215,35000,7709492.0,AkShare场内ETF
2018-04-25,2.167,2.173,2.166,2.171,31467,6824957.0,AkShare场内ETF
2018-04-26,2.174,2.178,2.167,2.171,24438,5306277.0,AkShare场内ETF
2018-04-27,2.201,2.235,2.201,2.233,51280,11375584.0,AkShare场内ETF
2018-05-02,2.235,2.235,2.217,2.231,15536,3462095.0,AkShare场内ETF
2018-05-03,2.219,2.225,2.211,2.221,21124,4688944.0,AkShare场内ETF
2018-05-04,2.219,2.228,2.216,2.228,13553,3014106.0,AkShare场内ETF
2018-05-07,2.27,2.273,2.262,2.27,38303,8687698.0,AkShare场内ETF
2018-05-08,2.277,2.285,2.273,2.274,32720,7453549.0,AkShare场内ETF
2018-05-09,2.274,2.279,2.271,2.272,14624,3323916.0,AkShare场内ETF
2018-05-10,2.305,2.306,2.298,2.304,18170,4182904.0,AkShare场内ETF
2018-05-11,2.325,2.33,2.316,2.317,22150,5139640.0,AkShare场内ETF
2018-05-14,2.317,2.32,2.309,2.315,22626,5233606.0,AkShare场内ETF
2018-05-15,2.315,2.315,2.302,2.311,54594,12595976.0,AkShare场内ETF
2018-05-16,2.292,2.308,2.285,2.289,16651,3812375.0,AkShare场内ETF
2018-05-17,2.303,2.312,2.303,2.309,21463,4953652.0,AkShare场内ETF
2018-05-18,2.304,2.31,2.304,2.308,9786,2258587.0,AkShare场内ETF
2018-05-21,2.31,2.327,2.308,2.324,30842,7159345.0,AkShare场内ETF
2018-05-22,2.323,2.323,2.308,2.316,17603,4078153.0,AkShare场内ETF
2018-05-23,2.312,2.312,2.297,2.298,15430,3549912.0,AkShare场内ETF
2018-05-24,2.336,2.336,2.312,2.323,18959,4395971.0,AkShare场内ETF
2018-05-25,2.323,2.328,2.322,2.327,17082,3971382.0,AkShare场内ETF
2018-05-28,2.327,2.34,2.325,2.337,11109,2592082.0,AkShare场内ETF
2018-05-29,2.337,2.342,2.327,2.335,15691,3668454.0,AkShare场内ETF
2018-05-30,2.32,2.324,2.312,2.319,21209,4917897.0,AkShare场内ETF
2018-05-31,2.335,2.35,2.335,2.35,16353,3837236.0,AkShare场内ETF
2018-06-01,2.345,2.348,2.333,2.341,19364,4526530.0,AkShare场内ETF
2018-06-04,2.375,2.384,2.375,2.384,31690,7545583.0,AkShare场内ETF
2018-06-05,2.394,2.415,2.391,2.414,53943,12991675.0,AkShare场内ETF
2018-06-06,2.415,2.429,2.415,2.42,27496,6651052.0,AkShare场内ETF
2018-06-07,2.433,2.441,2.433,2.439,40072,9769358.0,AkShare场内ETF
2018-06-08,2.422,2.423,2.404,2.405,31906,7690247.0,AkShare场内ETF
2018-06-11,2.405,2.44,2.405,2.431,27596,6702166.0,AkShare场内ETF
2018-06-12,2.437,2.438,2.421,2.438,24655,5990719.0,AkShare场内ETF
2018-06-13,2.449,2.466,2.449,2.451,22465,5527051.0,AkShare场内ETF
2018-06-14,2.443,2.443,2.43,2.436,31414,7646994.0,AkShare场内ETF
2018-06-15,2.452,2.476,2.452,2.472,33100,8157968.0,AkShare场内ETF
2018-06-19,2.472,2.472,2.435,2.442,48496,11895225.0,AkShare场内ETF
2018-06-20,2.44,2.47,2.44,2.458,43772,10711242.0,AkShare场内ETF
2018-06-21,2.475,2.513,2.475,2.505,69013,17255276.0,AkShare场内ETF
2018-06-22,2.464,2.493,2.464,2.488,77777,19237447.0,AkShare场内ETF
2018-06-25,2.47,2.486,2.462,2.471,59133,14623987.0,AkShare场内ETF
2018-06-26,2.42,2.442,2.41,2.431,88929,21537862.0,AkShare场内ETF
2018-06-27,2.449,2.449,2.412,2.413,82988,20160924.0,AkShare场内ETF
2018-06-28,2.388,2.397,2.385,2.396,54017,12920898.0,AkShare场内ETF
2018-06-29,2.427,2.449,2.422,2.449,57900,14120565.0,AkShare场内ETF
2018-07-02,2.448,2.448,2.434,2.437,37927,9264634.0,AkShare场内ETF
2018-07-03,2.465,2.506,2.465,2.503,80276,20008209.0,AkShare场内ETF
2018-07-04,2.471,2.48,2.451,2.459,60765,14976771.0,AkShare场内ETF
2018-07-05,2.451,2.463,2.445,2.46,28144,6915359.0,AkShare场内ETF
2018-07-06,2.492,2.5,2.48,2.497,49742,12392082.0,AkShare场内ETF
2018-07-09,2.539,2.574,2.527,2.574,83228,21263686.0,AkShare场内ETF
2018-07-10,2.592,2.62,2.57,2.604,63324,16432242.0,AkShare场内ETF
2018-07-11,2.57,2.585,2.539,2.554,146300,37442230.0,AkShare场内ETF
2018-07-12,2.559,2.578,2.55,2.578,114524,29396726.0,AkShare场内ETF
2018-07-13,2.6,2.616,2.591,2.603,117473,30585529.0,AkShare场内ETF
2018-07-16,2.6,2.6,2.58,2.584,54178,14034811.0,AkShare场内ETF
2018-07-17,2.577,2.578,2.555,2.559,120868,30959309.0,AkShare场内ETF
2018-07-18,2.594,2.597,2.584,2.595,85737,22215169.0,AkShare场内ETF
2018-07-19,2.596,2.608,2.59,2.607,59514,15474539.0,AkShare场内ETF
2018-07-20,2.598,2.614,2.596,2.61,71153,18548598.0,AkShare场内ETF
2018-07-23,2.596,2.604,2.594,2.602,57004,14809373.0,AkShare场内ETF
2018-07-24,2.622,2.642,2.622,2.641,83072,21886736.0,AkShare场内ETF
2018-07-25,2.633,2.651,2.626,2.65,97365,25719657.0,AkShare场内ETF
2018-07-26,2.666,2.666,2.651,2.656,119182,31696990.0,AkShare场内ETF
2018-07-27,2.651,2.691,2.646,2.658,148067,39520963.0,AkShare场内ETF
2018-07-30,2.613,2.648,2.609,2.646,87830,23086090.0,AkShare场内ETF
2018-07-31,2.61,2.615,2.572,2.584,188344,48752976.0,AkShare场内ETF
2018-08-01,2.603,2.618,2.593,2.617,116109,30228949.0,AkShare场内ETF
2018-08-02,2.618,2.636,2.615,2.623,115472,30336054.0,AkShare场内ETF
2018-08-03,2.657,2.708,2.653,2.702,169392,45335876.0,AkShare场内ETF
2018-08-06,2.691,2.773,2.683,2.768,294377,80220538.0,AkShare场内ETF
2018-08-07,2.764,2.819,2.741,2.754,361860,100692349.0,AkShare场内ETF
2018-08-08,2.758,2.758,2.692,2.71,300659,81581111.0,AkShare场内ETF
2018-08-09,2.7,2.7,2.659,2.673,435574,116557303.0,AkShare场内ETF
2018-08-10,2.663,2.68,2.653,2.667,247033,65815319.0,AkShare场内ETF
2018-08-13,2.649,2.673,2.635,2.66,259113,68950216.0,AkShare场内ETF
2018-08-14,2.668,2.682,2.663,2.679,146671,39207309.0,AkShare场内ETF
2018-08-15,2.698,2.72,2.694,2.71,263227,71270326.0,AkShare场内ETF
2018-08-16,2.666,2.685,2.661,2.662,212911,56904726.0,AkShare场内ETF
2018-08-17,2.673,2.675,2.667,2.668,163667,43692568.0,AkShare场内ETF
2018-08-20,2.672,2.672,2.643,2.655,201404,53452958.0,AkShare场内ETF
2018-08-21,2.649,2.649,2.632,2.638,242570,63989149.0,AkShare场内ETF
2018-08-22,2.64,2.643,2.632,2.636,163284,43061997.0,AkShare场内ETF
2018-08-23,2.646,2.668,2.646,2.665,185709,49426016.0,AkShare场内ETF
2018-08-24,2.663,2.67,2.661,2.666,124687,33242880.0,AkShare场内ETF
2018-08-27,2.678,2.686,2.672,2.678,210669,56384252.0,AkShare场内ETF
2018-08-28,2.7,2.713,2.695,2.705,216728,58638847.0,AkShare场内ETF
2018-08-29,2.707,2.711,2.701,2.708,125515,33977297.0,AkShare场内ETF
2018-08-30,2.731,2.755,2.731,2.748,254350,69819463.0,AkShare场内ETF
2018-08-31,2.74,2.746,2.733,2.74,202799,55544892.0,AkShare场内ETF
2018-09-03,2.743,2.752,2.739,2.742,133570,36673744.0,AkShare场内ETF
2018-09-04,2.747,2.754,2.743,2.754,122488,33659577.0,AkShare场内ETF
2018-09-05,2.743,2.743,2.724,2.728,168401,45999887.0,AkShare场内ETF
2018-09-06,2.69,2.693,2.683,2.684,190771,51287047.0,AkShare场内ETF
2018-09-07,2.662,2.665,2.658,2.662,186183,49547832.0,AkShare场内ETF
2018-09-10,2.66,2.681,2.66,2.68,136227,36406337.0,AkShare场内ETF
2018-09-11,2.686,2.696,2.684,2.693,191399,51548070.0,AkShare场内ETF
2018-09-12,2.728,2.728,2.706,2.722,157697,42845763.0,AkShare场内ETF
2018-09-13,2.71,2.71,2.69,2.695,142382,38378664.0,AkShare场内ETF
2018-09-14,2.712,2.723,2.71,2.722,142772,38782802.0,AkShare场内ETF
2018-09-17,2.714,2.715,2.709,2.709,96943,26283879.0,AkShare场内ETF
2018-09-18,2.663,2.673,2.658,2.673,217691,57972777.0,AkShare场内ETF
2018-09-19,2.695,2.699,2.686,2.696,218011,58758380.0,AkShare场内ETF
2018-09-20,2.691,2.697,2.689,2.691,147553,39739480.0,AkShare场内ETF
2018-09-21,2.722,2.723,2.713,2.72,215359,58496169.0,AkShare场内ETF
2018-09-25,2.702,2.71,2.701,2.709,125520,33947896.0,AkShare场内ETF
2018-09-26,2.713,2.742,2.707,2.726,281321,76593720.0,AkShare场内ETF
2018-09-27,2.714,2.723,2.714,2.721,134285,36514468.0,AkShare场内ETF
2018-09-28,2.745,2.759,2.745,2.754,231498,63730947.0,AkShare场内ETF
2018-10-08,2.662,2.688,2.662,2.677,128801,34516485.0,AkShare场内ETF
2018-10-09,2.676,2.682,2.667,2.675,100181,26788292.0,AkShare场内ETF
2018-10-10,2.679,2.685,2.676,2.685,99360,26626122.0,AkShare场内ETF
2018-10-11,2.55,2.55,2.503,2.51,527984,132898463.0,AkShare场内ETF
2018-10-12,2.51,2.566,2.506,2.564,271644,68851531.0,AkShare场内ETF
2018-10-15,2.575,2.587,2.554,2.555,202479,51989741.0,AkShare场内ETF
2018-10-16,2.559,2.567,2.558,2.559,80553,20638982.0,AkShare场内ETF
2018-10-17,2.636,2.648,2.63,2.647,129978,34271194.0,AkShare场内ETF
2018-10-18,2.63,2.634,2.617,2.619,118551,31080496.0,AkShare场内ETF
2018-10-19,2.579,2.599,2.55,2.599,195001,50512278.0,AkShare场内ETF
2018-10-22,2.576,2.589,2.564,2.587,231859,59768193.0,AkShare场内ETF
2018-10-23,2.576,2.58,2.542,2.544,279121,71355952.0,AkShare场内ETF
2018-10-24,2.562,2.578,2.556,2.56,244475,62699892.0,AkShare场内ETF
2018-10-25,2.459,2.48,2.453,2.477,247102,61009597.0,AkShare场内ETF
2018-10-26,2.496,2.497,2.476,2.49,270331,67272610.0,AkShare场内ETF
2018-10-29,2.49,2.502,2.483,2.483,133930,33334310.0,AkShare场内ETF
2018-10-30,2.448,2.461,2.438,2.449,282827,69221175.0,AkShare场内ETF
2018-10-31,2.468,2.486,2.468,2.486,170763,42269420.0,AkShare场内ETF
2018-11-01,2.528,2.535,2.513,2.514,150497,38034532.0,AkShare场内ETF
2018-11-02,2.532,2.559,2.527,2.547,226325,57448273.0,AkShare场内ETF
2018-11-05,2.509,2.509,2.496,2.505,108212,27067968.0,AkShare场内ETF
2018-11-06,2.504,2.509,2.494,2.499,218351,54607008.0,AkShare场内ETF
2018-11-07,2.525,2.542,2.525,2.528,172760,43744404.0,AkShare场内ETF
2018-11-08,2.594,2.604,2.585,2.588,126242,32721680.0,AkShare场内ETF
2018-11-09,2.58,2.583,2.573,2.575,103890,26783697.0,AkShare场内ETF
2018-11-12,2.548,2.568,2.544,2.568,91423,23382028.0,AkShare场内ETF
2018-11-13,2.481,2.493,2.475,2.491,203381,50517868.0,AkShare场内ETF
2018-11-14,2.485,2.489,2.479,2.483,102435,25435886.0,AkShare场内ETF
2018-11-15,2.458,2.469,2.455,2.464,259260,63746329.0,AkShare场内ETF
2018-11-16,2.489,2.489,2.472,2.474,566380,140490942.0,AkShare场内ETF
2018-11-19,2.472,2.485,2.472,2.484,205129,50878594.0,AkShare场内ETF
2018-11-20,2.404,2.41,2.393,2.396,277021,66429429.0,AkShare场内ETF
2018-11-21,2.36,2.38,2.36,2.379,213411,50540135.0,AkShare场内ETF
2018-11-22,2.38,2.385,2.368,2.377,86598,20573838.0,AkShare场内ETF
2018-11-23,2.37,2.37,2.36,2.361,124725,29495240.0,AkShare场内ETF
2018-11-26,2.363,2.382,2.36,2.382,279776,66462525.0,AkShare场内ETF
2018-11-27,2.405,2.411,2.399,2.41,89415,21503298.0,AkShare场内ETF
2018-11-28,2.422,2.44,2.422,2.435,246651,60014107.0,AkShare场内ETF
2018-11-29,2.499,2.499,2.483,2.483,277367,69074700.0,AkShare场内ETF
2018-11-30,2.481,2.496,2.477,2.493,205308,51167918.0,AkShare场内ETF
2018-12-03,2.556,2.56,2.541,2.558,242587,61950577.0,AkShare场内ETF
2018-12-04,2.544,2.544,2.504,2.513,176608,44542140.0,AkShare场内ETF
2018-12-05,2.421,2.445,2.421,2.444,111730,27251823.0,AkShare场内ETF
2018-12-06,2.418,2.42,2.399,2.404,335376,80659133.0,AkShare场内ETF
2018-12-07,2.45,2.451,2.44,2.44,92137,22509509.0,AkShare场内ETF
2018-12-10,2.368,2.379,2.363,2.368,198290,46957652.0,AkShare场内ETF
2018-12-11,2.389,2.429,2.389,2.399,931535,223986759.0,AkShare场内ETF
2018-12-12,2.42,2.442,2.412,2.429,958702,232721615.0,AkShare场内ETF
2018-12-13,2.44,2.456,2.434,2.443,678564,165812721.0,AkShare场内ETF
2018-12-14,2.427,2.427,2.408,2.411,223182,53934478.0,AkShare场内ETF
2018-12-17,2.385,2.388,2.37,2.387,263597,62871147.0,AkShare场内ETF
2018-12-18,2.339,2.343,2.329,2.337,147774,34517048.0,AkShare场内ETF
2018-12-19,2.345,2.346,2.334,2.336,153528,35912101.0,AkShare场内ETF
2018-12-20,2.3,2.3,2.266,2.272,227564,51878397.0,AkShare场内ETF
2018-12-21,2.261,2.268,2.25,2.267,265368,59931647.0,AkShare场内ETF
2018-12-24,2.202,2.208,2.186,2.194,467444,102475197.0,AkShare场内ETF
2018-12-25,2.132,2.133,2.118,2.123,235885,50084487.0,AkShare场内ETF
2018-12-26,2.124,2.127,2.116,2.12,333783,70773627.0,AkShare场内ETF
2018-12-27,2.234,2.257,2.229,2.236,715950,160522112.0,AkShare场内ETF
2018-12-28,2.253,2.259,2.243,2.243,131354,29559364.0,AkShare场内ETF
2019-01-02,2.268,2.274,2.232,2.233,162454,36570533.0,AkShare场内ETF
2019-01-03,2.229,2.238,2.222,2.225,288026,64309182.0,AkShare场内ETF
2019-01-04,2.183,2.226,2.182,2.224,399624,88170188.0,AkShare场内ETF
2019-01-07,2.305,2.308,2.289,2.296,652743,150081463.0,AkShare场内ETF
2019-01-08,2.313,2.336,2.312,2.328,667792,155387284.0,AkShare场内ETF
2019-01-09,2.345,2.358,2.338,2.341,289969,68151871.0,AkShare场内ETF
2019-01-10,2.341,2.342,2.322,2.322,507887,118273882.0,AkShare场内ETF
2019-01-11,2.339,2.342,2.326,2.328,62765,14633962.0,AkShare场内ETF
2019-01-14,2.319,2.319,2.3,2.302,543083,125148880.0,AkShare场内ETF
2019-01-15,2.307,2.322,2.301,2.322,384723,89049135.0,AkShare场内ETF
2019-01-16,2.348,2.36,2.347,2.351,312786,73654371.0,AkShare场内ETF
2019-01-17,2.344,2.346,2.334,2.334,481687,112828006.0,AkShare场内ETF
2019-01-18,2.37,2.381,2.37,2.378,86257,20499640.0,AkShare场内ETF
2019-01-21,2.384,2.397,2.384,2.392,483502,115679167.0,AkShare场内ETF
2019-01-22,2.392,2.392,2.377,2.379,333166,79471451.0,AkShare场内ETF
2019-01-23,2.364,2.366,2.35,2.353,411085,96955816.0,AkShare场内ETF
2019-01-24,2.357,2.36,2.352,2.355,155347,36596607.0,AkShare场内ETF
2019-01-25,2.361,2.375,2.359,2.371,531038,125667960.0,AkShare场内ETF
2019-01-28,2.394,2.394,2.366,2.37,184820,43888448.0,AkShare场内ETF
2019-01-29,2.349,2.351,2.34,2.345,77380,18148180.0,AkShare场内ETF
2019-01-30,2.339,2.342,2.334,2.339,119851,28028976.0,AkShare场内ETF
2019-01-31,2.387,2.395,2.386,2.395,155598,37195365.0,AkShare场内ETF
2019-02-01,2.406,2.427,2.401,2.427,423987,102144337.0,AkShare场内ETF
2019-02-11,2.422,2.439,2.422,2.439,87653,21331390.0,AkShare场内ETF
2019-02-12,2.446,2.46,2.445,2.459,260651,63987316.0,AkShare场内ETF
2019-02-13,2.478,2.489,2.478,2.488,111593,27724036.0,AkShare场内ETF
2019-02-14,2.481,2.481,2.471,2.48,182147,45071622.0,AkShare场内ETF
2019-02-15,2.47,2.474,2.458,2.458,101188,24945080.0,AkShare场内ETF
2019-02-18,2.48,2.491,2.48,2.491,275082,68408265.0,AkShare场内ETF
2019-02-19,2.492,2.498,2.491,2.493,263220,65670121.0,AkShare场内ETF
2019-02-20,2.488,2.488,2.471,2.475,512567,127000174.0,AkShare场内ETF
2019-02-21,2.465,2.479,2.465,2.476,99655,24654051.0,AkShare场内ETF
2019-02-22,2.343,2.469,2.343,2.463,775145,190775293.0,AkShare场内ETF
2019-02-25,2.475,2.483,2.469,2.476,749473,185349127.0,AkShare场内ETF
2019-02-26,2.47,2.471,2.46,2.462,789899,194713045.0,AkShare场内ETF
2019-02-27,2.468,2.474,2.464,2.465,1131071,279584144.0,AkShare场内ETF
2019-02-28,2.465,2.47,2.459,2.461,607292,149800578.0,AkShare场内ETF
2019-03-01,2.468,2.488,2.468,2.487,501562,124372449.0,AkShare场内ETF
2019-03-04,2.504,2.507,2.495,2.501,425090,106326816.0,AkShare场内ETF
2019-03-05,2.488,2.491,2.485,2.486,251600,62566087.0,AkShare场内ETF
2019-03-06,2.485,2.499,2.485,2.491,734656,182920122.0,AkShare场内ETF
2019-03-07,2.477,2.479,2.47,2.471,657684,162680271.0,AkShare场内ETF
2019-03-08,2.456,2.456,2.44,2.442,834736,204535797.0,AkShare场内ETF
2019-03-11,2.447,2.459,2.447,2.458,382317,93814882.0,AkShare场内ETF
2019-03-12,2.503,2.517,2.501,2.508,835085,209666676.0,AkShare场内ETF
2019-03-13,2.51,2.516,2.503,2.509,684806,171828234.0,AkShare场内ETF
2019-03-14,2.524,2.54,2.523,2.535,281116,71187024.0,AkShare场内ETF
2019-03-15,2.535,2.545,2.533,2.541,213661,54244769.0,AkShare场内ETF
2019-03-18,2.547,2.569,2.547,2.558,254640,65177112.0,AkShare场内ETF
2019-03-19,2.565,2.571,2.563,2.565,207644,53303537.0,AkShare场内ETF
2019-03-20,2.566,2.568,2.562,2.563,251269,64455821.0,AkShare场内ETF
2019-03-21,2.572,2.573,2.563,2.564,694049,178337011.0,AkShare场内ETF
2019-03-22,2.608,2.615,2.607,2.615,1045276,273131376.0,AkShare场内ETF
2019-03-25,2.544,2.552,2.538,2.538,251128,63918949.0,AkShare场内ETF
2019-03-26,2.558,2.566,2.552,2.558,202137,51789621.0,AkShare场内ETF
2019-03-27,2.567,2.577,2.562,2.576,292013,75079363.0,AkShare场内ETF
2019-03-28,2.548,2.555,2.543,2.548,466762,119045183.0,AkShare场内ETF
2019-03-29,2.558,2.57,2.558,2.569,488533,125368925.0,AkShare场内ETF
2019-04-01,2.587,2.604,2.587,2.604,694366,180430108.0,AkShare场内ETF
2019-04-02,2.633,2.633,2.611,2.613,1503245,394126160.0,AkShare场内ETF
2019-04-03,2.62,2.638,2.62,2.633,396081,104150204.0,AkShare场内ETF
2019-04-04,2.64,2.648,2.633,2.636,782233,206340150.0,AkShare场内ETF
2019-04-08,2.648,2.652,2.644,2.645,448073,118667338.0,AkShare场内ETF
2019-04-09,2.656,2.657,2.645,2.648,643930,170670130.0,AkShare场内ETF
2019-04-10,2.638,2.646,2.634,2.645,773949,204311347.0,AkShare场内ETF
2019-04-11,2.659,2.667,2.654,2.659,347313,92388569.0,AkShare场内ETF
2019-04-12,2.658,2.659,2.653,2.654,486733,129294232.0,AkShare场内ETF
2019-04-15,2.66,2.669,2.66,2.662,347018,92481153.0,AkShare场内ETF
2019-04-16,2.667,2.679,2.663,2.677,750234,200193236.0,AkShare场内ETF
2019-04-17,2.678,2.687,2.677,2.679,321343,86186812.0,AkShare场内ETF
2019-04-18,2.68,2.687,2.669,2.67,588603,157719335.0,AkShare场内ETF
2019-04-19,2.676,2.69,2.672,2.676,873147,234104032.0,AkShare场内ETF
2019-04-22,2.681,2.69,2.675,2.679,1255643,336463072.0,AkShare场内ETF
2019-04-23,2.69,2.703,2.687,2.699,395393,106609007.0,AkShare场内ETF
2019-04-24,2.736,2.743,2.727,2.741,450210,123136620.0,AkShare场内ETF
2019-04-25,2.745,2.764,2.742,2.76,327925,90314633.0,AkShare场内ETF
2019-04-26,2.762,2.808,2.747,2.778,579271,161487197.0,AkShare场内ETF
2019-04-29,2.788,2.819,2.776,2.814,247419,69415257.0,AkShare场内ETF
2019-04-30,2.814,2.832,2.772,2.807,203983,57216043.0,AkShare场内ETF
2019-05-06,2.781,2.785,2.722,2.727,238604,65829586.0,AkShare场内ETF
2019-05-07,2.753,2.766,2.743,2.757,387360,106560143.0,AkShare场内ETF
2019-05-08,2.703,2.713,2.698,2.704,690625,187117738.0,AkShare场内ETF
2019-05-09,2.701,2.702,2.685,2.686,626679,168901554.0,AkShare场内ETF
2019-05-10,2.688,2.708,2.677,2.689,1149959,309358496.0,AkShare场内ETF
2019-05-13,2.677,2.684,2.671,2.679,730403,195629346.0,AkShare场内ETF
2019-05-14,2.61,2.648,2.61,2.624,535472,140547323.0,AkShare场内ETF
2019-05-15,2.647,2.66,2.647,2.658,1190890,316111568.0,AkShare场内ETF
2019-05-16,2.688,2.688,2.675,2.678,406481,108932634.0,AkShare场内ETF
2019-05-17,2.707,2.722,2.706,2.709,225249,61125335.0,AkShare场内ETF
2019-05-20,2.696,2.703,2.693,2.696,368250,99388657.0,AkShare场内ETF
2019-05-21,2.67,2.671,2.658,2.67,419438,111676984.0,AkShare场内ETF
2019-05-22,2.683,2.686,2.664,2.664,240363,64238879.0,AkShare场内ETF
2019-05-23,2.653,2.655,2.639,2.639,261218,69114546.0,AkShare场内ETF
2019-05-24,2.624,2.632,2.624,2.632,231561,60834329.0,AkShare场内ETF
2019-05-27,2.615,2.618,2.612,2.618,112441,29401840.0,AkShare场内ETF
2019-05-28,2.618,2.632,2.618,2.624,188484,49483320.0,AkShare场内ETF
2019-05-29,2.603,2.604,2.595,2.598,297535,77387516.0,AkShare场内ETF
2019-05-30,2.589,2.598,2.585,2.596,94764,24542146.0,AkShare场内ETF
2019-05-31,2.58,2.586,2.571,2.573,273776,70623293.0,AkShare场内ETF
2019-06-03,2.544,2.544,2.532,2.538,133350,33837115.0,AkShare场内ETF
2019-06-04,2.507,2.508,2.501,2.503,256938,64356086.0,AkShare场内ETF
2019-06-05,2.563,2.581,2.563,2.573,325932,83904489.0,AkShare场内ETF
2019-06-06,2.585,2.59,2.58,2.585,614319,158938351.0,AkShare场内ETF
2019-06-10,2.663,2.671,2.659,2.67,269406,71839710.0,AkShare场内ETF
2019-06-11,2.688,2.697,2.688,2.695,100392,27038113.0,AkShare场内ETF
2019-06-12,2.688,2.689,2.674,2.674,270343,72493475.0,AkShare场内ETF
2019-06-13,2.677,2.681,2.656,2.667,573458,152664719.0,AkShare场内ETF
2019-06-14,2.682,2.687,2.676,2.679,156461,41984513.0,AkShare场内ETF
2019-06-17,2.681,2.689,2.681,2.684,179321,48155202.0,AkShare场内ETF
2019-06-18,2.698,2.699,2.693,2.698,250979,67671987.0,AkShare场内ETF
2019-06-19,2.74,2.742,2.725,2.73,1068222,291496816.0,AkShare场内ETF
2019-06-20,2.745,2.76,2.745,2.757,664004,182798007.0,AkShare场内ETF
2019-06-21,2.759,2.759,2.74,2.748,248877,68359179.0,AkShare场内ETF
2019-06-24,2.742,2.757,2.742,2.757,512002,140942019.0,AkShare场内ETF
2019-06-25,2.751,2.751,2.732,2.734,584536,160353229.0,AkShare场内ETF
2019-06-26,2.695,2.706,2.695,2.702,267502,72273997.0,AkShare场内ETF
2019-06-27,2.713,2.728,2.713,2.727,293755,79865373.0,AkShare场内ETF
2019-06-28,2.725,2.731,2.717,2.718,368944,100542700.0,AkShare场内ETF
2019-07-01,2.753,2.775,2.75,2.774,305320,84371887.0,AkShare场内ETF
2019-07-02,2.769,2.77,2.758,2.762,239676,66259321.0,AkShare场内ETF
2019-07-03,2.78,2.784,2.774,2.777,459323,127567983.0,AkShare场内ETF
2019-07-04,2.798,2.798,2.79,2.792,241256,67422237.0,AkShare场内ETF
2019-07-05,2.796,2.804,2.796,2.804,561487,157309899.0,AkShare场内ETF
2019-07-08,2.791,2.791,2.775,2.777,1081237,300659680.0,AkShare场内ETF
2019-07-09,2.777,2.777,2.751,2.756,391389,108057533.0,AkShare场内ETF
2019-07-10,2.784,2.791,2.782,2.787,442149,123246435.0,AkShare场内ETF
2019-07-11,2.817,2.822,2.813,2.822,460535,129748378.0,AkShare场内ETF
2019-07-12,2.819,2.819,2.813,2.817,323356,91034360.0,AkShare场内ETF
2019-07-15,2.831,2.84,2.824,2.84,148417,42034343.0,AkShare场内ETF
2019-07-16,2.843,2.853,2.841,2.849,291424,83004967.0,AkShare场内ETF
2019-07-17,2.832,2.858,2.825,2.834,677128,192222293.0,AkShare场内ETF
2019-07-18,2.815,2.822,2.801,2.802,585114,164692959.0,AkShare场内ETF
2019-07-19,2.824,2.838,2.824,2.835,305701,86633318.0,AkShare场内ETF
2019-07-22,2.802,2.813,2.797,2.804,225030,63056035.0,AkShare场内ETF
2019-07-23,2.827,2.835,2.823,2.835,581582,164574753.0,AkShare场内ETF
2019-07-24,2.847,2.85,2.844,2.847,226931,64615778.0,AkShare场内ETF
2019-07-25,2.87,2.873,2.865,2.87,153483,44020799.0,AkShare场内ETF
2019-07-26,2.843,2.859,2.843,2.854,192050,54742652.0,AkShare场内ETF
2019-07-29,2.875,2.877,2.862,2.866,190435,54571024.0,AkShare场内ETF
2019-07-30,2.859,2.868,2.857,2.861,255439,73162411.0,AkShare场内ETF
2019-07-31,2.856,2.857,2.851,2.854,243291,69449389.0,AkShare场内ETF
2019-08-01,2.815,2.824,2.813,2.813,196764,55470642.0,AkShare场内ETF
2019-08-02,2.797,2.819,2.797,2.818,279052,78388002.0,AkShare场内ETF
2019-08-05,2.797,2.803,2.784,2.789,172922,48294764.0,AkShare场内ETF
2019-08-06,2.702,2.735,2.688,2.734,289588,78400982.0,AkShare场内ETF
2019-08-07,2.741,2.754,2.736,2.754,125010,34277009.0,AkShare场内ETF
2019-08-08,2.773,2.786,2.765,2.784,113839,31588344.0,AkShare场内ETF
2019-08-09,2.816,2.832,2.816,2.822,197212,55746556.0,AkShare场内ETF
2019-08-12,2.816,2.824,2.81,2.823,93418,26334875.0,AkShare场内ETF
2019-08-13,2.79,2.79,2.772,2.775,187839,52291611.0,AkShare场内ETF
2019-08-14,2.827,2.829,2.821,2.827,396126,111888955.0,AkShare场内ETF
2019-08-15,2.756,2.769,2.74,2.764,297263,81880900.0,AkShare场内ETF
2019-08-16,2.756,2.763,2.75,2.762,274346,75624794.0,AkShare场内ETF
2019-08-19,2.79,2.809,2.785,2.808,209895,58673992.0,AkShare场内ETF
2019-08-20,2.82,2.835,2.813,2.823,452793,128002126.0,AkShare场内ETF
2019-08-21,2.815,2.815,2.808,2.809,71651,20144050.0,AkShare场内ETF
2019-08-22,2.835,2.835,2.825,2.828,110553,31270841.0,AkShare场内ETF
2019-08-23,2.827,2.84,2.825,2.84,121940,34554781.0,AkShare场内ETF
2019-08-26,2.765,2.9,2.74,2.777,253536,70010079.0,AkShare场内ETF
2019-08-27,2.795,2.811,2.795,2.807,153844,43170997.0,AkShare场内ETF
2019-08-28,2.801,2.807,2.801,2.804,392105,109977799.0,AkShare场内ETF
2019-08-29,2.805,2.806,2.797,2.798,438795,122932716.0,AkShare场内ETF
2019-08-30,2.836,2.846,2.835,2.841,592211,168251099.0,AkShare场内ETF
2019-09-02,2.836,2.836,2.827,2.835,244578,69226752.0,AkShare场内ETF
2019-09-03,2.837,2.838,2.827,2.829,194607,55151220.0,AkShare场内ETF
2019-09-04,2.82,2.848,2.813,2.847,329706,93393770.0,AkShare场内ETF
2019-09-05,2.853,2.872,2.853,2.866,330202,94667042.0,AkShare场内ETF
2019-09-06,2.903,2.903,2.889,2.894,341095,98825096.0,AkShare场内ETF
2019-09-09,2.894,2.904,2.89,2.903,227615,65892009.0,AkShare场内ETF
2019-09-10,2.891,2.894,2.875,2.876,274650,79233716.0,AkShare场内ETF
2019-09-11,2.876,2.877,2.865,2.875,89822,25797904.0,AkShare场内ETF
2019-09-12,2.905,2.912,2.899,2.903,176280,51212368.0,AkShare场内ETF
2019-09-16,2.874,2.874,2.857,2.871,109556,31390518.0,AkShare场内ETF
2019-09-17,2.875,2.881,2.872,2.874,134437,38668466.0,AkShare场内ETF
2019-09-18,2.892,2.896,2.886,2.89,393898,113881435.0,AkShare场内ETF
2019-09-19,2.893,2.895,2.887,2.888,375957,108687604.0,AkShare场内ETF
2019-09-20,2.901,2.902,2.892,2.896,207142,60023920.0,AkShare场内ETF
2019-09-23,2.891,2.891,2.875,2.883,183469,52896693.0,AkShare场内ETF
2019-09-24,2.886,2.888,2.878,2.88,92539,26675294.0,AkShare场内ETF
2019-09-25,2.843,2.844,2.836,2.838,135261,38401565.0,AkShare场内ETF
2019-09-26,2.861,2.866,2.851,2.859,125929,36030456.0,AkShare场内ETF
2019-09-27,2.844,2.856,2.844,2.855,57507,16401937.0,AkShare场内ETF
2019-09-30,2.845,2.845,2.833,2.834,88858,25201212.0,AkShare场内ETF
2019-10-08,2.84,2.849,2.84,2.847,273498,77839849.0,AkShare场内ETF
2019-10-09,2.807,2.819,2.803,2.806,303091,85164831.0,AkShare场内ETF
2019-10-10,2.815,2.821,2.809,2.819,423962,119416176.0,AkShare场内ETF
2019-10-11,2.837,2.849,2.834,2.848,154777,43956933.0,AkShare场内ETF
2019-10-14,2.876,2.876,2.864,2.868,112460,32253992.0,AkShare场内ETF
2019-10-15,2.869,2.881,2.868,2.879,180255,51769108.0,AkShare场内ETF
2019-10-16,2.904,2.906,2.9,2.904,92163,26752600.0,AkShare场内ETF
2019-10-17,2.9,2.905,2.899,2.903,139863,40602646.0,AkShare场内ETF
2019-10-18,2.905,2.905,2.897,2.899,69208,20068058.0,AkShare场内ETF
2019-10-21,2.88,2.895,2.879,2.882,41009,11820612.0,AkShare场内ETF
2019-10-22,2.904,2.909,2.904,2.907,140082,40722589.0,AkShare场内ETF
2019-10-23,2.88,2.88,2.87,2.872,197109,56639800.0,AkShare场内ETF
2019-10-24,2.883,2.889,2.883,2.888,99084,28586132.0,AkShare场内ETF
2019-10-25,2.902,2.903,2.893,2.896,143593,41573193.0,AkShare场内ETF
2019-10-28,2.923,2.932,2.923,2.932,119540,35008635.0,AkShare场内ETF
2019-10-29,2.956,2.959,2.952,2.953,57294,16927677.0,AkShare场内ETF
2019-10-30,2.938,2.938,2.933,2.934,361770,106191002.0,AkShare场内ETF
2019-10-31,2.955,2.955,2.94,2.95,71506,21100143.0,AkShare场内ETF
2019-11-01,2.947,2.956,2.947,2.956,82380,24320676.0,AkShare场内ETF
2019-11-04,2.975,2.986,2.975,2.977,56018,16675517.0,AkShare场内ETF
2019-11-05,2.987,2.993,2.987,2.992,86223,25784703.0,AkShare场内ETF
2019-11-06,2.986,2.989,2.971,2.974,115816,34460358.0,AkShare场内ETF
2019-11-07,2.978,2.978,2.968,2.97,73083,21713259.0,AkShare场内ETF
2019-11-08,2.971,2.971,2.959,2.961,104860,31050691.0,AkShare场内ETF
2019-11-11,2.975,2.981,2.972,2.978,217404,64740277.0,AkShare场内ETF
2019-11-12,2.975,2.993,2.973,2.993,215429,64284179.0,AkShare场内ETF
2019-11-13,2.993,2.999,2.988,2.994,78491,23509294.0,AkShare场内ETF
2019-11-14,2.996,3.004,2.994,3.001,71907,21577581.0,AkShare场内ETF
2019-11-15,3.001,3.015,3.001,3.014,143895,43279192.0,AkShare场内ETF
2019-11-18,3.028,3.031,3.022,3.028,267515,80895011.0,AkShare场内ETF
2019-11-19,3.03,3.046,3.03,3.044,80799,24564064.0,AkShare场内ETF
2019-11-20,3.042,3.046,3.028,3.03,130020,39495540.0,AkShare场内ETF
2019-11-21,3.018,3.018,3.01,3.017,45182,13616405.0,AkShare场内ETF
2019-11-22,3.015,3.026,3.015,3.023,86330,26094437.0,AkShare场内ETF
2019-11-25,3.031,3.043,3.031,3.042,61754,18750057.0,AkShare场内ETF
2019-11-26,3.07,3.095,3.07,3.09,98925,30431377.0,AkShare场内ETF
2019-11-27,3.088,3.109,3.08,3.081,83163,25718116.0,AkShare场内ETF
2019-11-28,3.099,3.102,3.09,3.099,185121,57333743.0,AkShare场内ETF
2019-11-29,3.094,3.102,3.094,3.095,68894,21345202.0,AkShare场内ETF
2019-12-02,3.095,3.124,3.09,3.12,93160,28967348.0,AkShare场内ETF
2019-12-03,3.068,3.098,3.062,3.084,74305,22883306.0,AkShare场内ETF
2019-12-04,3.063,3.063,3.034,3.047,133860,40856135.0,AkShare场内ETF
2019-12-05,3.06,3.078,3.049,3.061,216094,66079522.0,AkShare场内ETF
2019-12-06,3.063,3.067,3.053,3.058,119967,36680926.0,AkShare场内ETF
2019-12-09,3.076,3.086,3.072,3.086,149767,46118293.0,AkShare场内ETF
2019-12-10,3.07,3.07,3.064,3.069,68739,21084903.0,AkShare场内ETF
2019-12-11,3.064,3.064,3.058,3.064,85941,26307893.0,AkShare场内ETF
2019-12-12,3.071,3.087,3.07,3.086,133678,41155954.0,AkShare场内ETF
2019-12-13,3.108,3.112,3.1,3.109,99166,30800735.0,AkShare场内ETF
2019-12-16,3.102,3.13,3.102,3.129,155715,48442095.0,AkShare场内ETF
2019-12-17,3.139,3.171,3.13,3.161,174742,54997975.0,AkShare场内ETF
2019-12-18,3.161,3.161,3.132,3.132,91486,28764902.0,AkShare场内ETF
2019-12-19,3.135,3.14,3.119,3.121,94966,29684902.0,AkShare场内ETF
2019-12-20,3.141,3.157,3.14,3.155,146492,46072532.0,AkShare场内ETF
2019-12-23,3.168,3.174,3.16,3.17,198828,62990311.0,AkShare场内ETF
2019-12-24,3.171,3.192,3.171,3.185,155020,49385477.0,AkShare场内ETF
2019-12-25,3.188,3.189,3.155,3.168,153169,48530002.0,AkShare场内ETF
2019-12-26,3.173,3.195,3.168,3.189,388613,123580586.0,AkShare场内ETF
2019-12-27,3.209,3.235,3.192,3.217,202189,65053388.0,AkShare场内ETF
2019-12-30,3.21,3.222,3.197,3.21,134495,43159892.0,AkShare场内ETF
2019-12-31,3.187,3.195,3.175,3.193,161564,51430903.0,AkShare场内ETF
2020-01-02,3.201,3.243,3.201,3.24,160678,51681636.0,AkShare场内ETF
2020-01-03,3.27,3.27,3.233,3.254,232830,75798968.0,AkShare场内ETF
2020-01-06,3.228,3.232,3.196,3.212,188451,60602918.0,AkShare场内ETF
2020-01-07,3.231,3.28,3.231,3.257,187465,60875890.0,AkShare场内ETF
2020-01-08,3.226,3.243,3.194,3.219,204366,65796355.0,AkShare场内ETF
2020-01-09,3.253,3.29,3.253,3.29,222010,72674922.0,AkShare场内ETF
2020-01-10,3.33,3.369,3.311,3.366,168845,56502645.0,AkShare场内ETF
2020-01-13,3.349,3.37,3.327,3.359,358640,120071113.0,AkShare场内ETF
2020-01-14,3.401,3.415,3.369,3.401,287784,97677665.0,AkShare场内ETF
2020-01-15,3.397,3.411,3.38,3.41,98738,33497122.0,AkShare场内ETF
2020-01-16,3.416,3.448,3.416,3.441,191947,65878507.0,AkShare场内ETF
2020-01-17,3.493,3.503,3.475,3.483,174746,60921067.0,AkShare场内ETF
2020-01-20,3.482,3.482,3.419,3.424,292527,100630192.0,AkShare场内ETF
2020-01-21,3.424,3.436,3.354,3.397,253272,85927142.0,AkShare场内ETF
2020-01-22,3.391,3.44,3.388,3.436,206149,70626962.0,AkShare场内ETF
2020-01-23,3.412,3.48,3.4,3.478,176190,60494215.0,AkShare场内ETF
2020-02-03,3.3,3.37,3.299,3.303,313604,104496622.0,AkShare场内ETF
2020-02-04,3.357,3.43,3.324,3.422,318943,108110676.0,AkShare场内ETF
2020-02-05,3.5,3.575,3.497,3.57,329216,116554090.0,AkShare场内ETF
2020-02-06,3.576,3.705,3.575,3.682,289807,106085215.0,AkShare场内ETF
2020-02-07,3.72,3.795,3.673,3.709,414313,154851561.0,AkShare场内ETF
2020-02-10,3.668,3.738,3.634,3.732,272719,101014271.0,AkShare场内ETF
2020-02-11,3.824,3.88,3.807,3.871,267133,102527461.0,AkShare场内ETF
2020-02-12,3.88,3.989,3.831,3.971,478231,188628177.0,AkShare场内ETF
2020-02-13,4.06,4.239,4.045,4.197,537741,221056488.0,AkShare场内ETF
2020-02-14,4.135,4.162,3.999,4.01,674229,274210400.0,AkShare场内ETF
2020-02-17,4.01,4.01,3.818,3.976,849553,334636768.0,AkShare场内ETF
2020-02-18,3.967,3.967,3.824,3.837,702317,272338752.0,AkShare场内ETF
2020-02-19,3.791,3.907,3.787,3.799,651040,250750208.0,AkShare场内ETF
2020-02-20,3.862,3.89,3.804,3.82,422583,161995101.0,AkShare场内ETF
2020-02-21,3.746,3.796,3.718,3.719,609269,228071069.0,AkShare场内ETF
2020-02-24,3.626,3.626,3.547,3.558,529951,189777435.0,AkShare场内ETF
2020-02-25,3.485,3.69,3.44,3.686,851487,305355872.0,AkShare场内ETF
2020-02-26,3.537,3.65,3.536,3.619,534376,192827505.0,AkShare场内ETF
2020-02-27,3.64,3.656,3.55,3.57,535805,192551483.0,AkShare场内ETF
2020-02-28,3.43,3.468,3.383,3.392,586615,200899681.0,AkShare场内ETF
2020-03-02,3.424,3.549,3.421,3.541,625286,218251701.0,AkShare场内ETF
2020-03-03,3.669,3.721,3.542,3.565,811496,294356576.0,AkShare场内ETF
2020-03-04,3.502,3.575,3.45,3.567,398707,139664866.0,AkShare场内ETF
2020-03-05,3.65,3.666,3.553,3.571,577007,207550248.0,AkShare场内ETF
2020-03-06,3.508,3.54,3.468,3.493,312562,109251091.0,AkShare场内ETF
2020-03-09,3.402,3.402,3.255,3.258,468302,156558560.0,AkShare场内ETF
2020-03-10,3.282,3.43,3.234,3.413,773687,258711515.0,AkShare场内ETF
2020-03-11,3.392,3.4,3.286,3.294,596499,199858710.0,AkShare场内ETF
2020-03-12,3.238,3.238,3.166,3.176,472834,150685535.0,AkShare场内ETF
2020-03-13,3.0,3.322,2.94,3.217,1178209,372430800.0,AkShare场内ETF
2020-03-16,3.14,3.217,3.003,3.015,604887,189201864.0,AkShare场内ETF
2020-03-17,3.1,3.18,3.001,3.081,990914,304251200.0,AkShare场内ETF
2020-03-18,3.101,3.15,2.99,2.998,811180,251455611.0,AkShare场内ETF
2020-03-19,3.048,3.065,2.982,3.061,487332,147274628.0,AkShare场内ETF
2020-03-20,3.093,3.169,3.073,3.161,733379,229118934.0,AkShare场内ETF
2020-03-23,3.01,3.133,3.002,3.019,538254,164116292.0,AkShare场内ETF
2020-03-24,3.106,3.185,3.095,3.181,935620,293528368.0,AkShare场内ETF
2020-03-25,3.32,3.329,3.254,3.302,781619,257807085.0,AkShare场内ETF
2020-03-26,3.265,3.266,3.213,3.22,491396,159693163.0,AkShare场内ETF
2020-03-27,3.275,3.29,3.151,3.159,635376,205716545.0,AkShare场内ETF
2020-03-30,3.066,3.135,3.057,3.094,497054,153513451.0,AkShare场内ETF
2020-03-31,3.152,3.16,3.096,3.099,389779,121765470.0,AkShare场内ETF
2020-04-01,3.068,3.107,3.058,3.066,291703,90015207.0,AkShare场内ETF
2020-04-02,3.05,3.127,3.049,3.123,319046,98531984.0,AkShare场内ETF
2020-04-03,3.116,3.116,3.066,3.077,318128,98292245.0,AkShare场内ETF
2020-04-07,3.19,3.203,3.153,3.175,416735,132233521.0,AkShare场内ETF
2020-04-08,3.16,3.183,3.152,3.156,243910,77208606.0,AkShare场内ETF
2020-04-09,3.19,3.196,3.167,3.168,270900,86115539.0,AkShare场内ETF
2020-04-10,3.169,3.175,3.12,3.126,270959,85296989.0,AkShare场内ETF
2020-04-13,3.116,3.116,3.08,3.095,138939,43079399.0,AkShare场内ETF
2020-04-14,3.11,3.169,3.11,3.165,247932,78136626.0,AkShare场内ETF
2020-04-15,3.201,3.253,3.2,3.237,363618,117571653.0,AkShare场内ETF
2020-04-16,3.22,3.274,3.2,3.262,221488,71532292.0,AkShare场内ETF
2020-04-17,3.34,3.395,3.333,3.375,444942,149562581.0,AkShare场内ETF
2020-04-20,3.378,3.395,3.351,3.375,265694,89719802.0,AkShare场内ETF
2020-04-21,3.363,3.375,3.299,3.348,348314,116133522.0,AkShare场内ETF
2020-04-22,3.289,3.436,3.281,3.423,468472,157667610.0,AkShare场内ETF
2020-04-23,3.435,3.503,3.434,3.465,425400,147535464.0,AkShare场内ETF
2020-04-24,3.46,3.49,3.43,3.446,289775,100512281.0,AkShare场内ETF
2020-04-27,3.49,3.575,3.489,3.567,398064,141063682.0,AkShare场内ETF
2020-04-28,3.58,3.67,3.58,3.656,430238,156558512.0,AkShare场内ETF
2020-04-29,3.652,3.775,3.652,3.722,544889,203411934.0,AkShare场内ETF
2020-04-30,3.835,3.882,3.65,3.737,723779,274149856.0,AkShare场内ETF
2020-05-06,3.727,3.788,3.71,3.748,425287,159148088.0,AkShare场内ETF
2020-05-07,3.768,3.776,3.728,3.764,384741,144468979.0,AkShare场内ETF
2020-05-08,3.826,3.835,3.787,3.789,380244,144936591.0,AkShare场内ETF
2020-05-11,3.818,3.825,3.717,3.726,331037,124988334.0,AkShare场内ETF
2020-05-12,3.722,3.758,3.63,3.656,456616,167671877.0,AkShare场内ETF
2020-05-13,3.62,3.657,3.582,3.644,370180,133778545.0,AkShare场内ETF
2020-05-14,3.61,3.613,3.584,3.586,251404,90554409.0,AkShare场内ETF
2020-05-15,3.62,3.646,3.605,3.61,285501,103480384.0,AkShare场内ETF
2020-05-18,3.64,3.657,3.63,3.651,200228,72995297.0,AkShare场内ETF
2020-05-19,3.702,3.749,3.702,3.748,299545,111562274.0,AkShare场内ETF
2020-05-20,3.735,3.737,3.714,3.721,136689,50897703.0,AkShare场内ETF
2020-05-21,3.772,3.783,3.7,3.72,184691,69162000.0,AkShare场内ETF
2020-05-22,3.713,3.713,3.595,3.596,294609,107328802.0,AkShare场内ETF
2020-05-25,3.625,3.718,3.615,3.713,225907,82830329.0,AkShare场内ETF
2020-05-26,3.777,3.82,3.744,3.797,319053,120537387.0,AkShare场内ETF
2020-05-27,3.755,3.84,3.751,3.772,333233,126315780.0,AkShare场内ETF
2020-05-28,3.79,3.838,3.753,3.757,391525,148637492.0,AkShare场内ETF
2020-05-29,3.744,3.773,3.724,3.73,261543,97969294.0,AkShare场内ETF
2020-06-01,3.77,3.781,3.736,3.744,291048,109204398.0,AkShare场内ETF
2020-06-02,3.755,3.756,3.731,3.738,191401,71627199.0,AkShare场内ETF
2020-06-03,3.751,3.776,3.746,3.771,259109,97497525.0,AkShare场内ETF
2020-06-04,3.797,3.81,3.778,3.793,217285,82377167.0,AkShare场内ETF
2020-06-05,3.794,3.795,3.778,3.792,137524,52104792.0,AkShare场内ETF
2020-06-08,3.821,3.85,3.79,3.796,183330,70064500.0,AkShare场内ETF
2020-06-09,3.82,3.83,3.788,3.802,200797,76422056.0,AkShare场内ETF
2020-06-10,3.827,3.829,3.772,3.788,168005,63777271.0,AkShare场内ETF
2020-06-11,3.8,3.841,3.776,3.786,295402,112377829.0,AkShare场内ETF
2020-06-12,3.652,3.757,3.647,3.724,344962,128163736.0,AkShare场内ETF
2020-06-15,3.71,3.737,3.663,3.665,209981,77794421.0,AkShare场内ETF
2020-06-16,3.742,3.807,3.738,3.806,273072,103283060.0,AkShare场内ETF
2020-06-17,3.811,3.84,3.806,3.82,219252,83766800.0,AkShare场内ETF
2020-06-18,3.811,3.812,3.785,3.794,135249,51349338.0,AkShare场内ETF
2020-06-19,3.795,3.818,3.795,3.802,160137,60965555.0,AkShare场内ETF
2020-06-22,3.794,3.794,3.779,3.786,108064,40903943.0,AkShare场内ETF
2020-06-23,3.785,3.836,3.785,3.819,216838,82713903.0,AkShare场内ETF
2020-06-24,3.83,3.853,3.824,3.829,121002,46393948.0,AkShare场内ETF
2020-06-29,3.757,3.773,3.738,3.76,180909,67997614.0,AkShare场内ETF
2020-06-30,3.793,3.8,3.763,3.77,145704,55059499.0,AkShare场内ETF
2020-07-01,3.81,3.815,3.776,3.786,136999,51903016.0,AkShare场内ETF
2020-07-02,3.8,3.805,3.784,3.803,182207,69179745.0,AkShare场内ETF
2020-07-03,3.791,3.821,3.791,3.802,223853,85208601.0,AkShare场内ETF
2020-07-06,3.802,3.85,3.801,3.828,230086,87788734.0,AkShare场内ETF
2020-07-07,3.863,3.867,3.823,3.839,250526,96213808.0,AkShare场内ETF
2020-07-08,3.825,3.825,3.808,3.821,263445,100554642.0,AkShare场内ETF
2020-07-09,3.837,3.851,3.833,3.839,280025,107506268.0,AkShare场内ETF
2020-07-10,3.845,3.865,3.84,3.847,248009,95471148.0,AkShare场内ETF
2020-07-13,3.903,3.95,3.888,3.925,228157,89268682.0,AkShare场内ETF
2020-07-14,3.825,3.875,3.825,3.872,254598,98097871.0,AkShare场内ETF
2020-07-15,3.886,3.899,3.88,3.882,112634,43751499.0,AkShare场内ETF
2020-07-16,3.888,3.888,3.819,3.82,204059,78492992.0,AkShare场内ETF
2020-07-17,3.825,3.874,3.817,3.868,199589,76809089.0,AkShare场内ETF
2020-07-20,3.87,3.87,3.84,3.849,199565,76784151.0,AkShare场内ETF
2020-07-21,3.942,4.007,3.934,3.983,302686,120159112.0,AkShare场内ETF
2020-07-22,3.955,3.965,3.894,3.944,209540,82517014.0,AkShare场内ETF
2020-07-23,3.95,3.966,3.945,3.956,114201,45151290.0,AkShare场内ETF
2020-07-24,3.867,3.887,3.835,3.837,182613,70622933.0,AkShare场内ETF
2020-07-27,3.83,3.864,3.83,3.849,105730,40706413.0,AkShare场内ETF
2020-07-28,3.885,3.903,3.863,3.877,169441,65819321.0,AkShare场内ETF
2020-07-29,3.848,3.868,3.836,3.864,116256,44697202.0,AkShare场内ETF
2020-07-30,3.875,3.883,3.859,3.859,92154,35662357.0,AkShare场内ETF
2020-07-31,3.91,3.945,3.906,3.92,293206,114933686.0,AkShare场内ETF
2020-08-03,3.94,3.947,3.901,3.918,313264,122934347.0,AkShare场内ETF
2020-08-04,3.96,3.974,3.948,3.973,231648,91783341.0,AkShare场内ETF
2020-08-05,3.975,3.977,3.958,3.967,107498,42644716.0,AkShare场内ETF
2020-08-06,3.976,3.98,3.951,3.958,142494,56481854.0,AkShare场内ETF
2020-08-07,3.999,4.016,3.985,4.004,174791,69956960.0,AkShare场内ETF
2020-08-10,3.979,4.003,3.961,3.994,161441,64421542.0,AkShare场内ETF
2020-08-11,4.002,4.003,3.986,3.992,67929,27113585.0,AkShare场内ETF
2020-08-12,3.955,3.984,3.924,3.981,135277,53377428.0,AkShare场内ETF
2020-08-13,4.099,4.099,3.997,4.065,219728,89091030.0,AkShare场内ETF
2020-08-14,4.062,4.07,4.046,4.058,131565,53392391.0,AkShare场内ETF
2020-08-17,4.058,4.064,4.045,4.063,81798,33177953.0,AkShare场内ETF
2020-08-18,4.076,4.089,4.056,4.059,83467,34021592.0,AkShare场内ETF
2020-08-19,4.076,4.114,4.066,4.111,143008,58408794.0,AkShare场内ETF
2020-08-20,4.1,4.128,4.068,4.106,151677,62078495.0,AkShare场内ETF
2020-08-21,4.146,4.229,4.142,4.211,163207,68249378.0,AkShare场内ETF
2020-08-24,4.261,4.43,4.243,4.392,236166,103106379.0,AkShare场内ETF
2020-08-25,4.428,4.6,4.428,4.592,303009,137407266.0,AkShare场内ETF
2020-08-26,4.699,4.7,4.401,4.504,376721,170601520.0,AkShare场内ETF
2020-08-27,4.591,4.701,4.591,4.698,277568,129555303.0,AkShare场内ETF
2020-08-28,4.69,4.888,4.609,4.797,465629,223256676.0,AkShare场内ETF
2020-08-31,4.854,5.077,4.854,5.058,334551,166586150.0,AkShare场内ETF
2020-09-01,5.058,5.314,4.93,4.99,820309,422752928.0,AkShare场内ETF
2020-09-02,5.148,5.198,5.018,5.193,623386,318115520.0,AkShare场内ETF
2020-09-03,5.283,5.4,5.24,5.305,701100,372838544.0,AkShare场内ETF
2020-09-04,5.0,5.03,4.781,4.846,756827,372068496.0,AkShare场内ETF
2020-09-07,4.78,4.8,4.419,4.484,806881,370697392.0,AkShare场内ETF
2020-09-08,4.496,4.735,4.496,4.724,866868,399391520.0,AkShare场内ETF
2020-09-09,4.397,4.607,4.35,4.482,903855,405236320.0,AkShare场内ETF
2020-09-10,4.61,4.68,4.558,4.609,566005,262801604.0,AkShare场内ETF
2020-09-11,4.499,4.545,4.412,4.529,630366,282667360.0,AkShare场内ETF
2020-09-14,4.533,4.66,4.471,4.654,588296,267915788.0,AkShare场内ETF
2020-09-15,4.704,4.848,4.68,4.811,711228,340002192.0,AkShare场内ETF
2020-09-16,4.89,4.992,4.72,4.802,817603,401581376.0,AkShare场内ETF
2020-09-17,4.698,4.79,4.6,4.604,754734,352878288.0,AkShare场内ETF
2020-09-18,4.549,4.765,4.532,4.761,812487,378106496.0,AkShare场内ETF
2020-09-21,4.74,4.796,4.64,4.667,778612,366293520.0,AkShare场内ETF
2020-09-22,4.667,4.708,4.579,4.593,475799,221376753.0,AkShare场内ETF
2020-09-23,4.71,4.718,4.62,4.655,615037,287017328.0,AkShare场内ETF
2020-09-24,4.5,4.55,4.448,4.481,601640,270379184.0,AkShare场内ETF
2020-09-25,4.54,4.56,4.433,4.445,430013,193477663.0,AkShare场内ETF
2020-09-28,4.534,4.54,4.459,4.52,579981,261555361.0,AkShare场内ETF
2020-09-29,4.579,4.612,4.538,4.546,484273,222012109.0,AkShare场内ETF
2020-09-30,4.555,4.564,4.501,4.555,282728,128172258.0,AkShare场内ETF
2020-10-09,4.688,4.689,4.612,4.644,331362,154008504.0,AkShare场内ETF
2020-10-12,4.683,4.692,4.661,4.673,252705,118166492.0,AkShare场内ETF
2020-10-13,4.722,4.76,4.713,4.722,402810,190462363.0,AkShare场内ETF
2020-10-14,4.73,4.73,4.692,4.707,159391,75021457.0,AkShare场内ETF
2020-10-15,4.66,4.668,4.581,4.586,189687,87715225.0,AkShare场内ETF
2020-10-16,4.6,4.615,4.571,4.582,129601,59523115.0,AkShare场内ETF
2020-10-19,4.607,4.642,4.591,4.636,112824,51976675.0,AkShare场内ETF
2020-10-20,4.572,4.613,4.537,4.605,126416,57836593.0,AkShare场内ETF
2020-10-21,4.612,4.621,4.59,4.604,123615,56949219.0,AkShare场内ETF
2020-10-22,4.545,4.568,4.54,4.556,125018,56942022.0,AkShare场内ETF
2020-10-23,4.56,4.568,4.443,4.509,130246,58860233.0,AkShare场内ETF
2020-10-26,4.51,4.51,4.423,4.429,159949,71160071.0,AkShare场内ETF
2020-10-27,4.37,4.422,4.339,4.402,240527,105195064.0,AkShare场内ETF
2020-10-28,4.389,4.399,4.358,4.364,118862,51966175.0,AkShare场内ETF
2020-10-29,4.25,4.323,4.231,4.312,213669,91308490.0,AkShare场内ETF
2020-10-30,4.31,4.31,4.232,4.251,140389,59954030.0,AkShare场内ETF
2020-11-02,4.251,4.272,4.233,4.253,123657,52580446.0,AkShare场内ETF
2020-11-03,4.257,4.438,4.257,4.42,271514,118307667.0,AkShare场内ETF
2020-11-04,4.445,4.82,4.445,4.635,758307,350190096.0,AkShare场内ETF
2020-11-05,4.821,4.858,4.638,4.65,731571,344615120.0,AkShare场内ETF
2020-11-06,4.7,4.719,4.465,4.483,653523,297539280.0,AkShare场内ETF
2020-11-09,4.58,4.65,4.526,4.602,388242,177538298.0,AkShare场内ETF
2020-11-10,4.5,4.5,4.458,4.469,197949,88604001.0,AkShare场内ETF
2020-11-11,4.448,4.448,4.401,4.407,132471,58507588.0,AkShare场内ETF
2020-11-12,4.47,4.473,4.413,4.419,111347,49377201.0,AkShare场内ETF
2020-11-13,4.39,4.39,4.356,4.385,103616,45318285.0,AkShare场内ETF
2020-11-16,4.413,4.43,4.395,4.4,127823,56387778.0,AkShare场内ETF
2020-11-17,4.399,4.402,4.32,4.324,208891,90565974.0,AkShare场内ETF
2020-11-18,4.323,4.323,4.282,4.284,98609,42286450.0,AkShare场内ETF
2020-11-19,4.27,4.287,4.246,4.276,117249,50019148.0,AkShare场内ETF
2020-11-20,4.283,4.312,4.282,4.305,109527,47062136.0,AkShare场内ETF
2020-11-23,4.302,4.302,4.246,4.271,110056,46928189.0,AkShare场内ETF
2020-11-24,4.287,4.287,4.27,4.281,89597,38333104.0,AkShare场内ETF
2020-11-25,4.337,4.337,4.305,4.312,131622,56881982.0,AkShare场内ETF
2020-11-26,4.318,4.365,4.313,4.325,158067,68558716.0,AkShare场内ETF
2020-11-27,4.32,4.32,4.29,4.312,105001,45165507.0,AkShare场内ETF
2020-11-30,4.315,4.359,4.302,4.317,125911,54665787.0,AkShare场内ETF
2020-12-01,4.341,4.369,4.33,4.364,124530,54253892.0,AkShare场内ETF
2020-12-02,4.44,4.44,4.35,4.394,126021,55413029.0,AkShare场内ETF
2020-12-03,4.393,4.393,4.361,4.371,174034,76029544.0,AkShare场内ETF
2020-12-04,4.371,4.371,4.338,4.349,117259,51005562.0,AkShare场内ETF
2020-12-07,4.349,4.359,4.294,4.299,129523,55926720.0,AkShare场内ETF
2020-12-08,4.304,4.309,4.285,4.293,109876,47183062.0,AkShare场内ETF
2020-12-09,4.297,4.307,4.288,4.29,131076,56336708.0,AkShare场内ETF
2020-12-10,4.233,4.233,4.182,4.22,176405,74192397.0,AkShare场内ETF
2020-12-11,4.248,4.248,4.185,4.207,123649,52060659.0,AkShare场内ETF
2020-12-14,4.207,4.23,4.196,4.204,77443,32602010.0,AkShare场内ETF
2020-12-15,4.204,4.214,4.202,4.212,125740,52899713.0,AkShare场内ETF
2020-12-16,4.239,4.282,4.239,4.281,168313,71783105.0,AkShare场内ETF
2020-12-17,4.3,4.306,4.267,4.283,145659,62383083.0,AkShare场内ETF
2020-12-18,4.29,4.304,4.286,4.303,105053,45129777.0,AkShare场内ETF
2020-12-21,4.301,4.344,4.293,4.341,154908,66969589.0,AkShare场内ETF
2020-12-22,4.324,4.342,4.29,4.299,104824,45237389.0,AkShare场内ETF
2020-12-23,4.282,4.323,4.282,4.315,104901,45225340.0,AkShare场内ETF
2020-12-24,4.309,4.309,4.295,4.298,137683,59206949.0,AkShare场内ETF
2020-12-25,4.294,4.33,4.294,4.321,69210,29833606.0,AkShare场内ETF
2020-12-28,4.323,4.348,4.322,4.346,88337,38292520.0,AkShare场内ETF
2020-12-29,4.365,4.385,4.363,4.383,103467,45271203.0,AkShare场内ETF
2020-12-30,4.358,4.385,4.351,4.382,119746,52311578.0,AkShare场内ETF
2020-12-31,4.382,4.382,4.36,4.375,140923,61580330.0,AkShare场内ETF
2021-01-04,4.369,4.369,4.32,4.333,171437,74369278.0,AkShare场内ETF
2021-01-05,4.28,4.29,4.254,4.275,153631,65525084.0,AkShare场内ETF
2021-01-06,4.285,4.295,4.254,4.256,181237,77372007.0,AkShare场内ETF
2021-01-07,4.242,4.26,4.239,4.243,121645,51688693.0,AkShare场内ETF
2021-01-08,4.302,4.323,4.3,4.318,165231,71249958.0,AkShare场内ETF
2021-01-11,4.342,4.352,4.33,4.331,144968,62979977.0,AkShare场内ETF
2021-01-12,4.32,4.32,4.288,4.299,150476,64637761.0,AkShare场内ETF
2021-01-13,4.293,4.293,4.277,4.281,125140,53576959.0,AkShare场内ETF
2021-01-14,4.298,4.31,4.294,4.297,83111,35750536.0,AkShare场内ETF
2021-01-15,4.284,4.284,4.257,4.268,115314,49225975.0,AkShare场内ETF
2021-01-18,4.255,4.255,4.235,4.244,180809,76670070.0,AkShare场内ETF
2021-01-19,4.266,4.302,4.261,4.291,269889,115696032.0,AkShare场内ETF
2021-01-20,4.328,4.328,4.306,4.324,138461,59781438.0,AkShare场内ETF
2021-01-21,4.41,4.44,4.4,4.435,262698,116079356.0,AkShare场内ETF
2021-01-22,4.443,4.448,4.415,4.432,183912,81552813.0,AkShare场内ETF
2021-01-25,4.444,4.476,4.444,4.471,169375,75677883.0,AkShare场内ETF
2021-01-26,4.459,4.459,4.44,4.443,109642,48782856.0,AkShare场内ETF
2021-01-27,4.48,4.517,4.48,4.513,230055,103400184.0,AkShare场内ETF
2021-01-28,4.369,4.387,4.323,4.333,315916,137720755.0,AkShare场内ETF
2021-01-29,4.366,4.389,4.307,4.327,319117,138646441.0,AkShare场内ETF
2021-02-01,4.265,4.314,4.255,4.31,119266,51066953.0,AkShare场内ETF
2021-02-02,4.408,4.443,4.391,4.441,184552,81598835.0,AkShare场内ETF
2021-02-03,4.521,4.521,4.47,4.493,129762,58212472.0,AkShare场内ETF
2021-02-04,4.455,4.477,4.431,4.449,140562,62647028.0,AkShare场内ETF
2021-02-05,4.492,4.513,4.492,4.508,120910,54472351.0,AkShare场内ETF
2021-02-08,4.526,4.546,4.525,4.537,130836,59407953.0,AkShare场内ETF
2021-02-09,4.549,4.55,4.535,4.536,97357,44205944.0,AkShare场内ETF
2021-02-10,4.538,4.555,4.53,4.553,127306,57817897.0,AkShare场内ETF
2021-02-18,4.52,4.54,4.52,4.532,253472,114769984.0,AkShare场内ETF
2021-02-19,4.525,4.528,4.505,4.527,119959,54144183.0,AkShare场内ETF
2021-02-22,4.524,4.524,4.479,4.487,167952,75518477.0,AkShare场内ETF
2021-02-23,4.386,4.434,4.383,4.416,190168,83936733.0,AkShare场内ETF
2021-02-24,4.397,4.399,4.323,4.339,229786,100189161.0,AkShare场内ETF
2021-02-25,4.4,4.423,4.392,4.422,147029,64817392.0,AkShare场内ETF
2021-02-26,4.251,4.294,4.237,4.246,348930,148577776.0,AkShare场内ETF
2021-03-01,4.309,4.355,4.309,4.342,186083,80731125.0,AkShare场内ETF
2021-03-02,4.428,4.45,4.387,4.396,145140,63944248.0,AkShare场内ETF
2021-03-03,4.35,4.383,4.321,4.376,149953,65333173.0,AkShare场内ETF
2021-03-04,4.265,4.266,4.215,4.234,222387,94120632.0,AkShare场内ETF
2021-03-05,4.157,4.186,4.124,4.182,185980,77254187.0,AkShare场内ETF
2021-03-08,4.23,4.249,4.185,4.189,157019,66169208.0,AkShare场内ETF
2021-03-09,4.137,4.177,4.117,4.153,198803,82384359.0,AkShare场内ETF
2021-03-10,4.271,4.278,4.254,4.261,148085,63106767.0,AkShare场内ETF
2021-03-11,4.258,4.298,4.252,4.297,206584,88191100.0,AkShare场内ETF
2021-03-12,4.346,4.358,4.322,4.324,152869,66418806.0,AkShare场内ETF
2021-03-15,4.334,4.348,4.296,4.306,98687,42599389.0,AkShare场内ETF
2021-03-16,4.36,4.388,4.353,4.387,159501,69737558.0,AkShare场内ETF
2021-03-17,4.385,4.385,4.366,4.38,131160,57378745.0,AkShare场内ETF
2021-03-18,4.407,4.418,4.395,4.413,102179,45043798.0,AkShare场内ETF
2021-03-19,4.278,4.284,4.258,4.267,180024,76885037.0,AkShare场内ETF
2021-03-22,4.274,4.313,4.274,4.308,103139,44352032.0,AkShare场内ETF
2021-03-23,4.351,4.356,4.332,4.349,123291,53580474.0,AkShare场内ETF
2021-03-24,4.346,4.36,4.346,4.351,127121,55343263.0,AkShare场内ETF
2021-03-25,4.288,4.296,4.272,4.285,113953,48832985.0,AkShare场内ETF
2021-03-26,4.285,4.326,4.283,4.322,120592,51925732.0,AkShare场内ETF
2021-03-29,4.31,4.331,4.3,4.322,133535,57657824.0,AkShare场内ETF
2021-03-30,4.338,4.345,4.329,4.331,102704,44573415.0,AkShare场内ETF
2021-03-31,4.339,4.348,4.321,4.329,72895,31558521.0,AkShare场内ETF
2021-04-01,4.399,4.432,4.392,4.43,154052,67928485.0,AkShare场内ETF
2021-04-02,4.487,4.489,4.476,4.479,109043,48882278.0,AkShare场内ETF
2021-04-06,4.559,4.559,4.538,4.549,157011,71436554.0,AkShare场内ETF
2021-04-07,4.547,4.548,4.529,4.545,126475,57373024.0,AkShare场内ETF
2021-04-08,4.554,4.598,4.554,4.592,124978,57261712.0,AkShare场内ETF
2021-04-09,4.624,4.635,4.596,4.605,163541,75474397.0,AkShare场内ETF
2021-04-12,4.631,4.644,4.626,4.635,146481,67835406.0,AkShare场内ETF
2021-04-13,4.625,4.642,4.622,4.625,109805,50858595.0,AkShare场内ETF
2021-04-14,4.668,4.688,4.668,4.685,119518,55966919.0,AkShare场内ETF
2021-04-15,4.637,4.639,4.618,4.638,155530,71958091.0,AkShare场内ETF
2021-04-16,4.673,4.683,4.673,4.681,132377,61934973.0,AkShare场内ETF
2021-04-19,4.69,4.701,4.682,4.69,95091,44613619.0,AkShare场内ETF
2021-04-20,4.639,4.65,4.618,4.62,146737,68018392.0,AkShare场内ETF
2021-04-21,4.577,4.588,4.559,4.585,135548,61925127.0,AkShare场内ETF
2021-04-22,4.617,4.63,4.615,4.627,78487,36286211.0,AkShare场内ETF
2021-04-23,4.578,4.584,4.57,4.572,96149,44007202.0,AkShare场内ETF
2021-04-26,4.628,4.632,4.615,4.619,108748,50280887.0,AkShare场内ETF
2021-04-27,4.648,4.659,4.647,4.656,131422,61163041.0,AkShare场内ETF
2021-04-28,4.635,4.648,4.634,4.64,68387,31727359.0,AkShare场内ETF
2021-04-29,4.645,4.659,4.645,4.653,119894,55749184.0,AkShare场内ETF
2021-04-30,4.62,4.621,4.6,4.619,157082,72404746.0,AkShare场内ETF
2021-05-06,4.5,4.515,4.49,4.512,182325,82031150.0,AkShare场内ETF
2021-05-07,4.525,4.536,4.499,4.502,210879,95258593.0,AkShare场内ETF
2021-05-10,4.53,4.54,4.519,4.537,242919,110083144.0,AkShare场内ETF
2021-05-11,4.408,4.412,4.377,4.405,183792,80745952.0,AkShare场内ETF
2021-05-12,4.393,4.408,4.385,4.406,109482,48149075.0,AkShare场内ETF
2021-05-13,4.322,4.349,4.322,4.346,126471,54821056.0,AkShare场内ETF
2021-05-14,4.371,4.397,4.365,4.394,173533,75887550.0,AkShare场内ETF
2021-05-17,4.426,4.446,4.421,4.439,153711,68071290.0,AkShare场内ETF
2021-05-18,4.439,4.457,4.42,4.453,89683,39763525.0,AkShare场内ETF
2021-05-19,4.381,4.382,4.363,4.371,113436,49606381.0,AkShare场内ETF
2021-05-20,4.378,4.389,4.373,4.382,82841,36306163.0,AkShare场内ETF
2021-05-21,4.46,4.471,4.458,4.47,128215,57231506.0,AkShare场内ETF
2021-05-24,4.449,4.455,4.437,4.448,75500,33562675.0,AkShare场内ETF
2021-05-25,4.497,4.516,4.493,4.516,115305,51944039.0,AkShare场内ETF
2021-05-26,4.512,4.515,4.501,4.51,82918,37369161.0,AkShare场内ETF
2021-05-27,4.509,4.509,4.481,4.485,108626,48815214.0,AkShare场内ETF
2021-05-28,4.492,4.497,4.478,4.483,106216,47702731.0,AkShare场内ETF
2021-05-31,4.483,4.49,4.471,4.475,130459,58389919.0,AkShare场内ETF
2021-06-01,4.475,4.484,4.458,4.483,96609,43164444.0,AkShare场内ETF
2021-06-02,4.458,4.48,4.457,4.462,85534,38166326.0,AkShare场内ETF
2021-06-03,4.472,4.479,4.465,4.473,58301,26085927.0,AkShare场内ETF
2021-06-04,4.43,4.441,4.423,4.439,80084,35505323.0,AkShare场内ETF
2021-06-07,4.498,4.514,4.49,4.501,109695,49342260.0,AkShare场内ETF
2021-06-08,4.53,4.531,4.516,4.517,91720,41487550.0,AkShare场内ETF
2021-06-09,4.524,4.525,4.5,4.523,77988,35261472.0,AkShare场内ETF
2021-06-10,4.518,4.521,4.505,4.509,69628,31441684.0,AkShare场内ETF
2021-06-11,4.558,4.567,4.555,4.563,99248,45264522.0,AkShare场内ETF
2021-06-15,4.606,4.633,4.606,4.633,142798,66077095.0,AkShare场内ETF
2021-06-16,4.595,4.628,4.595,4.603,80651,37095044.0,AkShare场内ETF
2021-06-17,4.58,4.589,4.563,4.588,116391,53291263.0,AkShare场内ETF
2021-06-18,4.672,4.686,4.661,4.684,194730,91083220.0,AkShare场内ETF
2021-06-21,4.639,4.653,4.62,4.641,267279,123928337.0,AkShare场内ETF
2021-06-22,4.665,4.679,4.665,4.671,166967,78012582.0,AkShare场内ETF
2021-06-23,4.726,4.748,4.726,4.743,170124,80606808.0,AkShare场内ETF
2021-06-24,4.743,4.746,4.732,4.742,100510,47665167.0,AkShare场内ETF
2021-06-25,4.762,4.763,4.753,4.756,111271,52957702.0,AkShare场内ETF
2021-06-28,4.75,4.771,4.736,4.767,102450,48745266.0,AkShare场内ETF
2021-06-29,4.801,4.81,4.801,4.803,103722,49846347.0,AkShare场内ETF
2021-06-30,4.82,4.839,4.82,4.837,61962,29935438.0,AkShare场内ETF
2021-07-01,4.837,4.837,4.822,4.827,70330,33960748.0,AkShare场内ETF
2021-07-02,4.83,4.833,4.819,4.828,80743,38961481.0,AkShare场内ETF
2021-07-05,4.872,4.887,4.868,4.883,77353,37745553.0,AkShare场内ETF
2021-07-06,4.884,4.888,4.879,4.887,72918,35604655.0,AkShare场内ETF
2021-07-07,4.898,4.922,4.898,4.919,73741,36238041.0,AkShare场内ETF
2021-07-08,4.923,4.925,4.905,4.91,98415,48379711.0,AkShare场内ETF
2021-07-09,4.879,4.905,4.862,4.903,163223,79697588.0,AkShare场内ETF
2021-07-12,4.919,4.941,4.919,4.934,154106,76023460.0,AkShare场内ETF
2021-07-13,4.948,4.954,4.938,4.94,126038,62336002.0,AkShare场内ETF
2021-07-14,4.932,4.94,4.93,4.938,91546,45193077.0,AkShare场内ETF
2021-07-15,4.933,4.95,4.933,4.948,77781,38437793.0,AkShare场内ETF
2021-07-16,4.902,4.921,4.893,4.903,113523,55659095.0,AkShare场内ETF
2021-07-19,4.863,4.876,4.852,4.874,112075,54456673.0,AkShare场内ETF
2021-07-20,4.851,4.865,4.851,4.863,111634,54245040.0,AkShare场内ETF
2021-07-21,4.892,4.9,4.878,4.893,142722,69790401.0,AkShare场内ETF
2021-07-22,4.919,4.939,4.919,4.938,99920,49260645.0,AkShare场内ETF
2021-07-23,4.962,4.976,4.96,4.975,98370,48874042.0,AkShare场内ETF
2021-07-26,5.011,5.049,5.01,5.041,203730,102402697.0,AkShare场内ETF
2021-07-27,5.03,5.045,5.028,5.03,142134,71573959.0,AkShare场内ETF
2021-07-28,5.0,5.0,4.963,4.98,240005,119429397.0,AkShare场内ETF
2021-07-29,4.99,4.999,4.979,4.996,177531,88555223.0,AkShare场内ETF
2021-07-30,4.94,4.942,4.908,4.912,167455,82535423.0,AkShare场内ETF
2021-08-02,4.962,4.983,4.962,4.98,168412,83736994.0,AkShare场内ETF
2021-08-03,4.96,4.97,4.954,4.968,77638,38518310.0,AkShare场内ETF
2021-08-04,4.992,5.005,4.99,5.001,153829,76860520.0,AkShare场内ETF
2021-08-05,5.003,5.003,4.992,4.996,65021,32495556.0,AkShare场内ETF
2021-08-06,5.036,5.045,5.029,5.033,136743,68846740.0,AkShare场内ETF
2021-08-09,4.998,5.017,4.993,5.008,103656,51883975.0,AkShare场内ETF
2021-08-10,5.019,5.031,5.019,5.031,73555,36966994.0,AkShare场内ETF
2021-08-11,5.019,5.019,5.002,5.006,113201,56687937.0,AkShare场内ETF
2021-08-12,4.993,4.996,4.987,4.992,86856,43346735.0,AkShare场内ETF
2021-08-13,5.01,5.012,5.005,5.01,77710,38924121.0,AkShare场内ETF
2021-08-16,5.016,5.035,5.012,5.022,121726,61158428.0,AkShare场内ETF
2021-08-17,5.016,5.041,5.016,5.039,130137,65488528.0,AkShare场内ETF
2021-08-18,5.012,5.013,4.995,5.009,162238,81196315.0,AkShare场内ETF
2021-08-19,4.976,4.976,4.92,4.922,216796,107280845.0,AkShare场内ETF
2021-08-20,4.965,4.972,4.96,4.968,181083,89937923.0,AkShare场内ETF
2021-08-23,5.03,5.052,5.021,5.05,144483,72789561.0,AkShare场内ETF
2021-08-24,5.106,5.126,5.106,5.123,277313,141874901.0,AkShare场内ETF
2021-08-25,5.122,5.123,5.107,5.118,87953,44994301.0,AkShare场内ETF
2021-08-26,5.116,5.118,5.105,5.111,106345,54363392.0,AkShare场内ETF
2021-08-27,5.086,5.119,5.086,5.115,175069,89500864.0,AkShare场内ETF
2021-08-30,5.146,5.16,5.146,5.154,222037,114441614.0,AkShare场内ETF
2021-08-31,5.195,5.224,5.188,5.224,173896,90611529.0,AkShare场内ETF
2021-09-01,5.198,5.203,5.18,5.2,253170,131428092.0,AkShare场内ETF
2021-09-02,5.2,5.201,5.186,5.193,254871,132317577.0,AkShare场内ETF
2021-09-03,5.191,5.191,5.176,5.182,150651,78100830.0,AkShare场内ETF
2021-09-06,5.185,5.199,5.185,5.195,146772,76244201.0,AkShare场内ETF
2021-09-07,5.193,5.2,5.192,5.2,98827,51351432.0,AkShare场内ETF
2021-09-08,5.196,5.199,5.19,5.193,91159,47357222.0,AkShare场内ETF
2021-09-09,5.174,5.174,5.151,5.165,154602,79798368.0,AkShare场内ETF
2021-09-10,5.151,5.158,5.146,5.148,139253,71716841.0,AkShare场内ETF
2021-09-13,5.099,5.125,5.094,5.122,228107,116376954.0,AkShare场内ETF
2021-09-14,5.112,5.114,5.09,5.092,118141,60308524.0,AkShare场内ETF
2021-09-15,5.08,5.086,5.068,5.081,86066,43686517.0,AkShare场内ETF
2021-09-16,5.117,5.118,5.103,5.106,116916,59759313.0,AkShare场内ETF
2021-09-17,5.113,5.136,5.111,5.135,144361,73974027.0,AkShare场内ETF
2021-09-22,4.998,5.015,4.98,5.009,245589,122737117.0,AkShare场内ETF
2021-09-23,5.051,5.057,5.043,5.055,134919,68106109.0,AkShare场内ETF
2021-09-24,5.083,5.091,5.064,5.065,144513,73374448.0,AkShare场内ETF
2021-09-27,5.082,5.1,5.082,5.096,150473,76599478.0,AkShare场内ETF
2021-09-28,5.034,5.04,5.004,5.005,195311,98112826.0,AkShare场内ETF
2021-09-29,4.9,4.936,4.894,4.934,263989,129722769.0,AkShare场内ETF
2021-09-30,4.922,4.945,4.91,4.944,113083,55756988.0,AkShare场内ETF
2021-10-08,4.958,4.966,4.934,4.937,166051,82156390.0,AkShare场内ETF
2021-10-11,4.901,4.906,4.876,4.881,244696,119478384.0,AkShare场内ETF
2021-10-12,4.854,4.854,4.838,4.84,153201,74234096.0,AkShare场内ETF
2021-10-13,4.835,4.853,4.833,4.852,85151,41225489.0,AkShare场内ETF
2021-10-14,4.88,4.918,4.88,4.917,118535,58062247.0,AkShare场内ETF
2021-10-15,4.973,4.998,4.966,4.986,162600,81050129.0,AkShare场内ETF
2021-10-18,4.99,4.991,4.978,4.982,80002,39881649.0,AkShare场内ETF
2021-10-19,5.039,5.04,5.027,5.039,130323,65588232.0,AkShare场内ETF
2021-10-20,5.05,5.055,5.042,5.048,103485,52261325.0,AkShare场内ETF
2021-10-21,5.042,5.05,5.027,5.047,387254,195287424.0,AkShare场内ETF
2021-10-22,5.057,5.068,5.051,5.065,318820,161460431.0,AkShare场内ETF
2021-10-25,5.025,5.042,5.023,5.04,86725,43661191.0,AkShare场内ETF
2021-10-26,5.091,5.106,5.089,5.103,100671,51278644.0,AkShare场内ETF
2021-10-27,5.1,5.1,5.08,5.095,78653,40022758.0,AkShare场内ETF
2021-10-28,5.109,5.122,5.107,5.116,84901,43440259.0,AkShare场内ETF
2021-10-29,5.14,5.14,5.117,5.122,127359,65334329.0,AkShare场内ETF
2021-11-01,5.193,5.214,5.189,5.208,134779,70169645.0,AkShare场内ETF
2021-11-02,5.216,5.218,5.204,5.218,95713,49872304.0,AkShare场内ETF
2021-11-03,5.238,5.249,5.238,5.243,78166,40970836.0,AkShare场内ETF
2021-11-04,5.301,5.318,5.3,5.315,170177,90381638.0,AkShare场内ETF
2021-11-05,5.375,5.381,5.354,5.38,151408,81364399.0,AkShare场内ETF
2021-11-08,5.377,5.38,5.357,5.362,170157,91309309.0,AkShare场内ETF
2021-11-09,5.359,5.371,5.344,5.368,174419,93466797.0,AkShare场内ETF
2021-11-10,5.327,5.327,5.301,5.316,166067,88157608.0,AkShare场内ETF
2021-11-11,5.248,5.282,5.247,5.272,185818,97818537.0,AkShare场内ETF
2021-11-12,5.28,5.291,5.264,5.27,117727,62149290.0,AkShare场内ETF
2021-11-15,5.325,5.336,5.312,5.336,133688,71187020.0,AkShare场内ETF
2021-11-16,5.325,5.325,5.295,5.304,119959,63667497.0,AkShare场内ETF
2021-11-17,5.339,5.357,5.339,5.347,116643,62379128.0,AkShare场内ETF
2021-11-18,5.345,5.362,5.344,5.359,108822,58227028.0,AkShare场内ETF
2021-11-19,5.4,5.439,5.4,5.433,166525,90359194.0,AkShare场内ETF
2021-11-22,5.452,5.464,5.444,5.448,133449,72777433.0,AkShare场内ETF
2021-11-23,5.377,5.377,5.352,5.359,229890,123348901.0,AkShare场内ETF
2021-11-24,5.348,5.369,5.343,5.368,158399,84819465.0,AkShare场内ETF
2021-11-25,5.373,5.396,5.369,5.395,124150,66796665.0,AkShare场内ETF
2021-11-26,5.372,5.372,5.332,5.34,183054,97951614.0,AkShare场内ETF
2021-11-29,5.288,5.326,5.288,5.322,230348,122340481.0,AkShare场内ETF
2021-11-30,5.377,5.387,5.318,5.346,234882,125791996.0,AkShare场内ETF
2021-12-01,5.308,5.353,5.298,5.35,141084,75182117.0,AkShare场内ETF
2021-12-02,5.227,5.235,5.216,5.23,309606,161735501.0,AkShare场内ETF
2021-12-03,5.227,5.233,5.196,5.226,196563,102577270.0,AkShare场内ETF
2021-12-06,5.14,5.158,5.135,5.153,188825,97180851.0,AkShare场内ETF
2021-12-07,5.191,5.223,5.186,5.22,184285,95841587.0,AkShare场内ETF
2021-12-08,5.346,5.358,5.33,5.35,184009,98398782.0,AkShare场内ETF
2021-12-09,5.341,5.346,5.318,5.329,144206,76900729.0,AkShare场内ETF
2021-12-10,5.27,5.3,5.27,5.28,107394,56734021.0,AkShare场内ETF
2021-12-13,5.347,5.353,5.337,5.346,98852,52822249.0,AkShare场内ETF
2021-12-14,5.276,5.276,5.256,5.261,129226,68006291.0,AkShare场内ETF
2021-12-15,5.228,5.228,5.207,5.217,245028,127824306.0,AkShare场内ETF
2021-12-16,5.322,5.348,5.311,5.347,209474,111546517.0,AkShare场内ETF
2021-12-17,5.222,5.224,5.182,5.191,349379,181672411.0,AkShare场内ETF
2021-12-20,5.12,5.17,5.105,5.113,273293,140027963.0,AkShare场内ETF
2021-12-21,5.13,5.183,5.13,5.18,201690,104006770.0,AkShare场内ETF
2021-12-22,5.213,5.218,5.197,5.206,185644,96697724.0,AkShare场内ETF
2021-12-23,5.27,5.279,5.261,5.276,194999,102835431.0,AkShare场内ETF
2021-12-24,5.31,5.316,5.301,5.307,122291,64888429.0,AkShare场内ETF
2021-12-27,5.326,5.335,5.321,5.331,126852,67604470.0,AkShare场内ETF
2021-12-28,5.393,5.408,5.39,5.405,158716,85708202.0,AkShare场内ETF
2021-12-29,5.39,5.403,5.382,5.402,143469,77395295.0,AkShare场内ETF
2021-12-30,5.382,5.4,5.368,5.372,183340,98563492.0,AkShare场内ETF
2021-12-31,5.355,5.368,5.339,5.364,209981,112435480.0,AkShare场内ETF
2022-01-04,5.398,5.407,5.382,5.406,176174,95061728.0,AkShare场内ETF
2022-01-05,5.327,5.328,5.289,5.297,222765,118143631.0,AkShare场内ETF
2022-01-06,5.15,5.179,5.122,5.151,360627,185911550.0,AkShare场内ETF
2022-01-07,5.181,5.191,5.165,5.188,172726,89415607.0,AkShare场内ETF
2022-01-10,5.11,5.144,5.097,5.142,227468,116407524.0,AkShare场内ETF
2022-01-11,5.127,5.127,5.094,5.101,267524,136706442.0,AkShare场内ETF
2022-01-12,5.16,5.197,5.16,5.192,218919,113410233.0,AkShare场内ETF
2022-01-14,1.01,1.016,1.007,1.015,1256441,126977793.0,AkShare场内ETF
2022-01-17,1.015,1.017,1.012,1.014,844954,85681333.0,AkShare场内ETF
2022-01-18,1.015,1.015,1.005,1.008,1227079,123867339.0,AkShare场内ETF
2022-01-19,0.99,0.995,0.982,0.986,1632153,161228736.0,AkShare场内ETF
2022-01-20,0.981,0.99,0.979,0.989,1266580,124668997.0,AkShare场内ETF
2022-01-21,0.964,0.969,0.955,0.96,2160243,207732080.0,AkShare场内ETF
2022-01-24,0.948,0.953,0.944,0.951,1440315,136339736.0,AkShare场内ETF
2022-01-25,0.938,0.943,0.925,0.93,2844069,265073903.0,AkShare场内ETF
2022-01-26,0.922,0.926,0.921,0.925,2169992,200515988.0,AkShare场内ETF
2022-01-27,0.912,0.917,0.903,0.905,2571776,233661353.0,AkShare场内ETF
2022-01-28,0.917,0.924,0.915,0.919,2475485,227565967.0,AkShare场内ETF
2022-02-07,0.948,0.957,0.945,0.956,2143715,203752782.0,AkShare场内ETF
2022-02-08,0.95,0.951,0.946,0.95,1190957,112928585.0,AkShare场内ETF
2022-02-09,0.96,0.967,0.96,0.966,1234131,118814160.0,AkShare场内ETF
2022-02-10,0.98,0.981,0.975,0.98,1328652,129956854.0,AkShare场内ETF
2022-02-11,0.958,0.959,0.949,0.952,1778864,169668468.0,AkShare场内ETF
2022-02-14,0.931,0.935,0.93,0.933,1566211,145936506.0,AkShare场内ETF
2022-02-15,0.932,0.936,0.93,0.933,1485429,138578388.0,AkShare场内ETF
2022-02-16,0.948,0.952,0.947,0.949,1592830,151229068.0,AkShare场内ETF
2022-02-17,0.948,0.949,0.939,0.942,1502979,141965089.0,AkShare场内ETF
2022-02-18,0.921,0.934,0.92,0.933,2022836,187810390.0,AkShare场内ETF
2022-02-21,0.92,0.934,0.918,0.931,1619460,149458709.0,AkShare场内ETF
2022-02-22,0.902,0.911,0.89,0.893,3634680,325842048.0,AkShare场内ETF
2022-02-23,0.905,0.91,0.902,0.908,1720732,156003350.0,AkShare场内ETF
2022-02-24,0.875,0.876,0.854,0.857,5359796,464416848.0,AkShare场内ETF
2022-02-25,0.895,0.898,0.889,0.894,4690200,419073488.0,AkShare场内ETF
2022-02-28,0.9,0.9,0.89,0.896,2430265,217527949.0,AkShare场内ETF
2022-03-01,0.914,0.92,0.913,0.919,2251117,206222389.0,AkShare场内ETF
2022-03-02,0.906,0.91,0.902,0.905,1371753,124257126.0,AkShare场内ETF
2022-03-03,0.918,0.92,0.915,0.92,1324199,121485124.0,AkShare场内ETF
2022-03-04,0.896,0.905,0.895,0.902,2120728,190917455.0,AkShare场内ETF
2022-03-07,0.88,0.883,0.874,0.881,2974393,261212442.0,AkShare场内ETF
2022-03-08,0.866,0.866,0.847,0.852,4088149,350416784.0,AkShare场内ETF
2022-03-09,0.856,0.862,0.852,0.862,2990404,256466167.0,AkShare场内ETF
2022-03-10,0.885,0.888,0.882,0.884,1991420,176269211.0,AkShare场内ETF
2022-03-11,0.872,0.879,0.87,0.879,1676708,146530340.0,AkShare场内ETF
2022-03-14,0.868,0.871,0.863,0.868,4611770,399601712.0,AkShare场内ETF
2022-03-15,0.853,0.859,0.85,0.851,2216698,189290792.0,AkShare场内ETF
2022-03-16,0.874,0.885,0.869,0.883,3086873,270713264.0,AkShare场内ETF
2022-03-17,0.904,0.911,0.903,0.91,2347257,212588633.0,AkShare场内ETF
2022-03-18,0.909,0.912,0.906,0.91,1526027,138718603.0,AkShare场内ETF
2022-03-21,0.931,0.933,0.927,0.93,3415619,317695152.0,AkShare场内ETF
2022-03-22,0.927,0.932,0.927,0.932,1616859,150247764.0,AkShare场内ETF
2022-03-23,0.953,0.956,0.951,0.955,1760530,167913454.0,AkShare场内ETF
2022-03-24,0.942,0.95,0.941,0.946,1749839,165394667.0,AkShare场内ETF
2022-03-25,0.96,0.963,0.959,0.963,2666441,256377984.0,AkShare场内ETF
2022-03-28,0.959,0.961,0.956,0.958,1700408,162992086.0,AkShare场内ETF
2022-03-29,0.975,0.979,0.974,0.978,1644472,160428580.0,AkShare场内ETF
2022-03-30,0.992,0.994,0.988,0.99,1807035,179139554.0,AkShare场内ETF
2022-03-31,0.984,0.985,0.98,0.983,2672373,262607893.0,AkShare场内ETF
2022-04-01,0.967,0.976,0.966,0.973,4696002,456108272.0,AkShare场内ETF
2022-04-06,0.964,0.968,0.963,0.967,2320761,223935150.0,AkShare场内ETF
2022-04-07,0.944,0.948,0.943,0.947,2449462,231469579.0,AkShare场内ETF
2022-04-08,0.946,0.954,0.945,0.953,1635207,155102843.0,AkShare场内ETF
2022-04-11,0.934,0.935,0.926,0.929,2791027,259599680.0,AkShare场内ETF
2022-04-12,0.91,0.912,0.905,0.911,4914912,446485312.0,AkShare场内ETF
2022-04-13,0.912,0.919,0.91,0.917,3164928,289520512.0,AkShare场内ETF
2022-04-14,0.927,0.932,0.927,0.931,2767545,257265132.0,AkShare场内ETF
2022-04-15,0.906,0.908,0.903,0.905,3376919,305429648.0,AkShare场内ETF
2022-04-18,0.898,0.901,0.896,0.9,2285199,205325452.0,AkShare场内ETF
2022-04-19,0.909,0.914,0.908,0.913,2094562,190755988.0,AkShare场内ETF
2022-04-20,0.923,0.925,0.922,0.924,3298732,304593616.0,AkShare场内ETF
2022-04-21,0.923,0.932,0.922,0.928,3660280,339424960.0,AkShare场内ETF
2022-04-22,0.901,0.911,0.9,0.911,2904958,262953235.0,AkShare场内ETF
2022-04-25,0.885,0.893,0.882,0.883,4913954,436376720.0,AkShare场内ETF
2022-04-26,0.905,0.908,0.903,0.904,3919876,355020464.0,AkShare场内ETF
2022-04-27,0.875,0.882,0.872,0.881,6439723,564081440.0,AkShare场内ETF
2022-04-28,0.882,0.894,0.881,0.893,3868918,342892064.0,AkShare场内ETF
2022-04-29,0.902,0.908,0.901,0.905,6033178,545703552.0,AkShare场内ETF
2022-05-05,0.915,0.919,0.912,0.913,5736782,525763616.0,AkShare场内ETF
2022-05-06,0.873,0.882,0.87,0.878,5542918,485698592.0,AkShare场内ETF
2022-05-09,0.868,0.87,0.863,0.866,3355871,290470752.0,AkShare场内ETF
2022-05-10,0.84,0.856,0.838,0.855,5721655,484168752.0,AkShare场内ETF
2022-05-11,0.856,0.861,0.854,0.859,5832292,500483632.0,AkShare场内ETF
2022-05-12,0.837,0.84,0.827,0.83,8186337,682099728.0,AkShare场内ETF
2022-05-13,0.838,0.845,0.837,0.844,5719600,480626624.0,AkShare场内ETF
2022-05-16,0.864,0.865,0.851,0.855,6457121,554129776.0,AkShare场内ETF
2022-05-17,0.854,0.859,0.852,0.859,3962962,339108768.0,AkShare场内ETF
2022-05-18,0.867,0.868,0.862,0.864,4044100,349848400.0,AkShare场内ETF
2022-05-19,0.825,0.831,0.824,0.828,6396452,528945728.0,AkShare场内ETF
2022-05-20,0.831,0.834,0.83,0.833,5775176,479878048.0,AkShare场内ETF
2022-05-23,0.832,0.838,0.828,0.837,3773699,313864560.0,AkShare场内ETF
2022-05-24,0.83,0.831,0.81,0.813,4493013,369291248.0,AkShare场内ETF
2022-05-25,0.813,0.819,0.813,0.818,3039823,248255387.0,AkShare场内ETF
2022-05-26,0.823,0.824,0.819,0.822,3465545,284708176.0,AkShare场内ETF
2022-05-27,0.841,0.849,0.841,0.848,5267407,445515904.0,AkShare场内ETF
2022-05-30,0.878,0.879,0.871,0.875,4191582,366190176.0,AkShare场内ETF
2022-05-31,0.871,0.872,0.867,0.868,3046731,264992036.0,AkShare场内ETF
2022-06-01,0.87,0.871,0.866,0.868,2340751,203331254.0,AkShare场内ETF
2022-06-02,0.863,0.864,0.859,0.86,2663797,229395613.0,AkShare场内ETF
2022-06-06,0.858,0.862,0.855,0.861,5062407,434969088.0,AkShare场内ETF
2022-06-07,0.856,0.857,0.852,0.854,3176146,271338832.0,AkShare场内ETF
2022-06-08,0.865,0.866,0.863,0.866,2725083,235720640.0,AkShare场内ETF
2022-06-09,0.862,0.863,0.859,0.861,2373206,204402362.0,AkShare场内ETF
2022-06-10,0.842,0.848,0.84,0.847,3776504,318720704.0,AkShare场内ETF
2022-06-13,0.818,0.818,0.802,0.804,7423160,600739040.0,AkShare场内ETF
2022-06-14,0.788,0.801,0.788,0.799,5884838,467766208.0,AkShare场内ETF
2022-06-15,0.798,0.805,0.794,0.803,7746180,618348736.0,AkShare场内ETF
2022-06-16,0.817,0.818,0.798,0.798,7214083,583968032.0,AkShare场内ETF
2022-06-17,0.778,0.792,0.776,0.791,5958089,467924032.0,AkShare场内ETF
2022-06-20,0.793,0.796,0.785,0.796,5135858,405675728.0,AkShare场内ETF
2022-06-21,0.797,0.808,0.795,0.805,3951041,317021152.0,AkShare场内ETF
2022-06-22,0.808,0.81,0.802,0.802,4818736,387642800.0,AkShare场内ETF
2022-06-23,0.806,0.816,0.805,0.815,4651442,376108144.0,AkShare场内ETF
2022-06-24,0.817,0.827,0.817,0.824,4099964,337400016.0,AkShare场内ETF
2022-06-27,0.84,0.842,0.836,0.837,4657971,390847888.0,AkShare场内ETF
2022-06-28,0.833,0.834,0.825,0.828,6571021,544677520.0,AkShare场内ETF
2022-06-29,0.805,0.811,0.805,0.806,4676096,377666288.0,AkShare场内ETF
2022-06-30,0.806,0.808,0.8,0.801,4144415,333486384.0,AkShare场内ETF
2022-07-01,0.801,0.802,0.794,0.799,4094009,326834320.0,AkShare场内ETF
2022-07-04,0.8,0.803,0.796,0.802,4533810,362410672.0,AkShare场内ETF
2022-07-05,0.806,0.815,0.805,0.814,3433102,278127984.0,AkShare场内ETF
2022-07-06,0.822,0.825,0.815,0.819,4550416,372965184.0,AkShare场内ETF
2022-07-07,0.821,0.829,0.82,0.829,3768208,310772944.0,AkShare场内ETF
2022-07-08,0.839,0.841,0.834,0.835,3328033,278773568.0,AkShare场内ETF
2022-07-11,0.832,0.835,0.827,0.828,3413352,283410752.0,AkShare场内ETF
2022-07-12,0.815,0.819,0.814,0.816,2427633,198114108.0,AkShare场内ETF
2022-07-13,0.815,0.821,0.814,0.821,2932817,239525596.0,AkShare场内ETF
2022-07-14,0.814,0.816,0.811,0.812,3481561,283148001.0,AkShare场内ETF
2022-07-15,0.818,0.823,0.818,0.821,2600302,213505541.0,AkShare场内ETF
2022-07-18,0.834,0.842,0.832,0.841,3066710,256690117.0,AkShare场内ETF
2022-07-19,0.829,0.832,0.827,0.829,2517029,208850023.0,AkShare场内ETF
2022-07-20,0.852,0.857,0.85,0.856,4465670,381017410.0,AkShare场内ETF
2022-07-21,0.861,0.865,0.86,0.861,3671392,316491200.0,AkShare场内ETF
2022-07-22,0.868,0.87,0.866,0.867,3413661,296316907.0,AkShare场内ETF
2022-07-25,0.858,0.858,0.851,0.854,3888038,332327234.0,AkShare场内ETF
2022-07-26,0.847,0.851,0.846,0.849,2615775,221878449.0,AkShare场内ETF
2022-07-27,0.846,0.852,0.845,0.849,2996574,254462598.0,AkShare场内ETF
2022-07-28,0.867,0.868,0.863,0.864,3427438,296358704.0,AkShare场内ETF
2022-07-29,0.884,0.888,0.884,0.888,3839103,340115052.0,AkShare场内ETF
2022-08-01,0.888,0.888,0.885,0.886,2445384,216874470.0,AkShare场内ETF
2022-08-02,0.888,0.889,0.883,0.886,4495566,398254109.0,AkShare场内ETF
2022-08-03,0.886,0.888,0.884,0.886,1939182,171831385.0,AkShare场内ETF
2022-08-04,0.909,0.911,0.908,0.911,2510569,228403533.0,AkShare场内ETF
2022-08-05,0.916,0.918,0.915,0.915,1742954,159756378.0,AkShare场内ETF
2022-08-08,0.907,0.913,0.905,0.912,1898237,172424848.0,AkShare场内ETF
2022-08-09,0.906,0.908,0.903,0.905,2089589,189171903.0,AkShare场内ETF
2022-08-10,0.895,0.895,0.89,0.892,2218135,198015951.0,AkShare场内ETF
2022-08-11,0.92,0.924,0.918,0.923,3484495,320889588.0,AkShare场内ETF
2022-08-12,0.914,0.915,0.912,0.914,1898585,173376187.0,AkShare场内ETF
2022-08-15,0.929,0.932,0.928,0.931,1755819,163425681.0,AkShare场内ETF
2022-08-16,0.941,0.944,0.941,0.942,1680467,158386595.0,AkShare场内ETF
2022-08-17,0.941,0.942,0.939,0.939,1417633,133270871.0,AkShare场内ETF
2022-08-18,0.928,0.931,0.925,0.926,2152688,199941475.0,AkShare场内ETF
2022-08-19,0.933,0.935,0.927,0.928,2523309,235233592.0,AkShare场内ETF
2022-08-22,0.915,0.916,0.911,0.912,3123407,285446563.0,AkShare场内ETF
2022-08-23,0.898,0.9,0.892,0.895,3763317,337404474.0,AkShare场内ETF
2022-08-24,0.896,0.899,0.892,0.898,3627561,324766843.0,AkShare场内ETF
2022-08-25,0.901,0.91,0.9,0.91,2191723,198266543.0,AkShare场内ETF
2022-08-26,0.916,0.916,0.912,0.915,2244428,205226471.0,AkShare场内ETF
2022-08-29,0.872,0.879,0.87,0.879,4227427,369829614.0,AkShare场内ETF
2022-08-30,0.878,0.884,0.877,0.883,2140440,188371535.0,AkShare场内ETF
2022-08-31,0.873,0.877,0.872,0.875,3370016,294519193.0,AkShare场内ETF
2022-09-01,0.859,0.86,0.852,0.854,4551474,389780656.0,AkShare场内ETF
2022-09-02,0.863,0.864,0.859,0.863,3842979,330987321.0,AkShare场内ETF
2022-09-05,0.853,0.856,0.852,0.856,2672954,228188951.0,AkShare场内ETF
2022-09-06,0.861,0.862,0.858,0.862,2185434,187930752.0,AkShare场内ETF
2022-09-07,0.848,0.854,0.848,0.853,3631111,308922897.0,AkShare场内ETF
2022-09-08,0.868,0.871,0.867,0.87,4495864,390457249.0,AkShare场内ETF
2022-09-09,0.874,0.875,0.871,0.873,2913935,254402278.0,AkShare场内ETF
2022-09-13,0.894,0.899,0.894,0.898,3311919,296713490.0,AkShare场内ETF
2022-09-14,0.854,0.856,0.851,0.856,4842971,413635996.0,AkShare场内ETF
2022-09-15,0.859,0.862,0.858,0.858,2235706,192204322.0,AkShare场内ETF
2022-09-16,0.845,0.845,0.84,0.841,1950053,164482098.0,AkShare场内ETF
2022-09-19,0.842,0.845,0.838,0.84,3064463,257919184.0,AkShare场内ETF
2022-09-20,0.851,0.856,0.85,0.855,2762759,235844233.0,AkShare场内ETF
2022-09-21,0.85,0.852,0.847,0.85,2983442,253555116.0,AkShare场内ETF
2022-09-22,0.83,0.836,0.828,0.834,6324251,526428025.0,AkShare场内ETF
2022-09-23,0.829,0.832,0.828,0.829,2093595,173688410.0,AkShare场内ETF
2022-09-26,0.818,0.822,0.816,0.816,4210576,344766913.0,AkShare场内ETF
2022-09-27,0.823,0.831,0.822,0.831,4275999,353155477.0,AkShare场内ETF
2022-09-28,0.826,0.827,0.817,0.82,5923217,485943854.0,AkShare场内ETF
2022-09-29,0.834,0.837,0.829,0.833,4395973,366705994.0,AkShare场内ETF
2022-09-30,0.812,0.813,0.807,0.812,5383496,435943702.0,AkShare场内ETF
2022-10-10,0.799,0.8,0.792,0.792,3822661,304462283.0,AkShare场内ETF
2022-10-11,0.796,0.797,0.792,0.792,3143051,249818049.0,AkShare场内ETF
2022-10-12,0.791,0.799,0.787,0.797,4246500,336267331.0,AkShare场内ETF
2022-10-13,0.789,0.791,0.787,0.79,3126281,246662733.0,AkShare场内ETF
2022-10-14,0.804,0.813,0.803,0.811,6025513,487384047.0,AkShare场内ETF
2022-10-17,0.791,0.795,0.786,0.793,6070953,479432191.0,AkShare场内ETF
2022-10-18,0.816,0.83,0.814,0.824,7391387,606442200.0,AkShare场内ETF
2022-10-19,0.829,0.83,0.82,0.821,4904512,404455723.0,AkShare场内ETF
2022-10-20,0.809,0.815,0.806,0.812,4739326,383888040.0,AkShare场内ETF
2022-10-21,0.81,0.812,0.808,0.81,2410708,195238331.0,AkShare场内ETF
2022-10-24,0.836,0.838,0.831,0.833,7998024,667368573.0,AkShare场内ETF
2022-10-25,0.844,0.85,0.842,0.848,3993076,337787361.0,AkShare场内ETF
2022-10-26,0.847,0.848,0.841,0.842,4080507,344885248.0,AkShare场内ETF
2022-10-27,0.836,0.84,0.833,0.837,3255286,272313026.0,AkShare场内ETF
2022-10-28,0.823,0.825,0.81,0.811,4268553,348243401.0,AkShare场内ETF
2022-10-31,0.845,0.85,0.844,0.849,4197603,355493839.0,AkShare场内ETF
2022-11-01,0.848,0.852,0.846,0.851,4072182,345517353.0,AkShare场内ETF
2022-11-02,0.841,0.841,0.837,0.838,4877140,408799981.0,AkShare场内ETF
2022-11-03,0.812,0.815,0.811,0.813,5565742,452422492.0,AkShare场内ETF
2022-11-04,0.801,0.815,0.797,0.814,8887941,713927749.0,AkShare场内ETF
2022-11-07,0.803,0.816,0.803,0.815,3802905,308151009.0,AkShare场内ETF
2022-11-08,0.82,0.82,0.813,0.816,3009399,245522922.0,AkShare场内ETF
2022-11-09,0.816,0.822,0.816,0.818,3535311,289933655.0,AkShare场内ETF
2022-11-10,0.805,0.809,0.804,0.808,2245968,181172374.0,AkShare场内ETF
2022-11-11,0.856,0.858,0.847,0.854,7643685,650802341.0,AkShare场内ETF
2022-11-14,0.856,0.857,0.848,0.848,3349211,285185492.0,AkShare场内ETF
2022-11-15,0.848,0.856,0.846,0.855,3611786,307613582.0,AkShare场内ETF
2022-11-16,0.854,0.863,0.852,0.861,4909859,421197739.0,AkShare场内ETF
2022-11-17,0.852,0.856,0.851,0.856,2553658,217953465.0,AkShare场内ETF
2022-11-18,0.854,0.857,0.851,0.853,2934641,250649539.0,AkShare场内ETF
2022-11-21,0.85,0.853,0.849,0.85,2406327,204784728.0,AkShare场内ETF
2022-11-22,0.846,0.848,0.841,0.843,2100738,177365381.0,AkShare场内ETF
2022-11-23,0.85,0.854,0.85,0.853,2391929,203725024.0,AkShare场内ETF
2022-11-24,0.863,0.865,0.862,0.863,3005548,259387900.0,AkShare场内ETF
2022-11-25,0.868,0.868,0.865,0.865,1541089,133469877.0,AkShare场内ETF
2022-11-28,0.858,0.859,0.853,0.854,3023383,258766685.0,AkShare场内ETF
2022-11-29,0.851,0.853,0.848,0.852,4426797,376399521.0,AkShare场内ETF
2022-11-30,0.842,0.843,0.839,0.842,3028017,254642387.0,AkShare场内ETF
2022-12-01,0.867,0.869,0.864,0.868,4974690,431078311.0,AkShare场内ETF
2022-12-02,0.862,0.865,0.861,0.863,2008655,173347024.0,AkShare场内ETF
2022-12-05,0.857,0.858,0.853,0.854,3110624,265986199.0,AkShare场内ETF
2022-12-06,0.842,0.845,0.841,0.844,4081430,343878119.0,AkShare场内ETF
2022-12-07,0.83,0.835,0.829,0.835,4282771,356325981.0,AkShare场内ETF
2022-12-08,0.83,0.832,0.829,0.832,2928767,243285731.0,AkShare场内ETF
2022-12-09,0.837,0.838,0.832,0.833,3147373,262379608.0,AkShare场内ETF
2022-12-12,0.825,0.826,0.824,0.825,3092833,255151204.0,AkShare场内ETF
2022-12-13,0.833,0.838,0.832,0.838,3583012,299146823.0,AkShare场内ETF
2022-12-14,0.844,0.848,0.844,0.848,2928628,247540566.0,AkShare场内ETF
2022-12-15,0.84,0.841,0.835,0.835,2732273,228719111.0,AkShare场内ETF
2022-12-16,0.812,0.817,0.81,0.816,4404198,358492060.0,AkShare场内ETF
2022-12-19,0.814,0.815,0.812,0.813,1811147,147278257.0,AkShare场内ETF
2022-12-20,0.806,0.808,0.8,0.802,4593641,369395861.0,AkShare场内ETF
2022-12-21,0.806,0.81,0.805,0.809,3199740,258432855.0,AkShare场内ETF
2022-12-22,0.816,0.816,0.81,0.811,2336213,189955550.0,AkShare场内ETF
2022-12-23,0.798,0.802,0.796,0.801,2880296,230174912.0,AkShare场内ETF
2022-12-26,0.802,0.803,0.798,0.802,1478574,118331562.0,AkShare场内ETF
2022-12-27,0.805,0.81,0.804,0.808,2395606,193493025.0,AkShare场内ETF
2022-12-28,0.797,0.801,0.796,0.799,3775848,301220541.0,AkShare场内ETF
2022-12-29,0.793,0.796,0.79,0.795,2434756,192989862.0,AkShare场内ETF
2022-12-30,0.802,0.804,0.798,0.799,2998502,240251385.0,AkShare场内ETF
2023-01-03,0.797,0.809,0.795,0.806,3123327,250424669.0,AkShare场内ETF
2023-01-04,0.801,0.805,0.8,0.804,1808677,145215892.0,AkShare场内ETF
2023-01-05,0.804,0.806,0.802,0.805,3622862,291206822.0,AkShare场内ETF
2023-01-06,0.799,0.8,0.796,0.799,4265900,340506187.0,AkShare场内ETF
2023-01-09,0.805,0.809,0.805,0.809,3063903,247146635.0,AkShare场内ETF
2023-01-10,0.808,0.808,0.804,0.805,2384404,192202904.0,AkShare场内ETF
2023-01-11,0.81,0.811,0.809,0.81,2317915,187754202.0,AkShare场内ETF
2023-01-12,0.817,0.819,0.817,0.818,2268482,185563507.0,AkShare场内ETF
2023-01-13,0.819,0.819,0.814,0.815,1946463,158791276.0,AkShare场内ETF
2023-01-16,0.817,0.819,0.814,0.815,1885864,154096050.0,AkShare场内ETF
2023-01-17,0.816,0.821,0.815,0.82,2408458,196896242.0,AkShare场内ETF
2023-01-18,0.819,0.823,0.819,0.821,2012846,165301044.0,AkShare场内ETF
2023-01-19,0.811,0.812,0.806,0.81,3337042,270071613.0,AkShare场内ETF
2023-01-20,0.807,0.816,0.806,0.815,2622932,212517405.0,AkShare场内ETF
2023-01-30,0.843,0.85,0.842,0.844,6019738,509438273.0,AkShare场内ETF
2023-01-31,0.835,0.837,0.832,0.832,1935520,161528535.0,AkShare场内ETF
2023-02-01,0.841,0.847,0.84,0.847,2623152,221268472.0,AkShare场内ETF
2023-02-02,0.864,0.865,0.86,0.862,2945935,253835245.0,AkShare场内ETF
2023-02-03,0.873,0.874,0.87,0.87,5499839,479434718.0,AkShare场内ETF
2023-02-06,0.87,0.873,0.863,0.865,7575823,657007541.0,AkShare场内ETF
2023-02-07,0.867,0.868,0.865,0.866,2064736,178993852.0,AkShare场内ETF
2023-02-08,0.878,0.883,0.878,0.882,3492056,307398650.0,AkShare场内ETF
2023-02-09,0.871,0.874,0.869,0.873,3792463,330739731.0,AkShare场内ETF
2023-02-10,0.863,0.864,0.859,0.86,2236588,192579570.0,AkShare场内ETF
2023-02-13,0.856,0.86,0.855,0.859,2091005,179234609.0,AkShare场内ETF
2023-02-14,0.869,0.872,0.868,0.871,2875054,250170998.0,AkShare场内ETF
2023-02-15,0.875,0.876,0.871,0.873,3305118,288749896.0,AkShare场内ETF
2023-02-16,0.888,0.891,0.888,0.89,3171996,282206174.0,AkShare场内ETF
2023-02-17,0.87,0.872,0.865,0.865,3629978,315159101.0,AkShare场内ETF
2023-02-20,0.863,0.868,0.863,0.868,3893257,336701611.0,AkShare场内ETF
2023-02-21,0.865,0.867,0.864,0.866,2218603,191878308.0,AkShare场内ETF
2023-02-22,0.851,0.854,0.85,0.85,3490256,297221986.0,AkShare场内ETF
2023-02-23,0.855,0.857,0.854,0.857,1669315,142880234.0,AkShare场内ETF
2023-02-24,0.86,0.861,0.857,0.86,1783027,153145704.0,AkShare场内ETF
2023-02-27,0.853,0.854,0.852,0.852,1523080,129912644.0,AkShare场内ETF
2023-02-28,0.857,0.858,0.854,0.855,1606320,137493501.0,AkShare场内ETF
2023-03-01,0.85,0.853,0.849,0.852,3240836,275763108.0,AkShare场内ETF
2023-03-02,0.845,0.846,0.835,0.84,5096780,427516730.0,AkShare场内ETF
2023-03-03,0.847,0.849,0.845,0.849,2765144,234284733.0,AkShare场内ETF
2023-03-06,0.865,0.874,0.864,0.871,5215064,452856509.0,AkShare场内ETF
2023-03-07,0.874,0.875,0.871,0.872,2906579,253812613.0,AkShare场内ETF
2023-03-08,0.866,0.867,0.863,0.864,1764495,152523607.0,AkShare场内ETF
2023-03-09,0.866,0.87,0.865,0.868,1589416,137901059.0,AkShare场内ETF
2023-03-10,0.851,0.853,0.847,0.848,3554478,302188872.0,AkShare场内ETF
2023-03-13,0.844,0.855,0.843,0.854,4674375,396522122.0,AkShare场内ETF
2023-03-14,0.846,0.847,0.839,0.841,6289868,529579419.0,AkShare场内ETF
2023-03-15,0.857,0.86,0.856,0.859,4716075,404668502.0,AkShare场内ETF
2023-03-16,0.864,0.867,0.862,0.863,2629183,227465904.0,AkShare场内ETF
2023-03-17,0.884,0.886,0.882,0.884,4268884,377226118.0,AkShare场内ETF
2023-03-20,0.881,0.883,0.872,0.873,3937981,345994951.0,AkShare场内ETF
2023-03-21,0.88,0.882,0.879,0.882,1464419,129060132.0,AkShare场内ETF
2023-03-22,0.893,0.896,0.893,0.895,2451245,219190335.0,AkShare场内ETF
2023-03-23,0.882,0.884,0.881,0.884,3626370,319983686.0,AkShare场内ETF
2023-03-24,0.888,0.891,0.886,0.891,3206303,284914297.0,AkShare场内ETF
2023-03-27,0.897,0.901,0.896,0.899,2974491,267172867.0,AkShare场内ETF
2023-03-28,0.891,0.894,0.888,0.893,2147671,191359360.0,AkShare场内ETF
2023-03-29,0.89,0.895,0.889,0.893,1912863,170648248.0,AkShare场内ETF
2023-03-30,0.902,0.905,0.902,0.903,3617075,326675174.0,AkShare场内ETF
2023-03-31,0.912,0.913,0.907,0.908,2526160,229773424.0,AkShare场内ETF
2023-04-03,0.919,0.921,0.918,0.92,3139582,288770357.0,AkShare场内ETF
2023-04-04,0.921,0.922,0.919,0.922,2352499,216484190.0,AkShare场内ETF
2023-04-06,0.907,0.908,0.905,0.906,2378909,215580344.0,AkShare场内ETF
2023-04-07,0.915,0.916,0.914,0.914,1448657,132538256.0,AkShare场内ETF
2023-04-10,0.914,0.914,0.909,0.91,1522959,138871245.0,AkShare场内ETF
2023-04-11,0.915,0.916,0.913,0.915,1559199,142624219.0,AkShare场内ETF
2023-04-12,0.91,0.911,0.907,0.908,2038951,185254710.0,AkShare场内ETF
2023-04-13,0.899,0.903,0.898,0.902,2772894,249653123.0,AkShare场内ETF
2023-04-14,0.915,0.915,0.91,0.91,1977763,180432451.0,AkShare场内ETF
2023-04-17,0.915,0.916,0.914,0.914,1695010,155048915.0,AkShare场内ETF
2023-04-18,0.914,0.915,0.913,0.914,1568659,143331276.0,AkShare场内ETF
2023-04-19,0.914,0.915,0.912,0.912,1265083,115516077.0,AkShare场内ETF
2023-04-20,0.913,0.915,0.911,0.912,2913989,266041562.0,AkShare场内ETF
2023-04-21,0.91,0.911,0.908,0.908,1559525,141783550.0,AkShare场内ETF
2023-04-24,0.908,0.911,0.905,0.906,2499514,226874648.0,AkShare场内ETF
2023-04-25,0.908,0.908,0.905,0.906,1951858,176962578.0,AkShare场内ETF
2023-04-26,0.907,0.908,0.904,0.904,2696859,244314877.0,AkShare场内ETF
2023-04-27,0.905,0.907,0.904,0.905,1833485,165956480.0,AkShare场内ETF
2023-04-28,0.921,0.923,0.92,0.923,2948879,271874450.0,AkShare场内ETF
2023-05-04,0.916,0.919,0.914,0.918,2000716,183362451.0,AkShare场内ETF
2023-05-05,0.915,0.916,0.915,0.916,878183,80388627.0,AkShare场内ETF
2023-05-08,0.93,0.931,0.928,0.93,2548493,236840616.0,AkShare场内ETF
2023-05-09,0.931,0.932,0.93,0.93,1718027,160005529.0,AkShare场内ETF
2023-05-10,0.927,0.93,0.926,0.93,1285142,119270336.0,AkShare场内ETF
2023-05-11,0.94,0.942,0.94,0.942,2086514,196339953.0,AkShare场内ETF
2023-05-12,0.947,0.948,0.946,0.946,1807403,171166296.0,AkShare场内ETF
2023-05-15,0.943,0.944,0.941,0.944,1453544,137005361.0,AkShare场内ETF
2023-05-16,0.947,0.948,0.946,0.947,2132313,201929979.0,AkShare场内ETF
2023-05-17,0.954,0.956,0.953,0.953,2343548,223694919.0,AkShare场内ETF
2023-05-18,0.965,0.969,0.964,0.968,2537538,245329037.0,AkShare场内ETF
2023-05-19,0.992,0.996,0.989,0.99,5450150,541216980.0,AkShare场内ETF
2023-05-22,0.985,0.986,0.981,0.984,3319287,326411017.0,AkShare场内ETF
2023-05-23,0.993,0.996,0.991,0.992,3115601,309547101.0,AkShare场内ETF
2023-05-24,0.982,0.982,0.976,0.977,4112096,402691164.0,AkShare场内ETF
2023-05-25,0.987,0.993,0.986,0.993,3496459,345633582.0,AkShare场内ETF
2023-05-26,1.0,1.001,0.995,0.996,3123782,311549389.0,AkShare场内ETF
2023-05-29,1.029,1.033,1.028,1.032,3537924,364438891.0,AkShare场内ETF
2023-05-30,1.032,1.037,1.029,1.035,4247798,439222284.0,AkShare场内ETF
2023-05-31,1.034,1.036,1.029,1.031,3208005,331394948.0,AkShare场内ETF
2023-06-01,1.028,1.03,1.024,1.03,2924231,300526261.0,AkShare场内ETF
2023-06-02,1.041,1.044,1.039,1.043,4350425,453129345.0,AkShare场内ETF
2023-06-05,1.048,1.048,1.044,1.048,2763392,289139215.0,AkShare场内ETF
2023-06-06,1.05,1.052,1.048,1.049,3444215,361702045.0,AkShare场内ETF
2023-06-07,1.05,1.053,1.049,1.052,2622825,275674849.0,AkShare场内ETF
2023-06-08,1.036,1.038,1.03,1.03,4736692,489477471.0,AkShare场内ETF
2023-06-09,1.045,1.048,1.044,1.047,3512801,367573664.0,AkShare场内ETF
2023-06-12,1.055,1.06,1.054,1.059,2509964,265389732.0,AkShare场内ETF
2023-06-13,1.079,1.086,1.076,1.085,6560033,708866735.0,AkShare场内ETF
2023-06-14,1.089,1.091,1.084,1.086,3033960,329643733.0,AkShare场内ETF
2023-06-15,1.093,1.096,1.091,1.091,5664784,619291117.0,AkShare场内ETF
2023-06-16,1.098,1.101,1.096,1.1,5519091,606589834.0,AkShare场内ETF
2023-06-19,1.097,1.097,1.093,1.096,5018787,549571925.0,AkShare场内ETF
2023-06-20,1.096,1.097,1.094,1.095,2878691,315357716.0,AkShare场内ETF
2023-06-21,1.1,1.102,1.098,1.1,3764691,414152896.0,AkShare场内ETF
2023-06-26,1.091,1.093,1.09,1.091,3964189,432681747.0,AkShare场内ETF
2023-06-27,1.077,1.077,1.073,1.076,5846116,628360899.0,AkShare场内ETF
2023-06-28,1.088,1.091,1.087,1.09,3473139,378328884.0,AkShare场内ETF
2023-06-29,1.098,1.101,1.098,1.099,2773811,305009895.0,AkShare场内ETF
2023-06-30,1.099,1.1,1.098,1.1,1883859,207081842.0,AkShare场内ETF
2023-07-03,1.116,1.12,1.113,1.118,5014745,559294621.0,AkShare场内ETF
2023-07-04,1.114,1.116,1.111,1.112,3909988,435622891.0,AkShare场内ETF
2023-07-05,1.112,1.114,1.11,1.11,3225731,358890678.0,AkShare场内ETF
2023-07-06,1.115,1.116,1.109,1.111,3257357,362393974.0,AkShare场内ETF
2023-07-07,1.106,1.107,1.104,1.106,3413466,377423853.0,AkShare场内ETF
2023-07-10,1.101,1.101,1.095,1.095,4019416,441085218.0,AkShare场内ETF
2023-07-11,1.1,1.102,1.096,1.101,3438587,378189881.0,AkShare场内ETF
2023-07-12,1.104,1.104,1.1,1.102,2930744,323008308.0,AkShare场内ETF
2023-07-13,1.113,1.12,1.112,1.118,5118858,571648893.0,AkShare场内ETF
2023-07-14,1.129,1.13,1.125,1.126,3967748,447137169.0,AkShare场内ETF
2023-07-17,1.126,1.132,1.125,1.132,3125651,352685239.0,AkShare场内ETF
2023-07-18,1.14,1.144,1.139,1.142,4300860,490885164.0,AkShare场内ETF
2023-07-19,1.153,1.164,1.153,1.163,5435357,629856534.0,AkShare场内ETF
2023-07-20,1.152,1.153,1.147,1.147,7218323,830628768.0,AkShare场内ETF
2023-07-21,1.124,1.128,1.122,1.128,5808081,653943003.0,AkShare场内ETF
2023-07-24,1.124,1.134,1.123,1.132,4087268,461759302.0,AkShare场内ETF
2023-07-25,1.131,1.131,1.124,1.128,4803584,541073456.0,AkShare场内ETF
2023-07-26,1.13,1.132,1.129,1.131,3365604,380451560.0,AkShare场内ETF
2023-07-27,1.131,1.143,1.13,1.141,5784797,657039986.0,AkShare场内ETF
2023-07-28,1.133,1.137,1.131,1.134,6310413,715486815.0,AkShare场内ETF
2023-07-31,1.146,1.151,1.142,1.149,5988079,686548904.0,AkShare场内ETF
2023-08-01,1.151,1.155,1.151,1.153,3376060,389459491.0,AkShare场内ETF
2023-08-02,1.149,1.149,1.137,1.137,5485949,627599060.0,AkShare场内ETF
2023-08-03,1.121,1.124,1.118,1.118,5788835,649167637.0,AkShare场内ETF
2023-08-04,1.121,1.13,1.119,1.128,6145848,690670547.0,AkShare场内ETF
2023-08-07,1.121,1.122,1.116,1.118,5273550,589762001.0,AkShare场内ETF
2023-08-08,1.123,1.124,1.12,1.12,3646200,409184557.0,AkShare场内ETF
2023-08-09,1.119,1.12,1.116,1.119,4168333,465948809.0,AkShare场内ETF
2023-08-10,1.107,1.11,1.104,1.109,4105889,454389682.0,AkShare场内ETF
2023-08-11,1.111,1.112,1.107,1.11,3265620,362188540.0,AkShare场内ETF
2023-08-14,1.104,1.105,1.098,1.103,5042869,555460100.0,AkShare场内ETF
2023-08-15,1.119,1.128,1.119,1.124,5217859,586836026.0,AkShare场内ETF
2023-08-16,1.113,1.114,1.11,1.112,3106892,345406703.0,AkShare场内ETF
2023-08-17,1.098,1.104,1.097,1.104,4951573,544736359.0,AkShare场内ETF
2023-08-18,1.086,1.087,1.08,1.083,6251377,677229199.0,AkShare场内ETF
2023-08-21,1.084,1.087,1.084,1.086,4057427,440516215.0,AkShare场内ETF
2023-08-22,1.098,1.104,1.096,1.104,4023218,442416058.0,AkShare场内ETF
2023-08-23,1.104,1.106,1.102,1.104,3109046,343276950.0,AkShare场内ETF
2023-08-24,1.127,1.137,1.127,1.134,8081913,915294954.0,AkShare场内ETF
2023-08-25,1.097,1.098,1.089,1.091,5125697,560786790.0,AkShare场内ETF
2023-08-28,1.102,1.106,1.101,1.105,3843734,424034077.0,AkShare场内ETF
2023-08-29,1.113,1.115,1.111,1.111,3410341,379512974.0,AkShare场内ETF
2023-08-30,1.135,1.137,1.133,1.135,5263488,597672372.0,AkShare场内ETF
2023-08-31,1.141,1.143,1.139,1.14,4129059,471300613.0,AkShare场内ETF
2023-09-01,1.138,1.141,1.137,1.139,3232874,368333133.0,AkShare场内ETF
2023-09-04,1.14,1.143,1.138,1.142,2645962,301736039.0,AkShare场内ETF
2023-09-05,1.141,1.143,1.14,1.141,1517921,173293000.0,AkShare场内ETF
2023-09-06,1.146,1.147,1.143,1.143,1866194,213750744.0,AkShare场内ETF
2023-09-07,1.137,1.138,1.133,1.134,3225184,366209444.0,AkShare场内ETF
2023-09-08,1.131,1.141,1.13,1.141,2951581,335141320.0,AkShare场内ETF
2023-09-11,1.136,1.137,1.132,1.134,4032390,457604811.0,AkShare场内ETF
2023-09-12,1.141,1.142,1.139,1.141,2333770,266143006.0,AkShare场内ETF
2023-09-13,1.128,1.13,1.126,1.128,3354662,378459156.0,AkShare场内ETF
2023-09-14,1.133,1.139,1.132,1.136,3656597,415523723.0,AkShare场内ETF
2023-09-15,1.145,1.145,1.14,1.142,3331786,380662485.0,AkShare场内ETF
2023-09-18,1.124,1.126,1.122,1.124,2640156,296802280.0,AkShare场内ETF
2023-09-19,1.126,1.127,1.122,1.123,2164085,243388678.0,AkShare场内ETF
2023-09-20,1.122,1.124,1.12,1.124,3307127,370892218.0,AkShare场内ETF
2023-09-21,1.105,1.106,1.1,1.103,5230421,576471819.0,AkShare场内ETF
2023-09-22,1.085,1.093,1.084,1.092,5140599,559297772.0,AkShare场内ETF
2023-09-25,1.089,1.095,1.089,1.094,2916232,318704232.0,AkShare场内ETF
2023-09-26,1.092,1.094,1.085,1.085,3703135,403515519.0,AkShare场内ETF
2023-09-27,1.078,1.082,1.076,1.081,4937659,532609640.0,AkShare场内ETF
2023-09-28,1.085,1.085,1.079,1.08,3946643,426777016.0,AkShare场内ETF
2023-10-09,1.099,1.1,1.092,1.096,6799799,745196302.0,AkShare场内ETF
2023-10-10,1.109,1.112,1.108,1.111,4966925,551155362.0,AkShare场内ETF
2023-10-11,1.116,1.12,1.115,1.118,3763685,420544394.0,AkShare场内ETF
2023-10-12,1.129,1.13,1.127,1.128,2847651,321384504.0,AkShare场内ETF
2023-10-13,1.122,1.124,1.119,1.122,3104624,348124202.0,AkShare场内ETF
2023-10-16,1.112,1.112,1.108,1.111,3799498,421913645.0,AkShare场内ETF
2023-10-17,1.12,1.121,1.118,1.119,2710704,303480914.0,AkShare场内ETF
2023-10-18,1.115,1.116,1.114,1.114,2321918,258865948.0,AkShare场内ETF
2023-10-19,1.104,1.105,1.097,1.1,5031534,553580663.0,AkShare场内ETF
2023-10-20,1.086,1.089,1.085,1.086,6340077,688765686.0,AkShare场内ETF
2023-10-23,1.076,1.079,1.075,1.079,3705545,399158935.0,AkShare场内ETF
2023-10-24,1.081,1.087,1.078,1.086,4149646,449006206.0,AkShare场内ETF
2023-10-25,1.088,1.089,1.082,1.082,4300778,466954609.0,AkShare场内ETF
2023-10-26,1.053,1.054,1.048,1.049,6369098,668894573.0,AkShare场内ETF
2023-10-27,1.047,1.056,1.047,1.053,5408932,569142414.0,AkShare场内ETF
2023-10-30,1.053,1.055,1.052,1.055,2343590,246903928.0,AkShare场内ETF
2023-10-31,1.057,1.058,1.052,1.054,2485814,262348364.0,AkShare场内ETF
2023-11-01,1.061,1.07,1.06,1.069,5191302,553330394.0,AkShare场内ETF
2023-11-02,1.09,1.094,1.089,1.091,5078154,554284496.0,AkShare场内ETF
2023-11-03,1.102,1.102,1.098,1.099,2423426,266646780.0,AkShare场内ETF
2023-11-06,1.11,1.112,1.11,1.111,2938790,326474591.0,AkShare场内ETF
2023-11-07,1.112,1.113,1.109,1.11,3598518,399810516.0,AkShare场内ETF
2023-11-08,1.122,1.123,1.12,1.12,2555680,286584955.0,AkShare场内ETF
2023-11-09,1.123,1.127,1.122,1.127,3077967,346183536.0,AkShare场内ETF
2023-11-10,1.117,1.117,1.115,1.116,2550398,284596490.0,AkShare场内ETF
2023-11-13,1.14,1.141,1.137,1.14,3001230,341774283.0,AkShare场内ETF
2023-11-14,1.14,1.145,1.139,1.144,3171770,362432460.0,AkShare场内ETF
2023-11-15,1.166,1.166,1.163,1.164,4335176,504904810.0,AkShare场内ETF
2023-11-16,1.159,1.161,1.158,1.159,2217157,257059296.0,AkShare场内ETF
2023-11-17,1.16,1.163,1.16,1.161,2734724,317577031.0,AkShare场内ETF
2023-11-20,1.154,1.154,1.143,1.145,4466986,512805113.0,AkShare场内ETF
2023-11-21,1.159,1.16,1.157,1.158,2355814,272854154.0,AkShare场内ETF
2023-11-22,1.148,1.151,1.147,1.15,2479523,284947010.0,AkShare场内ETF
2023-11-23,1.158,1.159,1.155,1.156,1754960,203015622.0,AkShare场内ETF
2023-11-24,1.157,1.158,1.156,1.157,1263721,146231936.0,AkShare场内ETF
2023-11-27,1.151,1.152,1.149,1.151,1458504,167749200.0,AkShare场内ETF
2023-11-28,1.153,1.155,1.152,1.154,1377783,158990403.0,AkShare场内ETF
2023-11-29,1.155,1.156,1.153,1.154,1667502,192513606.0,AkShare场内ETF
2023-11-30,1.156,1.156,1.153,1.153,2918330,336873559.0,AkShare场内ETF
2023-12-01,1.148,1.15,1.146,1.148,2449546,281214515.0,AkShare场内ETF
2023-12-04,1.148,1.15,1.148,1.15,2292661,263443151.0,AkShare场内ETF
2023-12-05,1.141,1.142,1.136,1.137,3087652,351767285.0,AkShare场内ETF
2023-12-06,1.152,1.154,1.151,1.153,2683576,309251792.0,AkShare场内ETF
2023-12-07,1.143,1.144,1.14,1.14,3498229,399429039.0,AkShare场内ETF
2023-12-08,1.156,1.157,1.154,1.157,3312274,382881582.0,AkShare场内ETF
2023-12-11,1.164,1.167,1.163,1.164,3259041,379606391.0,AkShare场内ETF
2023-12-12,1.177,1.18,1.176,1.178,3684375,434035238.0,AkShare场内ETF
2023-12-13,1.188,1.191,1.188,1.191,4211971,501098575.0,AkShare场内ETF
2023-12-14,1.202,1.205,1.2,1.204,5673080,682505418.0,AkShare场内ETF
2023-12-15,1.193,1.194,1.191,1.193,2721837,324544341.0,AkShare场内ETF
2023-12-18,1.198,1.203,1.198,1.202,4765967,572452290.0,AkShare场内ETF
2023-12-19,1.208,1.209,1.207,1.209,3600806,435066465.0,AkShare场内ETF
2023-12-20,1.213,1.216,1.213,1.216,3665380,445003675.0,AkShare场内ETF
2023-12-21,1.2,1.201,1.197,1.2,5585669,669791816.0,AkShare场内ETF
2023-12-22,1.206,1.208,1.204,1.206,4102954,494881980.0,AkShare场内ETF
2023-12-25,1.21,1.21,1.206,1.207,3044729,367557966.0,AkShare场内ETF
2023-12-26,1.21,1.215,1.209,1.215,4063960,492775816.0,AkShare场内ETF
2023-12-27,1.218,1.22,1.217,1.219,2914397,355233013.0,AkShare场内ETF
2023-12-28,1.221,1.221,1.215,1.216,3708309,451684049.0,AkShare场内ETF
2023-12-29,1.212,1.213,1.209,1.213,2839055,343910746.0,AkShare场内ETF
2024-01-02,1.21,1.212,1.209,1.21,3300848,399605999.0,AkShare场内ETF
2024-01-03,1.193,1.193,1.189,1.191,6826748,813106911.0,AkShare场内ETF
2024-01-04,1.182,1.185,1.181,1.185,4300042,508450592.0,AkShare场内ETF
2024-01-05,1.179,1.181,1.175,1.176,4293443,506328441.0,AkShare场内ETF
2024-01-08,1.18,1.181,1.177,1.179,2276687,268517134.0,AkShare场内ETF
2024-01-09,1.203,1.209,1.202,1.209,8179118,986012899.0,AkShare场内ETF
2024-01-10,1.213,1.214,1.208,1.209,4627462,559959006.0,AkShare场内ETF
2024-01-11,1.221,1.224,1.22,1.223,4666587,570443306.0,AkShare场内ETF
2024-01-12,1.218,1.22,1.216,1.219,3908189,475952467.0,AkShare场内ETF
2024-01-15,1.221,1.228,1.22,1.227,4827581,590704749.0,AkShare场内ETF
2024-01-16,1.221,1.221,1.214,1.215,5276480,642495849.0,AkShare场内ETF
2024-01-17,1.224,1.224,1.213,1.214,5665485,690424567.0,AkShare场内ETF
2024-01-18,1.215,1.218,1.214,1.217,4341799,527906490.0,AkShare场内ETF
2024-01-19,1.237,1.242,1.237,1.242,6832563,847405418.0,AkShare场内ETF
2024-01-22,1.269,1.283,1.269,1.28,13817285,1761449109.0,AkShare场内ETF
2024-01-23,1.277,1.277,1.268,1.271,6286921,799993786.0,AkShare场内ETF
2024-01-24,1.278,1.287,1.276,1.278,8022387,1027956798.0,AkShare场内ETF
2024-01-25,1.276,1.277,1.269,1.271,5871383,747494223.0,AkShare场内ETF
2024-01-26,1.262,1.265,1.255,1.261,6370294,803115362.0,AkShare场内ETF
2024-01-29,1.261,1.274,1.261,1.272,4283169,542552974.0,AkShare场内ETF
2024-01-30,1.286,1.296,1.283,1.292,7115957,917408956.0,AkShare场内ETF
2024-01-31,1.268,1.273,1.263,1.264,8575650,1087682721.0,AkShare场内ETF
2024-02-01,1.251,1.255,1.251,1.252,3258445,408039919.0,AkShare场内ETF
2024-02-02,1.278,1.285,1.278,1.283,5837813,748757799.0,AkShare场内ETF
2024-02-05,1.295,1.296,1.286,1.289,4404706,568337188.0,AkShare场内ETF
2024-02-06,1.289,1.291,1.286,1.291,5412623,697623439.0,AkShare场内ETF
2024-02-07,1.286,1.288,1.278,1.279,3640878,467258174.0,AkShare场内ETF
2024-02-08,1.298,1.31,1.296,1.308,6107483,795636085.0,AkShare场内ETF
2024-02-19,1.296,1.303,1.292,1.301,5867049,761279749.0,AkShare场内ETF
2024-02-20,1.298,1.301,1.292,1.299,3527087,457049807.0,AkShare场内ETF
2024-02-21,1.285,1.286,1.281,1.282,5362715,688278128.0,AkShare场内ETF
2024-02-22,1.301,1.304,1.296,1.304,4970621,646178243.0,AkShare场内ETF
2024-02-23,1.322,1.325,1.319,1.321,4908005,648578473.0,AkShare场内ETF
2024-02-26,1.311,1.313,1.308,1.308,3393889,444587260.0,AkShare场内ETF
2024-02-27,1.308,1.311,1.303,1.306,4585179,598982715.0,AkShare场内ETF
2024-02-28,1.309,1.31,1.306,1.309,3494535,457204401.0,AkShare场内ETF
2024-02-29,1.301,1.302,1.298,1.3,4391801,570874233.0,AkShare场内ETF
2024-03-01,1.314,1.322,1.312,1.321,6860305,903859342.0,AkShare场内ETF
2024-03-04,1.337,1.34,1.336,1.339,5223647,698788627.0,AkShare场内ETF
2024-03-05,1.326,1.331,1.326,1.329,4792197,636335720.0,AkShare场内ETF
2024-03-06,1.313,1.325,1.31,1.324,7312436,962632964.0,AkShare场内ETF
2024-03-07,1.321,1.323,1.314,1.315,5368741,707757378.0,AkShare场内ETF
2024-03-08,1.337,1.34,1.336,1.337,4825518,645302432.0,AkShare场内ETF
2024-03-11,1.317,1.318,1.314,1.317,5853438,770539656.0,AkShare场内ETF
2024-03-12,1.318,1.322,1.317,1.322,4315325,569181693.0,AkShare场内ETF
2024-03-13,1.335,1.335,1.327,1.33,6562259,873240805.0,AkShare场内ETF
2024-03-14,1.323,1.325,1.322,1.324,3403403,450500096.0,AkShare场内ETF
2024-03-15,1.316,1.318,1.314,1.316,3471311,456799114.0,AkShare场内ETF
2024-03-18,1.307,1.317,1.306,1.316,5874703,770031584.0,AkShare场内ETF
2024-03-19,1.311,1.312,1.308,1.309,5682404,744246103.0,AkShare场内ETF
2024-03-20,1.315,1.316,1.314,1.314,3017900,396776525.0,AkShare场内ETF
2024-03-21,1.337,1.338,1.332,1.337,6526560,871280886.0,AkShare场内ETF
2024-03-22,1.335,1.34,1.334,1.338,6363020,850774249.0,AkShare场内ETF
2024-03-25,1.34,1.341,1.334,1.334,5365041,717310195.0,AkShare场内ETF
2024-03-26,1.334,1.342,1.334,1.341,3530792,472245675.0,AkShare场内ETF
2024-03-27,1.335,1.342,1.335,1.342,2764286,370066268.0,AkShare场内ETF
2024-03-28,1.343,1.343,1.338,1.339,4491405,601758039.0,AkShare场内ETF
2024-03-29,1.338,1.338,1.335,1.337,1438011,192180365.0,AkShare场内ETF
2024-04-01,1.346,1.348,1.342,1.344,3814852,512680950.0,AkShare场内ETF
2024-04-02,1.337,1.341,1.336,1.34,2915496,390391243.0,AkShare场内ETF
2024-04-03,1.327,1.331,1.326,1.327,3587870,476768472.0,AkShare场内ETF
2024-04-08,1.327,1.331,1.326,1.326,2667232,354154760.0,AkShare场内ETF
2024-04-09,1.327,1.329,1.325,1.328,2404448,319058574.0,AkShare场内ETF
2024-04-10,1.331,1.333,1.33,1.333,2169703,288967120.0,AkShare场内ETF
2024-04-11,1.321,1.323,1.32,1.321,2761868,364927643.0,AkShare场内ETF
2024-04-12,1.342,1.343,1.339,1.341,4836536,648527623.0,AkShare场内ETF
2024-04-15,1.323,1.33,1.322,1.329,4282976,567732170.0,AkShare场内ETF
2024-04-16,1.299,1.301,1.291,1.293,7957618,1030676823.0,AkShare场内ETF
2024-04-17,1.297,1.301,1.29,1.292,5052447,654780023.0,AkShare场内ETF
2024-04-18,1.281,1.289,1.28,1.289,4235159,543948439.0,AkShare场内ETF
2024-04-19,1.264,1.266,1.251,1.264,9855318,1239946552.0,AkShare场内ETF
2024-04-22,1.25,1.257,1.249,1.256,4490022,562420676.0,AkShare场内ETF
2024-04-23,1.26,1.261,1.256,1.259,5922012,745047762.0,AkShare场内ETF
2024-04-24,1.287,1.292,1.285,1.289,4821769,621450413.0,AkShare场内ETF
2024-04-25,1.274,1.274,1.266,1.268,4284890,544006678.0,AkShare场内ETF
2024-04-26,1.288,1.292,1.288,1.29,5009098,645980511.0,AkShare场内ETF
2024-04-29,1.301,1.302,1.297,1.298,4268045,554423946.0,AkShare场内ETF
2024-04-30,1.297,1.301,1.297,1.299,3930134,510410268.0,AkShare场内ETF
2024-05-06,1.301,1.303,1.3,1.302,3381645,440118136.0,AkShare场内ETF
2024-05-07,1.314,1.317,1.314,1.315,2329613,306521263.0,AkShare场内ETF
2024-05-08,1.319,1.319,1.315,1.317,2413999,317938960.0,AkShare场内ETF
2024-05-09,1.315,1.317,1.313,1.314,3112273,409268216.0,AkShare场内ETF
2024-05-10,1.319,1.322,1.318,1.321,2583982,340925402.0,AkShare场内ETF
2024-05-13,1.323,1.328,1.322,1.326,2270005,300921920.0,AkShare场内ETF
2024-05-14,1.325,1.328,1.325,1.326,1774436,235260758.0,AkShare场内ETF
2024-05-15,1.336,1.338,1.334,1.335,3109273,415412728.0,AkShare场内ETF
2024-05-16,1.356,1.359,1.356,1.358,4524380,614044858.0,AkShare场内ETF
2024-05-17,1.355,1.356,1.354,1.355,3435170,465506383.0,AkShare场内ETF
2024-05-20,1.357,1.358,1.356,1.357,2646689,359142420.0,AkShare场内ETF
2024-05-21,1.365,1.366,1.363,1.364,2989895,407850667.0,AkShare场内ETF
2024-05-22,1.369,1.37,1.368,1.369,2932901,401619288.0,AkShare场内ETF
2024-05-23,1.375,1.382,1.374,1.381,4115858,567612592.0,AkShare场内ETF
2024-05-24,1.364,1.365,1.357,1.358,6821833,928595408.0,AkShare场内ETF
2024-05-27,1.371,1.375,1.37,1.374,3802884,522033327.0,AkShare场内ETF
2024-05-28,1.377,1.381,1.376,1.38,2590900,357275211.0,AkShare场内ETF
2024-05-29,1.38,1.381,1.373,1.374,3866418,532223326.0,AkShare场内ETF
2024-05-30,1.364,1.365,1.359,1.359,3415736,465068045.0,AkShare场内ETF
2024-05-31,1.348,1.353,1.347,1.353,4125821,557152711.0,AkShare场内ETF
2024-06-03,1.359,1.361,1.356,1.359,5539542,752798428.0,AkShare场内ETF
2024-06-04,1.359,1.36,1.355,1.355,2387519,324230620.0,AkShare场内ETF
2024-06-05,1.364,1.368,1.362,1.366,3204431,437680268.0,AkShare场内ETF
2024-06-06,1.393,1.394,1.391,1.393,4707903,655883712.0,AkShare场内ETF
2024-06-07,1.392,1.395,1.392,1.394,2285491,318464679.0,AkShare场内ETF
2024-06-11,1.396,1.397,1.395,1.395,3013059,420629110.0,AkShare场内ETF
2024-06-12,1.408,1.409,1.407,1.408,3185155,448441885.0,AkShare场内ETF
2024-06-13,1.434,1.436,1.431,1.436,4758423,682101579.0,AkShare场内ETF
2024-06-14,1.434,1.437,1.434,1.435,3850721,552649176.0,AkShare场内ETF
2024-06-17,1.439,1.442,1.439,1.441,3897700,561664880.0,AkShare场内ETF
2024-06-18,1.457,1.461,1.457,1.46,5990196,873510997.0,AkShare场内ETF
2024-06-19,1.461,1.464,1.46,1.462,4455117,651234413.0,AkShare场内ETF
2024-06-20,1.465,1.473,1.464,1.472,6182477,908068890.0,AkShare场内ETF
2024-06-21,1.453,1.453,1.448,1.45,6375733,924377905.0,AkShare场内ETF
2024-06-24,1.443,1.446,1.441,1.444,3915295,565095509.0,AkShare场内ETF
2024-06-25,1.426,1.431,1.426,1.429,5803748,829151771.0,AkShare场内ETF
2024-06-26,1.447,1.457,1.447,1.456,6679220,968954961.0,AkShare场内ETF
2024-06-27,1.45,1.456,1.449,1.455,4381676,637021629.0,AkShare场内ETF
2024-06-28,1.466,1.479,1.466,1.475,6991522,1029961319.0,AkShare场内ETF
2024-07-01,1.467,1.475,1.463,1.473,7471122,1097782092.0,AkShare场内ETF
2024-07-02,1.482,1.485,1.471,1.474,8252473,1219582651.0,AkShare场内ETF
2024-07-03,1.496,1.504,1.491,1.501,8460287,1268117887.0,AkShare场内ETF
2024-07-04,1.52,1.54,1.5,1.51,11568361,1763045031.0,AkShare场内ETF
2024-07-05,1.512,1.534,1.512,1.529,7541037,1147229187.0,AkShare场内ETF
2024-07-08,1.547,1.557,1.537,1.552,5504556,850396041.0,AkShare场内ETF
2024-07-09,1.559,1.572,1.558,1.568,7655477,1198427326.0,AkShare场内ETF
2024-07-10,1.57,1.571,1.542,1.548,9578113,1486253452.0,AkShare场内ETF
2024-07-11,1.568,1.57,1.551,1.555,7903376,1230531821.0,AkShare场内ETF
2024-07-12,1.505,1.509,1.491,1.492,10425686,1561380342.0,AkShare场内ETF
2024-07-15,1.505,1.541,1.505,1.539,9082237,1384355021.0,AkShare场内ETF
2024-07-16,1.544,1.558,1.534,1.536,6887309,1064050030.0,AkShare场内ETF
2024-07-17,1.534,1.534,1.513,1.522,5042146,768286837.0,AkShare场内ETF
2024-07-18,1.466,1.497,1.464,1.495,8536641,1262599319.0,AkShare场内ETF
2024-07-19,1.477,1.483,1.47,1.471,4990799,736918893.0,AkShare场内ETF
2024-07-22,1.46,1.466,1.449,1.463,7356904,1071024598.0,AkShare场内ETF
2024-07-23,1.483,1.488,1.469,1.477,5567611,823639124.0,AkShare场内ETF
2024-07-24,1.465,1.471,1.447,1.448,6620588,964919804.0,AkShare场内ETF
2024-07-25,1.41,1.414,1.398,1.407,10327303,1453392518.0,AkShare场内ETF
2024-07-26,1.396,1.411,1.396,1.409,7924867,1111923067.0,AkShare场内ETF
2024-07-29,1.428,1.438,1.422,1.437,7251557,1035826213.0,AkShare场内ETF
2024-07-30,1.422,1.426,1.411,1.42,7478708,1060686024.0,AkShare场内ETF
2024-07-31,1.412,1.432,1.409,1.429,6076253,862712907.0,AkShare场内ETF
2024-08-01,1.463,1.472,1.462,1.463,6758593,990907955.0,AkShare场内ETF
2024-08-02,1.411,1.429,1.388,1.396,10584025,1491470874.0,AkShare场内ETF
2024-08-05,1.33,1.339,1.262,1.287,21872906,2853557071.0,AkShare场内ETF
2024-08-06,1.335,1.342,1.324,1.332,13465695,1797753586.0,AkShare场内ETF
2024-08-07,1.332,1.35,1.33,1.334,9937123,1332653600.0,AkShare场内ETF
2024-08-08,1.312,1.319,1.305,1.314,9255086,1214313735.0,AkShare场内ETF
2024-08-09,1.355,1.355,1.341,1.35,5762414,778137099.0,AkShare场内ETF
2024-08-12,1.355,1.366,1.353,1.365,4464929,607200654.0,AkShare场内ETF
2024-08-13,1.368,1.381,1.367,1.379,3872637,531395996.0,AkShare场内ETF
2024-08-14,1.412,1.419,1.404,1.413,7165265,1011927916.0,AkShare场内ETF
2024-08-15,1.417,1.425,1.414,1.422,5723533,813304921.0,AkShare场内ETF
2024-08-16,1.462,1.472,1.457,1.469,8191911,1199835449.0,AkShare场内ETF
2024-08-19,1.47,1.47,1.44,1.442,7309865,1062345882.0,AkShare场内ETF
2024-08-20,1.468,1.471,1.464,1.468,5473464,803034720.0,AkShare场内ETF
2024-08-21,1.462,1.47,1.455,1.469,3427927,501187674.0,AkShare场内ETF
2024-08-22,1.477,1.483,1.466,1.471,5684278,837091535.0,AkShare场内ETF
2024-08-23,1.449,1.459,1.447,1.457,5576588,809863436.0,AkShare场内ETF
2024-08-26,1.47,1.47,1.46,1.46,3750932,549032764.0,AkShare场内ETF
2024-08-27,1.447,1.449,1.44,1.442,4243092,612541668.0,AkShare场内ETF
2024-08-28,1.441,1.446,1.438,1.442,5272791,760050936.0,AkShare场内ETF
2024-08-29,1.41,1.414,1.405,1.407,7229986,1018532943.0,AkShare场内ETF
2024-08-30,1.413,1.418,1.41,1.417,4883032,690199689.0,AkShare场内ETF
2024-09-02,1.429,1.43,1.427,1.429,3620174,517278745.0,AkShare场内ETF
2024-09-03,1.431,1.436,1.429,1.431,2875213,411923850.0,AkShare场内ETF
2024-09-04,1.374,1.377,1.354,1.356,11460186,1567023375.0,AkShare场内ETF
2024-09-05,1.366,1.369,1.358,1.36,4180782,570247808.0,AkShare场内ETF
2024-09-06,1.351,1.384,1.351,1.372,8334623,1141811906.0,AkShare场内ETF
2024-09-09,1.349,1.366,1.343,1.364,5481686,741657926.0,AkShare场内ETF
2024-09-10,1.375,1.377,1.367,1.368,4460372,612238602.0,AkShare场内ETF
2024-09-11,1.381,1.382,1.369,1.377,4461679,613644268.0,AkShare场内ETF
2024-09-12,1.414,1.423,1.412,1.421,6535594,925906001.0,AkShare场内ETF
2024-09-13,1.432,1.437,1.429,1.435,4521259,647791882.0,AkShare场内ETF
2024-09-18,1.433,1.433,1.423,1.424,4613494,658429018.0,AkShare场内ETF
2024-09-19,1.429,1.441,1.427,1.44,5011833,718034473.0,AkShare场内ETF
2024-09-20,1.456,1.457,1.442,1.443,4459152,646890663.0,AkShare场内ETF
2024-09-23,1.45,1.457,1.448,1.449,3180356,461559666.0,AkShare场内ETF
2024-09-24,1.45,1.45,1.429,1.441,5290077,760945961.0,AkShare场内ETF
2024-09-25,1.431,1.437,1.426,1.43,4796093,686141282.0,AkShare场内ETF
2024-09-26,1.445,1.448,1.438,1.445,5563663,802490965.0,AkShare场内ETF
2024-09-27,1.426,1.431,1.41,1.414,4950595,704246568.0,AkShare场内ETF
2024-09-30,1.401,1.414,1.389,1.409,15949409,2242037868.0,AkShare场内ETF
2024-10-08,1.39,1.41,1.382,1.403,10214800,1428519780.0,AkShare场内ETF
2024-10-09,1.43,1.432,1.42,1.427,7755422,1106940571.0,AkShare场内ETF
2024-10-10,1.439,1.446,1.436,1.443,7339618,1058464102.0,AkShare场内ETF
2024-10-11,1.445,1.447,1.442,1.445,5492464,793335929.0,AkShare场内ETF
2024-10-14,1.447,1.447,1.443,1.446,3859523,557548997.0,AkShare场内ETF
2024-10-15,1.46,1.477,1.459,1.476,5919009,870387399.0,AkShare场内ETF
2024-10-16,1.455,1.465,1.453,1.459,5634182,821853628.0,AkShare场内ETF
2024-10-17,1.457,1.47,1.453,1.468,5246584,765805597.0,AkShare场内ETF
2024-10-18,1.461,1.464,1.453,1.459,6792834,991092992.0,AkShare场内ETF
2024-10-21,1.464,1.465,1.459,1.461,5453125,797425128.0,AkShare场内ETF
2024-10-22,1.464,1.464,1.458,1.459,3504874,512050570.0,AkShare场内ETF
2024-10-23,1.465,1.466,1.463,1.465,3850056,563887086.0,AkShare场内ETF
2024-10-24,1.452,1.453,1.447,1.449,4682622,678552263.0,AkShare场内ETF
2024-10-25,1.456,1.457,1.453,1.455,2844981,414031455.0,AkShare场内ETF
2024-10-28,1.473,1.475,1.471,1.473,4824185,710771996.0,AkShare场内ETF
2024-10-29,1.466,1.472,1.464,1.47,3638155,533894573.0,AkShare场内ETF
2024-10-30,1.485,1.488,1.481,1.484,5991424,889568947.0,AkShare场内ETF
2024-10-31,1.463,1.467,1.457,1.459,5439566,795604295.0,AkShare场内ETF
2024-11-01,1.433,1.444,1.433,1.442,4854352,698786312.0,AkShare场内ETF
2024-11-04,1.441,1.449,1.441,1.443,4236791,611778158.0,AkShare场内ETF
2024-11-05,1.435,1.439,1.433,1.438,3872367,556210662.0,AkShare场内ETF
2024-11-06,1.463,1.49,1.457,1.489,14086456,2077444802.0,AkShare场内ETF
2024-11-07,1.515,1.522,1.51,1.512,11505147,1742505984.0,AkShare场内ETF
2024-11-08,1.525,1.526,1.52,1.525,6215732,946726694.0,AkShare场内ETF
2024-11-11,1.53,1.535,1.529,1.534,4552322,697591571.0,AkShare场内ETF
2024-11-12,1.535,1.538,1.534,1.536,6713765,1031303307.0,AkShare场内ETF
2024-11-13,1.53,1.53,1.525,1.527,5346542,816627578.0,AkShare场内ETF
2024-11-14,1.528,1.531,1.527,1.529,4503562,688877445.0,AkShare场内ETF
2024-11-15,1.514,1.515,1.507,1.51,5082268,768560090.0,AkShare场内ETF
2024-11-18,1.491,1.499,1.49,1.499,5856469,875864387.0,AkShare场内ETF
2024-11-19,1.496,1.505,1.494,1.504,5401459,810715565.0,AkShare场内ETF
2024-11-20,1.517,1.521,1.516,1.521,4893660,742917702.0,AkShare场内ETF
2024-11-21,1.51,1.512,1.508,1.51,4692372,708466317.0,AkShare场内ETF
2024-11-22,1.519,1.522,1.517,1.521,4207896,639541430.0,AkShare场内ETF
2024-11-25,1.533,1.537,1.532,1.536,5325242,817357206.0,AkShare场内ETF
2024-11-26,1.529,1.537,1.526,1.536,3317737,508026515.0,AkShare场内ETF
2024-11-27,1.542,1.548,1.539,1.54,6027736,930677242.0,AkShare场内ETF
2024-11-28,1.53,1.534,1.529,1.531,3066714,469474627.0,AkShare场内ETF
2024-11-29,1.53,1.534,1.529,1.532,3016335,461982240.0,AkShare场内ETF
2024-12-02,1.54,1.542,1.537,1.54,2529456,389465167.0,AkShare场内ETF
2024-12-03,1.559,1.568,1.559,1.568,4844225,757839713.0,AkShare场内ETF
2024-12-04,1.576,1.578,1.572,1.575,4457209,702273612.0,AkShare场内ETF
2024-12-05,1.59,1.593,1.587,1.589,4311263,685444545.0,AkShare场内ETF
2024-12-06,1.581,1.585,1.58,1.584,3132982,495743515.0,AkShare场内ETF
2024-12-09,1.599,1.611,1.597,1.61,5577090,895434989.0,AkShare场内ETF
2024-12-10,1.586,1.598,1.584,1.597,6603609,1051004096.0,AkShare场内ETF
2024-12-11,1.593,1.597,1.591,1.593,4226133,673754807.0,AkShare场内ETF
2024-12-12,1.621,1.622,1.614,1.617,5854419,946682155.0,AkShare场内ETF
2024-12-13,1.616,1.63,1.614,1.629,5369466,869640509.0,AkShare场内ETF
2024-12-16,1.631,1.65,1.63,1.649,6114484,1003760742.0,AkShare场内ETF
2024-12-17,1.676,1.682,1.661,1.663,9914977,1657751841.0,AkShare场内ETF
2024-12-18,1.658,1.675,1.657,1.674,6348118,1057006030.0,AkShare场内ETF
2024-12-19,1.617,1.64,1.617,1.63,9581644,1558778631.0,AkShare场内ETF
2024-12-20,1.62,1.623,1.591,1.597,8662102,1389108651.0,AkShare场内ETF
2024-12-23,1.626,1.653,1.622,1.652,7324889,1200022188.0,AkShare场内ETF
2024-12-24,1.673,1.675,1.63,1.648,9125139,1510353868.0,AkShare场内ETF
2024-12-25,1.667,1.671,1.656,1.667,7482988,1244871688.0,AkShare场内ETF
2024-12-26,1.669,1.676,1.663,1.674,5554894,928055616.0,AkShare场内ETF
2024-12-27,1.664,1.667,1.66,1.662,3902614,648938992.0,AkShare场内ETF
2024-12-30,1.634,1.651,1.632,1.639,5859798,961433051.0,AkShare场内ETF
2024-12-31,1.625,1.637,1.62,1.629,6244733,1017720782.0,AkShare场内ETF
2025-01-02,1.625,1.645,1.622,1.643,6565221,1073799052.0,AkShare场内ETF
2025-01-03,1.639,1.646,1.631,1.633,6468814,1058693329.0,AkShare场内ETF
2025-01-06,1.66,1.669,1.65,1.669,9192816,1526053988.0,AkShare场内ETF
2025-01-07,1.687,1.689,1.651,1.659,11301336,1895120724.0,AkShare场内ETF
2025-01-08,1.632,1.649,1.631,1.642,7242673,1188142174.0,AkShare场内ETF
2025-01-09,1.64,1.64,1.635,1.636,3136397,513348658.0,AkShare场内ETF
2025-01-10,1.628,1.648,1.628,1.63,5375987,880152322.0,AkShare场内ETF
2025-01-13,1.613,1.614,1.588,1.592,6060736,970168673.0,AkShare场内ETF
2025-01-14,1.609,1.613,1.599,1.611,8129753,1304729516.0,AkShare场内ETF
2025-01-15,1.603,1.607,1.599,1.601,2939770,471020984.0,AkShare场内ETF
2025-01-16,1.64,1.643,1.628,1.637,5686603,929006589.0,AkShare场内ETF
2025-01-17,1.622,1.631,1.619,1.63,4372705,710780733.0,AkShare场内ETF
2025-01-20,1.644,1.648,1.639,1.646,5111773,840066955.0,AkShare场内ETF
2025-01-21,1.641,1.65,1.638,1.647,5023735,826503640.0,AkShare场内ETF
2025-01-22,1.656,1.66,1.653,1.657,5194655,860793938.0,AkShare场内ETF
2025-01-23,1.663,1.666,1.642,1.643,5990583,992590950.0,AkShare场内ETF
2025-01-24,1.65,1.655,1.639,1.644,4641674,764627556.0,AkShare场内ETF
2025-01-27,1.612,1.621,1.61,1.615,5114999,825592977.0,AkShare场内ETF
2025-02-05,1.617,1.622,1.611,1.612,3743460,605623792.0,AkShare场内ETF
2025-02-06,1.625,1.627,1.618,1.627,4908546,796149130.0,AkShare场内ETF
2025-02-07,1.628,1.63,1.615,1.623,6384733,1035946121.0,AkShare场内ETF
2025-02-10,1.611,1.612,1.602,1.606,6552023,1051699011.0,AkShare场内ETF
2025-02-11,1.612,1.614,1.607,1.607,3947833,635608090.0,AkShare场内ETF
2025-02-12,1.609,1.61,1.603,1.609,2768621,444839851.0,AkShare场内ETF
2025-02-13,1.613,1.619,1.611,1.618,3079401,496805634.0,AkShare场内ETF
2025-02-14,1.629,1.631,1.625,1.629,4326553,704742254.0,AkShare场内ETF
2025-02-17,1.629,1.632,1.624,1.63,3786691,616381396.0,AkShare场内ETF
2025-02-18,1.629,1.643,1.628,1.643,4147463,677736026.0,AkShare场内ETF
2025-02-19,1.639,1.639,1.633,1.636,4257912,696400934.0,AkShare场内ETF
2025-02-20,1.63,1.63,1.621,1.622,3142343,510769863.0,AkShare场内ETF
2025-02-21,1.616,1.618,1.607,1.611,5332985,859547131.0,AkShare场内ETF
2025-02-24,1.581,1.592,1.579,1.59,5135584,813957993.0,AkShare场内ETF
2025-02-25,1.568,1.571,1.563,1.565,3975460,622802938.0,AkShare场内ETF
2025-02-26,1.555,1.563,1.548,1.561,4841151,753110166.0,AkShare场内ETF
2025-02-27,1.553,1.573,1.551,1.571,4826473,753189564.0,AkShare场内ETF
2025-02-28,1.53,1.531,1.51,1.511,9862761,1497271535.0,AkShare场内ETF
2025-03-03,1.528,1.544,1.527,1.542,6507859,998516714.0,AkShare场内ETF
2025-03-04,1.505,1.516,1.499,1.515,6970735,1050011766.0,AkShare场内ETF
2025-03-05,1.515,1.551,1.509,1.533,11155065,1703965426.0,AkShare场内ETF
2025-03-06,1.536,1.542,1.534,1.534,4546481,699104572.0,AkShare场内ETF
2025-03-07,1.505,1.509,1.498,1.5,5312244,798677872.0,AkShare场内ETF
2025-03-10,1.498,1.503,1.494,1.496,3548577,531596757.0,AkShare场内ETF
2025-03-11,1.429,1.431,1.369,1.428,20612575,2917437259.0,AkShare场内ETF
2025-03-12,1.425,1.437,1.422,1.432,9081387,1298969399.0,AkShare场内ETF
2025-03-13,1.444,1.445,1.419,1.424,9842656,1408128820.0,AkShare场内ETF
2025-03-14,1.419,1.45,1.417,1.438,12102001,1733721360.0,AkShare场内ETF
2025-03-17,1.452,1.454,1.442,1.443,3497389,506484321.0,AkShare场内ETF
2025-03-18,1.451,1.457,1.448,1.455,4259647,618439805.0,AkShare场内ETF
2025-03-19,1.442,1.448,1.441,1.443,3987369,575795787.0,AkShare场内ETF
2025-03-20,1.461,1.48,1.458,1.475,8705116,1280870151.0,AkShare场内ETF
2025-03-21,1.47,1.473,1.463,1.468,3238722,475567813.0,AkShare场内ETF
2025-03-24,1.485,1.499,1.483,1.498,6560393,980398478.0,AkShare场内ETF
2025-03-25,1.524,1.528,1.504,1.513,5675300,860844403.0,AkShare场内ETF
2025-03-26,1.522,1.522,1.507,1.508,3933240,594966532.0,AkShare场内ETF
2025-03-27,1.478,1.492,1.478,1.482,5202629,772341094.0,AkShare场内ETF
2025-03-28,1.477,1.479,1.472,1.475,2757518,406879271.0,AkShare场内ETF
2025-03-31,1.428,1.431,1.4,1.411,9261749,1311109967.0,AkShare场内ETF
2025-04-01,1.42,1.437,1.42,1.436,4981497,711853710.0,AkShare场内ETF
2025-04-02,1.442,1.449,1.439,1.442,3418509,493495633.0,AkShare场内ETF
2025-04-03,1.409,1.427,1.407,1.413,5907465,835938501.0,AkShare场内ETF
2025-04-07,1.272,1.272,1.272,1.272,3728587,474276266.0,AkShare场内ETF
2025-04-08,1.306,1.335,1.303,1.319,11784641,1553300165.0,AkShare场内ETF
2025-04-09,1.271,1.313,1.26,1.3,18236091,2341506606.0,AkShare场内ETF
2025-04-10,1.43,1.43,1.401,1.429,13148448,1871465439.0,AkShare场内ETF
2025-04-11,1.372,1.424,1.371,1.413,11290487,1574464588.0,AkShare场内ETF
2025-04-14,1.435,1.437,1.429,1.432,6431884,921138892.0,AkShare场内ETF
2025-04-15,1.425,1.425,1.415,1.416,3585723,508687532.0,AkShare场内ETF
2025-04-16,1.4,1.406,1.384,1.389,4194374,584705519.0,AkShare场内ETF
2025-04-17,1.379,1.398,1.377,1.39,5235547,726435268.0,AkShare场内ETF
2025-04-18,1.381,1.387,1.376,1.381,3590872,495918617.0,AkShare场内ETF
2025-04-21,1.374,1.376,1.367,1.369,3236146,443818043.0,AkShare场内ETF
2025-04-22,1.361,1.374,1.351,1.371,4599907,625172840.0,AkShare场内ETF
2025-04-23,1.401,1.417,1.391,1.415,7174158,1006395403.0,AkShare场内ETF
2025-04-24,1.42,1.42,1.398,1.398,4418734,621762277.0,AkShare场内ETF
2025-04-25,1.436,1.446,1.436,1.444,7496686,1080808243.0,AkShare场内ETF
2025-04-28,1.44,1.45,1.437,1.448,4579687,661337925.0,AkShare场内ETF
2025-04-29,1.451,1.456,1.445,1.446,3680105,534296359.0,AkShare场内ETF
2025-04-30,1.448,1.452,1.444,1.446,3628219,525415764.0,AkShare场内ETF
2025-05-06,1.469,1.47,1.454,1.457,6441272,939843165.0,AkShare场内ETF
2025-05-07,1.463,1.476,1.459,1.462,3423798,501356837.0,AkShare场内ETF
2025-05-08,1.477,1.486,1.47,1.485,4591589,678513366.0,AkShare场内ETF
2025-05-09,1.485,1.489,1.479,1.486,5095210,756114122.0,AkShare场内ETF
2025-05-12,1.513,1.518,1.506,1.516,5584639,844555802.0,AkShare场内ETF
2025-05-13,1.538,1.539,1.519,1.522,6294489,964111051.0,AkShare场内ETF
2025-05-14,1.546,1.567,1.546,1.566,9210377,1435307892.0,AkShare场内ETF
2025-05-15,1.564,1.572,1.558,1.559,5872130,919133468.0,AkShare场内ETF
2025-05-16,1.561,1.568,1.559,1.561,3176076,496405563.0,AkShare场内ETF
2025-05-19,1.55,1.555,1.546,1.547,5224579,810154170.0,AkShare场内ETF
2025-05-20,1.565,1.569,1.562,1.564,4654630,728745837.0,AkShare场内ETF
2025-05-21,1.563,1.563,1.547,1.549,4276423,664518529.0,AkShare场内ETF
2025-05-22,1.54,1.547,1.534,1.539,5585076,859406311.0,AkShare场内ETF
2025-05-23,1.54,1.544,1.532,1.534,2436645,375113192.0,AkShare场内ETF
2025-05-26,1.54,1.543,1.536,1.543,2373397,365072257.0,AkShare场内ETF
2025-05-27,1.54,1.554,1.538,1.55,3632932,561737745.0,AkShare场内ETF
2025-05-28,1.568,1.572,1.563,1.568,3190856,500059139.0,AkShare场内ETF
2025-05-29,1.59,1.594,1.585,1.589,4682624,744436602.0,AkShare场内ETF
2025-05-30,1.554,1.562,1.553,1.556,4523247,704779774.0,AkShare场内ETF
2025-06-03,1.567,1.568,1.561,1.562,3376504,528130783.0,AkShare场内ETF
2025-06-04,1.577,1.578,1.57,1.575,4252270,669322847.0,AkShare场内ETF
2025-06-05,1.575,1.577,1.571,1.571,2332413,367112293.0,AkShare场内ETF
2025-06-06,1.56,1.569,1.559,1.567,3877387,606359852.0,AkShare场内ETF
2025-06-09,1.573,1.574,1.57,1.571,2204700,346454875.0,AkShare场内ETF
2025-06-10,1.581,1.586,1.569,1.571,7086257,1118526443.0,AkShare场内ETF
2025-06-11,1.577,1.58,1.576,1.577,3638397,574223192.0,AkShare场内ETF
2025-06-12,1.57,1.574,1.568,1.571,3311562,520206614.0,AkShare场内ETF
2025-06-13,1.552,1.559,1.548,1.554,6415816,996845781.0,AkShare场内ETF
2025-06-16,1.561,1.568,1.56,1.567,4620218,722547267.0,AkShare场内ETF
2025-06-17,1.573,1.577,1.57,1.573,6074351,955652016.0,AkShare场内ETF
2025-06-18,1.568,1.572,1.566,1.568,3229766,506645671.0,AkShare场内ETF
2025-06-19,1.56,1.563,1.556,1.559,3832173,597707974.0,AkShare场内ETF
2025-06-20,1.559,1.566,1.557,1.562,3214342,501907071.0,AkShare场内ETF
2025-06-23,1.551,1.559,1.549,1.559,3033614,471833777.0,AkShare场内ETF
2025-06-24,1.585,1.595,1.583,1.595,6232075,989391140.0,AkShare场内ETF
2025-06-25,1.596,1.598,1.594,1.595,4366056,696692253.0,AkShare场内ETF
2025-06-26,1.599,1.603,1.596,1.603,4287298,685836528.0,AkShare场内ETF
2025-06-27,1.612,1.622,1.611,1.619,5142311,831251319.0,AkShare场内ETF
2025-06-30,1.625,1.631,1.624,1.629,4747141,772888563.0,AkShare场内ETF
2025-07-01,1.631,1.631,1.621,1.622,5043952,819923182.0,AkShare场内ETF
2025-07-02,1.614,1.624,1.613,1.623,4615354,747016411.0,AkShare场内ETF
2025-07-03,1.63,1.63,1.625,1.626,4985408,811058469.0,AkShare场内ETF
2025-07-04,1.639,1.64,1.635,1.636,3187550,521867889.0,AkShare场内ETF
2025-07-07,1.633,1.638,1.632,1.635,4245882,694133135.0,AkShare场内ETF
2025-07-08,1.633,1.637,1.631,1.636,4060493,663595412.0,AkShare场内ETF
2025-07-09,1.633,1.634,1.627,1.63,4460343,726923367.0,AkShare场内ETF
2025-07-10,1.637,1.64,1.636,1.639,3386540,554832629.0,AkShare场内ETF
2025-07-11,1.634,1.636,1.632,1.633,3780417,617609837.0,AkShare场内ETF
2025-07-14,1.626,1.627,1.622,1.623,3911329,635443593.0,AkShare场内ETF
2025-07-15,1.635,1.649,1.634,1.648,7667673,1259571479.0,AkShare场内ETF
2025-07-16,1.64,1.643,1.637,1.638,3491234,572658501.0,AkShare场内ETF
2025-07-17,1.644,1.652,1.642,1.65,4063494,668885597.0,AkShare场内ETF
2025-07-18,1.658,1.666,1.658,1.662,3877670,644602073.0,AkShare场内ETF
2025-07-21,1.663,1.665,1.661,1.662,2313866,384748031.0,AkShare场内ETF
2025-07-22,1.666,1.669,1.661,1.663,3204355,533359694.0,AkShare场内ETF
2025-07-23,1.657,1.66,1.655,1.66,3955703,655631191.0,AkShare场内ETF
2025-07-24,1.667,1.668,1.661,1.663,3016826,502335769.0,AkShare场内ETF
2025-07-25,1.667,1.669,1.665,1.666,2899654,483387197.0,AkShare场内ETF
2025-07-28,1.677,1.684,1.677,1.684,2724062,457808874.0,AkShare场内ETF
2025-07-29,1.683,1.685,1.68,1.683,3264103,549120980.0,AkShare场内ETF
2025-07-30,1.679,1.682,1.677,1.68,2269491,381179556.0,AkShare场内ETF
2025-07-31,1.703,1.706,1.701,1.704,3852397,656362639.0,AkShare场内ETF
2025-08-01,1.674,1.678,1.67,1.671,5850542,979733465.0,AkShare场内ETF
2025-08-04,1.643,1.649,1.643,1.648,5128905,843930241.0,AkShare场内ETF
2025-08-05,1.672,1.68,1.67,1.679,3870617,647949079.0,AkShare场内ETF
2025-08-06,1.658,1.671,1.656,1.67,5309114,883728903.0,AkShare场内ETF
2025-08-07,1.689,1.692,1.683,1.684,3808515,642683408.0,AkShare场内ETF
2025-08-08,1.691,1.693,1.688,1.691,2886855,488077451.0,AkShare场内ETF
2025-08-11,1.706,1.708,1.704,1.708,3831491,653825071.0,AkShare场内ETF
2025-08-12,1.702,1.706,1.699,1.703,4405985,750223739.0,AkShare场内ETF
2025-08-13,1.721,1.722,1.715,1.721,5355960,920722283.0,AkShare场内ETF
2025-08-14,1.718,1.719,1.714,1.717,3282039,563160183.0,AkShare场内ETF
2025-08-15,1.717,1.722,1.717,1.722,3403342,584968237.0,AkShare场内ETF
2025-08-18,1.715,1.718,1.708,1.71,4454914,763759639.0,AkShare场内ETF
2025-08-19,1.709,1.71,1.701,1.703,3426459,584113636.0,AkShare场内ETF
2025-08-20,1.678,1.686,1.675,1.684,5257342,882667917.0,AkShare场内ETF
2025-08-21,1.676,1.69,1.676,1.69,4438892,747422689.0,AkShare场内ETF
2025-08-22,1.681,1.687,1.672,1.676,4891104,821283280.0,AkShare场内ETF
2025-08-25,1.7,1.701,1.695,1.698,4435584,753339172.0,AkShare场内ETF
2025-08-26,1.691,1.692,1.688,1.69,2700551,456202211.0,AkShare场内ETF
2025-08-27,1.699,1.705,1.696,1.704,2784757,473148811.0,AkShare场内ETF
2025-08-28,1.694,1.698,1.69,1.693,3838409,649940942.0,AkShare场内ETF
2025-08-29,1.7,1.7,1.691,1.692,4104975,695360805.0,AkShare场内ETF
2025-09-01,1.679,1.68,1.667,1.673,6282235,1051094459.0,AkShare场内ETF
2025-09-02,1.676,1.677,1.672,1.676,2828848,473504831.0,AkShare场内ETF
2025-09-03,1.667,1.678,1.666,1.676,4094441,684086898.0,AkShare场内ETF
2025-09-04,1.685,1.686,1.681,1.682,4275985,719796014.0,AkShare场内ETF
2025-09-05,1.698,1.701,1.696,1.701,3384916,574946613.0,AkShare场内ETF
2025-09-08,1.698,1.699,1.694,1.696,2489904,422336578.0,AkShare场内ETF
2025-09-09,1.698,1.701,1.696,1.701,3196478,542998716.0,AkShare场内ETF
2025-09-10,1.704,1.711,1.704,1.711,2657639,453939668.0,AkShare场内ETF
2025-09-11,1.707,1.709,1.703,1.708,2891104,493321883.0,AkShare场内ETF
2025-09-12,1.713,1.715,1.712,1.714,2191303,375506188.0,AkShare场内ETF
2025-09-15,1.719,1.727,1.718,1.727,3214370,553773591.0,AkShare场内ETF
2025-09-16,1.736,1.741,1.735,1.736,3485675,605608362.0,AkShare场内ETF
2025-09-17,1.732,1.733,1.726,1.729,4416105,763310325.0,AkShare场内ETF
2025-09-18,1.734,1.745,1.733,1.744,5214699,907458119.0,AkShare场内ETF
2025-09-19,1.751,1.755,1.75,1.751,4219363,739522444.0,AkShare场内ETF
2025-09-22,1.762,1.774,1.76,1.771,6033057,1066008160.0,AkShare场内ETF
2025-09-23,1.788,1.8,1.786,1.8,5484260,983843041.0,AkShare场内ETF
2025-09-24,1.784,1.786,1.774,1.785,5490781,978019024.0,AkShare场内ETF
2025-09-25,1.779,1.784,1.776,1.779,2416786,430269125.0,AkShare场内ETF
2025-09-26,1.771,1.782,1.769,1.78,3102190,550291947.0,AkShare场内ETF
2025-09-29,1.793,1.805,1.792,1.8,4374478,787243757.0,AkShare场内ETF
2025-09-30,1.802,1.816,1.802,1.813,4818682,871513137.0,AkShare场内ETF
2025-10-09,1.842,1.855,1.842,1.851,4596623,849175124.0,AkShare场内ETF
2025-10-10,1.852,1.865,1.843,1.86,5062776,938819240.0,AkShare场内ETF
2025-10-13,1.807,1.834,1.806,1.829,9320492,1697766422.0,AkShare场内ETF
2025-10-14,1.855,1.855,1.802,1.81,6435169,1176970873.0,AkShare场内ETF
2025-10-15,1.823,1.836,1.813,1.825,6138427,1119518555.0,AkShare场内ETF
2025-10-16,1.823,1.84,1.818,1.838,4647926,848578305.0,AkShare场内ETF
2025-10-17,1.825,1.83,1.806,1.807,4382429,796285489.0,AkShare场内ETF
2025-10-20,1.835,1.86,1.834,1.859,6380883,1178254243.0,AkShare场内ETF
2025-10-21,1.888,1.89,1.858,1.873,4519169,848230926.0,AkShare场内ETF
2025-10-22,1.871,1.888,1.862,1.883,4957989,932400738.0,AkShare场内ETF
2025-10-23,1.868,1.886,1.866,1.883,3411844,639486959.0,AkShare场内ETF
2025-10-24,1.91,1.911,1.895,1.902,3204220,609124626.0,AkShare场内ETF
2025-10-27,1.923,1.964,1.923,1.956,7136045,1383610769.0,AkShare场内ETF
2025-10-28,1.976,1.991,1.932,1.961,7365047,1445738892.0,AkShare场内ETF
2025-10-29,1.984,2.0,1.969,2.0,4677598,930028054.0,AkShare场内ETF
2025-10-30,1.997,2.001,1.98,1.985,5846493,1164800873.0,AkShare场内ETF
2025-10-31,1.981,1.998,1.969,1.982,4697858,931639318.0,AkShare场内ETF
2025-11-03,1.984,1.989,1.975,1.976,3146724,623922202.0,AkShare场内ETF
2025-11-04,1.977,1.979,1.918,1.94,5530366,1076660643.0,AkShare场内ETF
2025-11-05,1.89,1.927,1.862,1.912,6911386,1312596198.0,AkShare场内ETF
2025-11-06,1.923,1.95,1.919,1.949,3594969,697288782.0,AkShare场内ETF
2025-11-07,1.918,1.938,1.912,1.924,4875314,936994575.0,AkShare场内ETF
2025-11-10,1.946,1.953,1.936,1.951,3958626,769495114.0,AkShare场内ETF
2025-11-11,1.975,1.98,1.95,1.959,3637482,714875883.0,AkShare场内ETF
2025-11-12,1.967,1.975,1.96,1.974,3450910,678540381.0,AkShare场内ETF
2025-11-13,1.97,1.976,1.965,1.975,3206418,631787274.0,AkShare场内ETF
2025-11-14,1.935,1.946,1.92,1.923,4759289,920478852.0,AkShare场内ETF
2025-11-17,1.941,1.942,1.886,1.909,5129448,987797579.0,AkShare场内ETF
2025-11-18,1.881,1.892,1.838,1.844,8785409,1636555043.0,AkShare场内ETF
2025-11-19,1.835,1.863,1.831,1.836,7144111,1317560582.0,AkShare场内ETF
2025-11-20,1.879,1.909,1.879,1.907,6358348,1203355917.0,AkShare场内ETF
2025-11-21,1.834,1.858,1.831,1.848,6331539,1169156015.0,AkShare场内ETF
2025-11-24,1.868,1.876,1.851,1.856,5391474,1002630338.0,AkShare场内ETF
2025-11-25,1.896,1.899,1.89,1.897,6021639,1141232503.0,AkShare场内ETF
2025-11-26,1.911,1.93,1.911,1.927,2997253,575439492.0,AkShare场内ETF
2025-11-27,1.941,1.942,1.922,1.925,2846439,549531409.0,AkShare场内ETF
2025-11-28,1.935,1.944,1.928,1.943,2388458,462289776.0,AkShare场内ETF
2025-12-01,1.93,1.943,1.926,1.936,3124567,604420744.0,AkShare场内ETF
2025-12-02,1.945,1.946,1.933,1.94,1971990,382400053.0,AkShare场内ETF
2025-12-03,1.95,1.966,1.95,1.965,3261453,638854275.0,AkShare场内ETF
2025-12-04,1.965,1.972,1.964,1.965,2394191,471018398.0,AkShare场内ETF
2025-12-05,1.968,1.972,1.956,1.963,3236556,635988794.0,AkShare场内ETF
2025-12-08,1.963,1.969,1.951,1.952,2692512,527612125.0,AkShare场内ETF
2025-12-09,1.948,1.948,1.922,1.928,3210903,619646139.0,AkShare场内ETF
2025-12-10,1.928,1.948,1.924,1.944,2911717,564132144.0,AkShare场内ETF
2025-12-11,1.942,1.952,1.917,1.918,3738107,722358250.0,AkShare场内ETF
2025-12-12,1.932,1.932,1.918,1.921,2856958,549497814.0,AkShare场内ETF
2025-12-15,1.89,1.905,1.888,1.902,2470526,469276987.0,AkShare场内ETF
2025-12-16,1.89,1.895,1.866,1.873,3296844,618842757.0,AkShare场内ETF
2025-12-17,1.886,1.905,1.883,1.899,3378807,640773222.0,AkShare场内ETF
2025-12-18,1.873,1.88,1.87,1.878,2596504,487149813.0,AkShare场内ETF
2025-12-19,1.899,1.917,1.896,1.916,2884446,549409166.0,AkShare场内ETF
2025-12-22,1.94,1.947,1.94,1.945,2548444,495178026.0,AkShare场内ETF
2025-12-23,1.946,1.947,1.932,1.935,2072785,401579307.0,AkShare场内ETF
2025-12-24,1.943,1.944,1.93,1.933,1783781,345374070.0,AkShare场内ETF
2025-12-25,1.933,1.935,1.926,1.93,1385094,267162247.0,AkShare场内ETF
2025-12-26,1.935,1.937,1.928,1.929,1064529,205518716.0,AkShare场内ETF
2025-12-29,1.925,1.925,1.909,1.916,1972867,377423282.0,AkShare场内ETF
2025-12-30,1.903,1.916,1.898,1.914,2105945,400985653.0,AkShare场内ETF
2025-12-31,1.905,1.909,1.901,1.904,1335823,254309544.0,AkShare场内ETF
2026-01-05,1.909,1.93,1.907,1.93,2742749,526499130.0,AkShare场内ETF
2026-01-06,1.932,1.933,1.92,1.925,2686141,517079765.0,AkShare场内ETF
2026-01-07,1.93,1.931,1.917,1.919,2139806,411125006.0,AkShare场内ETF
2026-01-08,1.916,1.918,1.898,1.899,2518386,480506535.0,AkShare场内ETF
2026-01-09,1.896,1.906,1.89,1.903,1831269,347682936.0,AkShare场内ETF
2026-01-12,1.904,1.907,1.892,1.893,2938080,557937555.0,AkShare场内ETF
2026-01-13,1.895,1.917,1.893,1.915,2607273,495999372.0,AkShare场内ETF
2026-01-14,1.914,1.914,1.901,1.909,2170817,413816883.0,AkShare场内ETF
2026-01-15,1.898,1.906,1.891,1.901,2234631,424221658.0,AkShare场内ETF
2026-01-16,1.904,1.906,1.899,1.904,1527866,290524176.0,AkShare场内ETF
2026-01-19,1.886,1.896,1.883,1.887,1902556,359432671.0,AkShare场内ETF
2026-01-20,1.887,1.89,1.871,1.876,1700407,319538300.0,AkShare场内ETF
2026-01-21,1.862,1.879,1.856,1.875,2331084,435445341.0,AkShare场内ETF
2026-01-22,1.896,1.906,1.894,1.901,2307416,438507589.0,AkShare场内ETF
2026-01-23,1.908,1.91,1.89,1.891,2367098,449491529.0,AkShare场内ETF
2026-01-26,1.888,1.888,1.87,1.882,2372021,445490355.0,AkShare场内ETF
2026-01-27,1.894,1.899,1.888,1.894,2109184,399852913.0,AkShare场内ETF
2026-01-28,1.902,1.912,1.894,1.905,3683997,701550799.0,AkShare场内ETF
2026-01-29,1.895,1.898,1.886,1.891,1904562,360386656.0,AkShare场内ETF
2026-01-30,1.874,1.887,1.874,1.881,1912240,359283664.0,AkShare场内ETF
2026-02-02,1.858,1.875,1.831,1.833,3399120,628621227.0,AkShare场内ETF
2026-02-03,1.87,1.873,1.855,1.872,2516215,469735418.0,AkShare场内ETF
2026-02-04,1.849,1.855,1.841,1.853,2501768,462537670.0,AkShare场内ETF
2026-02-05,1.835,1.843,1.831,1.84,1884899,345974787.0,AkShare场内ETF
2026-02-06,1.809,1.818,1.805,1.813,2796254,506740548.0,AkShare场内ETF
2026-02-09,1.846,1.85,1.841,1.847,2035546,375820258.0,AkShare场内ETF
2026-02-10,1.851,1.854,1.842,1.844,1536116,284057452.0,AkShare场内ETF
2026-02-11,1.84,1.843,1.839,1.841,1094132,201427474.0,AkShare场内ETF
2026-02-12,1.84,1.847,1.833,1.836,1574971,289696313.0,AkShare场内ETF
2026-02-13,1.81,1.833,1.807,1.83,2241112,407603920.0,AkShare场内ETF
2026-02-24,1.821,1.824,1.81,1.823,1585211,288055017.0,AkShare场内ETF
2026-02-25,1.832,1.837,1.824,1.825,1367578,250206240.0,AkShare场内ETF
2026-02-26,1.839,1.841,1.831,1.832,1560805,286430531.0,AkShare场内ETF
2026-02-27,1.816,1.823,1.816,1.819,1234307,224528674.0,AkShare场内ETF
2026-03-02,1.804,1.818,1.8,1.802,1923465,347670471.0,AkShare场内ETF
2026-03-03,1.81,1.812,1.783,1.786,1957699,351630795.0,AkShare场内ETF
2026-03-04,1.779,1.783,1.76,1.762,2311738,409326432.0,AkShare场内ETF
2026-03-05,1.79,1.802,1.79,1.8,2712781,487045711.0,AkShare场内ETF
2026-03-06,1.794,1.804,1.79,1.801,1276101,229278472.0,AkShare场内ETF
2026-03-09,1.748,1.772,1.744,1.756,3309945,580948578.0,AkShare场内ETF
2026-03-10,1.792,1.794,1.786,1.788,2290753,409837879.0,AkShare场内ETF
2026-03-11,1.792,1.797,1.79,1.792,1370908,245850180.0,AkShare场内ETF
2026-03-12,1.786,1.793,1.778,1.784,1335210,238225204.0,AkShare场内ETF
2026-03-13,1.774,1.774,1.766,1.767,1399438,247757380.0,AkShare场内ETF
2026-03-16,1.763,1.775,1.759,1.774,1834027,323965664.0,AkShare场内ETF
2026-03-17,1.776,1.784,1.765,1.768,1499428,266546120.0,AkShare场内ETF
2026-03-18,1.785,1.8,1.781,1.789,2977384,533140217.0,AkShare场内ETF
2026-03-19,1.763,1.773,1.76,1.764,1524050,269180556.0,AkShare场内ETF
2026-03-20,1.771,1.771,1.748,1.749,970828,170898652.0,AkShare场内ETF
2026-03-23,1.725,1.725,1.664,1.68,6127720,1035878891.0,AkShare场内ETF
2026-03-24,1.699,1.729,1.687,1.717,3716381,631690928.0,AkShare场内ETF
2026-03-25,1.73,1.736,1.719,1.734,2634354,455724581.0,AkShare场内ETF
2026-03-26,1.73,1.737,1.71,1.716,2052676,353544314.0,AkShare场内ETF
2026-03-27,1.692,1.711,1.689,1.708,2139623,363901756.0,AkShare场内ETF
2026-03-30,1.672,1.685,1.666,1.683,2847557,477196952.0,AkShare场内ETF
2026-03-31,1.68,1.693,1.672,1.674,1655627,278278725.0,AkShare场内ETF
2026-04-01,1.724,1.756,1.718,1.752,3961346,686451168.0,AkShare场内ETF
2026-04-02,1.745,1.745,1.713,1.721,2461770,425047494.0,AkShare场内ETF
2026-04-03,1.737,1.74,1.728,1.731,1108106,192016553.0,AkShare场内ETF
2026-04-07,1.731,1.742,1.729,1.732,1481582,257262205.0,AkShare场内ETF
2026-04-08,1.789,1.841,1.788,1.833,5227473,946950741.0,AkShare场内ETF
2026-04-09,1.833,1.833,1.78,1.805,2792199,502925509.0,AkShare场内ETF
2026-04-10,1.824,1.84,1.801,1.809,2566607,468253583.0,AkShare场内ETF
2026-04-13,1.8,1.803,1.788,1.798,2150604,386330450.0,AkShare场内ETF
2026-04-14,1.833,1.833,1.824,1.825,1729538,316177233.0,AkShare场内ETF
2026-04-15,1.856,1.874,1.856,1.864,3040195,566446479.0,AkShare场内ETF
2026-04-16,1.9,1.912,1.896,1.907,3219384,612687926.0,AkShare场内ETF
2026-04-17,1.902,1.903,1.885,1.892,2522159,477114744.0,AkShare场内ETF
2026-04-20,1.9,1.902,1.888,1.89,2286049,433034701.0,AkShare场内ETF
2026-04-21,1.893,1.897,1.875,1.892,2343694,442159295.0,AkShare场内ETF
2026-04-22,1.89,1.898,1.884,1.896,2047046,386916537.0,AkShare场内ETF
2026-04-23,1.907,1.917,1.897,1.905,3046498,580436973.0,AkShare场内ETF
2026-04-24,1.905,1.909,1.901,1.907,1945538,370705769.0,AkShare场内ETF
2026-04-27,1.93,1.947,1.929,1.945,4027622,780179801.0,AkShare场内ETF
2026-04-28,1.945,1.967,1.943,1.963,3494815,683526736.0,AkShare场内ETF
2026-04-29,1.951,1.963,1.948,1.962,2658782,520035186.0,AkShare场内ETF
2026-04-30,1.975,1.979,1.955,1.959,3104625,610815686.0,AkShare场内ETF
2026-05-06,2.02,2.029,2.003,2.01,5716545,1149096914.0,AkShare场内ETF
2026-05-07,2.03,2.058,2.03,2.054,6157079,1260065242.0,AkShare场内ETF
2026-05-08,2.049,2.066,2.04,2.065,5171352,1059449737.0,AkShare场内ETF
2026-05-11,2.104,2.11,2.1,2.108,4764941,1002953532.0,AkShare场内ETF
2026-05-12,2.098,2.102,2.08,2.081,4902502,1024079834.0,AkShare场内ETF
2026-05-13,2.076,2.098,2.07,2.093,5346952,1113668847.0,AkShare场内ETF
2026-05-14,2.116,2.117,2.093,2.105,4314164,907650113.0,AkShare场内ETF
2026-05-15,2.107,2.126,2.084,2.1,6910110,1454988656.0,AkShare场内ETF
2026-05-18,2.065,2.09,2.06,2.066,5351782,1110449474.0,AkShare场内ETF
2026-05-19,2.058,2.068,2.034,2.047,5153288,1055785730.0,AkShare场内ETF
2026-05-20,2.036,2.06,2.026,2.058,5298471,1080589250.0,AkShare场内ETF
2026-05-21,2.085,2.114,2.081,2.103,6300273,1320517838.0,AkShare场内ETF
2026-05-22,2.12,2.15,2.12,2.146,6746483,1442569270.0,AkShare场内ETF
2026-05-25,2.211,2.27,2.188,2.231,8047392,1791829837.0,AkShare场内ETF
2026-05-26,2.231,2.231,2.15,2.185,4705619,1033840898.0,AkShare场内ETF
2026-05-27,2.215,2.242,2.209,2.223,4836979,1075341617.0,AkShare场内ETF
2026-05-28,2.226,2.226,2.173,2.214,3708345,818979762.0,AkShare场内ETF
2026-05-29,2.235,2.274,2.235,2.273,5010621,1131097727.0,AkShare场内ETF
2026-06-01,2.273,2.386,2.046,2.365,7489384,1758557924.0,AkShare场内ETF
2026-06-02,2.355,2.375,2.25,2.343,5894013,1377066452.0,AkShare场内ETF
2026-06-03,2.577,2.577,2.277,2.299,5047053,1165822545.0,AkShare场内ETF
2026-06-04,2.31,2.31,2.229,2.24,5196540,1166281144.0,AkShare场内ETF
2026-06-05,2.202,2.249,2.2,2.205,4916466,1091973019.0,AkShare场内ETF
2026-06-08,2.116,2.157,2.106,2.114,7129072,1517793773.0,AkShare场内ETF
2026-06-09,2.15,2.203,2.144,2.2,6945866,1506541070.0,AkShare场内ETF
2026-06-10,2.156,2.165,2.131,2.143,4162059,893109627.0,AkShare场内ETF
2026-06-11,2.123,2.131,2.092,2.13,4859970,1026381699.0,AkShare场内ETF
2026-06-12,2.21,2.215,2.158,2.162,4796030,1051537755.0,AkShare场内ETF
2026-06-15,2.231,2.26,2.22,2.258,5072860,1136119824.0,AkShare场内ETF
2026-06-16,2.264,2.383,2.264,2.28,3261065,744435531.0,AkShare场内ETF
