日期,黄金ETF_open,黄金ETF_close,纳指ETF_open,纳指ETF_close,创业板ETF_open,创业板ETF_close,黄金ETF_high,黄金ETF_low,黄金ETF_volume,黄金ETF_amount,黄金ETF_source,纳指ETF_high,纳指ETF_low,纳指ETF_volume,纳指ETF_amount,纳指ETF_source,创业板ETF_high,创业板ETF_low,创业板ETF_volume,创业板ETF_amount,创业板ETF_source,黄金ETF_4周涨幅,黄金ETF_当周涨幅,纳指ETF_4周涨幅,纳指ETF_当周涨幅,创业板ETF_4周涨幅,创业板ETF_当周涨幅,本周收盘后冠军,下周应持有,本周实际持有,页面展示持仓,策略收益,策略净值,历史最高净值,最大回撤,信号出现日期,实际买入日期,回撤起点日期,回撤起点净值
2013-07-29,2.633,2.577,0.202,0.2044,1.143,1.169,2.633,2.577,0.0,0.0,Excel导入缓存,0.2044,0.202,0.0,0.0,Excel导入缓存,1.169,1.143,0.0,0.0,Excel导入缓存,,,,,,,,,,,,1.0,1.0,0.0,2013-08-02,2013-08-02,2013-08-02,1.0
2013-08-05,2.621,2.618,0.2056,0.2052,1.167,1.161,2.621,2.618,0.0,0.0,Excel导入缓存,0.2056,0.2052,0.0,0.0,Excel导入缓存,1.167,1.161,0.0,0.0,Excel导入缓存,,0.015909972836631647,,0.003913894324853118,,-0.006843455945252375,,,,,,1.0,1.0,0.0,2013-08-09,2013-08-09,2013-08-09,1.0
2013-08-12,2.656,2.714,0.2048,0.2002,1.159,1.117,2.714,2.656,0.0,0.0,Excel导入缓存,0.2048,0.2002,0.0,0.0,Excel导入缓存,1.159,1.117,0.0,0.0,Excel导入缓存,,0.036669213139801426,,-0.024366471734892814,,-0.037898363479758834,,,,,,1.0,1.0,0.0,2013-08-16,2013-08-16,2013-08-16,1.0
2013-08-19,2.74,2.733,0.2002,0.203,1.112,1.198,2.74,2.733,0.0,0.0,Excel导入缓存,0.203,0.2002,0.0,0.0,Excel导入缓存,1.198,1.112,0.0,0.0,Excel导入缓存,,0.007000736919675843,,0.013986013986014179,,0.07251566696508505,,,,,,1.0,1.0,0.0,2013-08-23,2013-08-23,2013-08-23,1.0
2013-08-26,2.77,2.785,0.2038,0.2018,1.202,1.171,2.785,2.77,0.0,0.0,Excel导入缓存,0.2038,0.2018,0.0,0.0,Excel导入缓存,1.202,1.171,0.0,0.0,Excel导入缓存,0.08071400853705857,0.01902671057446037,-0.012720156555772966,-0.005911330049261143,0.0017108639863130382,-0.022537562604340478,黄金ETF,黄金ETF,,黄金ETF,,1.0,1.0,0.0,2013-08-30,2013-08-30,2013-08-30,1.0
2013-09-02,2.77,2.725,0.201,0.2032,1.17,1.262,2.77,2.725,0.0,0.0,Excel导入缓存,0.2032,0.201,0.0,0.0,Excel导入缓存,1.262,1.17,0.0,0.0,Excel导入缓存,0.04087089381207032,-0.021543985637342944,-0.00974658869395717,0.006937561942517156,0.086993970714901,0.0777113578138342,创业板ETF,创业板ETF,黄金ETF,创业板ETF,-0.021543985637342944,0.9784560143626571,1.0,-0.021543985637342944,2013-09-06,2013-09-06,2013-08-30,1.0
2013-09-09,2.751,2.622,0.204,0.2058,1.262,1.235,2.751,2.622,0.0,0.0,Excel导入缓存,0.2058,0.204,0.0,0.0,Excel导入缓存,1.262,1.235,0.0,0.0,Excel导入缓存,-0.03389830508474578,-0.0377981651376148,0.027972027972028135,0.01279527559055138,0.10564010743061791,-0.021394611727416746,创业板ETF,创业板ETF,创业板ETF,创业板ETF,-0.021394611727416746,0.9575223278430123,1.0,-0.04247767215698772,2013-09-13,2013-09-13,2013-08-30,1.0
2013-09-16,2.636,2.589,0.2072,0.2082,1.231,1.265,2.636,2.589,0.0,0.0,Excel导入缓存,0.2082,0.2072,0.0,0.0,Excel导入缓存,1.265,1.231,0.0,0.0,Excel导入缓存,-0.052689352360043906,-0.01258581235697942,0.025615763546797954,0.011661807580174877,0.055926544240400666,0.024291497975708287,创业板ETF,创业板ETF,创业板ETF,创业板ETF,0.024291497975708287,0.9807819795315063,1.0,-0.019218020468493746,2013-09-18,2013-09-18,2013-08-30,1.0
2013-09-23,2.618,2.622,0.2084,0.2142,1.266,1.308,2.622,2.618,0.0,0.0,Excel导入缓存,0.2142,0.2084,0.0,0.0,Excel导入缓存,1.308,1.266,0.0,0.0,Excel导入缓存,-0.05852782764811504,0.012746234067207318,0.061446977205153575,0.028818443804034644,0.11699402220324506,0.033992094861660105,创业板ETF,创业板ETF,创业板ETF,创业板ETF,0.033992094861660105,1.014120813618348,1.014120813618348,0.0,2013-09-27,2013-09-27,2013-09-27,1.014120813618348
2013-09-30,2.633,2.649,0.214,0.21,1.314,1.346,2.649,2.633,0.0,0.0,Excel导入缓存,0.214,0.21,0.0,0.0,Excel导入缓存,1.346,1.314,0.0,0.0,Excel导入缓存,-0.027889908256880758,0.010297482837528626,0.0334645669291338,-0.019607843137254943,0.06656101426307459,0.02905198776758411,创业板ETF,创业板ETF,创业板ETF,创业板ETF,0.02905198776758411,1.0435830390904406,1.0435830390904406,0.0,2013-09-30,2013-09-30,2013-09-30,1.0435830390904406
2013-10-07,2.638,2.569,0.214,0.213,1.35,1.36,2.638,2.569,0.0,0.0,Excel导入缓存,0.214,0.213,0.0,0.0,Excel导入缓存,1.36,1.35,0.0,0.0,Excel导入缓存,-0.0202135774218154,-0.030200075500188772,0.03498542274052463,0.014285714285714235,0.10121457489878538,0.010401188707280795,创业板ETF,创业板ETF,创业板ETF,创业板ETF,0.010401188707280795,1.0544375432117379,1.0544375432117379,0.0,2013-10-11,2013-10-11,2013-10-11,1.0544375432117379
2013-10-14,2.54,2.606,0.214,0.2202,1.36,1.332,2.606,2.54,0.0,0.0,Excel导入缓存,0.2202,0.214,0.0,0.0,Excel导入缓存,1.36,1.332,0.0,0.0,Excel导入缓存,0.006566241792197669,0.01440249124172821,0.05763688760806929,0.033802816901408406,0.052964426877470494,-0.020588235294117685,纳指ETF,纳指ETF,创业板ETF,纳指ETF,-0.020588235294117685,1.0327285349691433,1.0544375432117379,-0.020588235294117685,2013-10-18,2013-10-18,2013-10-11,1.0544375432117379
2013-10-21,2.6,2.619,0.2202,0.2278,1.333,1.252,2.619,2.6,0.0,0.0,Excel导入缓存,0.2278,0.2202,0.0,0.0,Excel导入缓存,1.333,1.252,0.0,0.0,Excel导入缓存,-0.0011441647597252302,0.004988488104374689,0.06349206349206349,0.03451407811080842,-0.042813455657492394,-0.06006006006006015,纳指ETF,纳指ETF,纳指ETF,纳指ETF,0.03451407811080842,1.068372208292329,1.068372208292329,0.0,2013-10-25,2013-10-25,2013-10-25,1.068372208292329
2013-10-28,2.634,2.603,0.2302,0.2236,1.252,1.199,2.634,2.603,0.0,0.0,Excel导入缓存,0.2302,0.2236,0.0,0.0,Excel导入缓存,1.252,1.199,0.0,0.0,Excel导入缓存,-0.017365043412608472,-0.006109201985490698,0.0647619047619048,-0.01843722563652328,-0.1092124814264488,-0.042332268370606996,纳指ETF,纳指ETF,纳指ETF,纳指ETF,-0.01843722563652328,1.0486743888242527,1.068372208292329,-0.01843722563652328,2013-11-01,2013-11-01,2013-10-25,1.068372208292329
2013-11-04,2.603,2.574,0.2224,0.225,1.195,1.189,2.603,2.574,0.0,0.0,Excel导入缓存,0.225,0.2224,0.0,0.0,Excel导入缓存,1.195,1.189,0.0,0.0,Excel导入缓存,0.00194628260023344,-0.011140991164041658,0.05633802816901423,0.0062611806797854275,-0.12573529411764706,-0.008340283569641338,纳指ETF,纳指ETF,纳指ETF,纳指ETF,0.0062611806797854275,1.055240328646945,1.068372208292329,-0.012291483757682076,2013-11-08,2013-11-08,2013-10-25,1.068372208292329
2013-11-11,2.535,2.526,0.229,0.2264,1.185,1.247,2.535,2.526,0.0,0.0,Excel导入缓存,0.229,0.2264,0.0,0.0,Excel导入缓存,1.247,1.185,0.0,0.0,Excel导入缓存,-0.03069838833461247,-0.018648018648018683,0.02815622161671194,0.006222222222222129,-0.06381381381381379,0.04878048780487809,纳指ETF,纳指ETF,纳指ETF,纳指ETF,0.006222222222222129,1.061806268469637,1.068372208292329,-0.006145741878840982,2013-11-15,2013-11-15,2013-10-25,1.068372208292329
2013-11-18,2.529,2.457,0.227,0.2208,1.251,1.268,2.529,2.457,0.0,0.0,Excel导入缓存,0.227,0.2208,0.0,0.0,Excel导入缓存,1.268,1.251,0.0,0.0,Excel导入缓存,-0.0618556701030929,-0.027315914489311144,-0.030728709394205467,-0.02473498233215543,0.012779552715654896,0.016840417000801855,创业板ETF,创业板ETF,纳指ETF,创业板ETF,-0.02473498233215543,1.0355425091788686,1.068372208292329,-0.030728709394205356,2013-11-22,2013-11-22,2013-10-25,1.068372208292329
2013-11-25,2.457,2.443,0.2216,0.2274,1.26,1.341,2.457,2.443,0.0,0.0,Excel导入缓存,0.2274,0.2216,0.0,0.0,Excel导入缓存,1.341,1.26,0.0,0.0,Excel导入缓存,-0.061467537456780685,-0.005698005698005604,0.016994633273702986,0.029891304347826164,0.1184320266889074,0.05757097791798094,创业板ETF,创业板ETF,创业板ETF,创业板ETF,0.05757097791798094,1.0951597041079357,1.0951597041079357,0.0,2013-11-29,2013-11-29,2013-11-29,1.0951597041079357
2013-12-02,2.444,2.419,0.2278,0.2264,1.27,1.186,2.444,2.419,0.0,0.0,Excel导入缓存,0.2278,0.2264,0.0,0.0,Excel导入缓存,1.27,1.186,0.0,0.0,Excel导入缓存,-0.060217560217560195,-0.009823986901350779,0.006222222222222129,-0.004397537379067673,-0.002523128679562725,-0.11558538404175989,纳指ETF,纳指ETF,创业板ETF,纳指ETF,-0.11558538404175989,0.9685752491215599,1.0951597041079357,-0.11558538404175989,2013-12-06,2013-12-06,2013-11-29,1.0951597041079357
2013-12-09,2.424,2.41,0.2276,0.2244,1.187,1.251,2.424,2.41,0.0,0.0,Excel导入缓存,0.2276,0.2244,0.0,0.0,Excel导入缓存,1.251,1.187,0.0,0.0,Excel导入缓存,-0.045922406967537466,-0.003720545680032994,-0.008833922261484162,-0.008833922261484162,0.003207698476342946,0.05480607082630695,创业板ETF,创业板ETF,纳指ETF,创业板ETF,-0.008833922261484162,0.9600189306664224,1.0951597041079357,-0.12339823400605532,2013-12-13,2013-12-13,2013-11-29,1.0951597041079357
2013-12-16,2.412,2.343,0.2242,0.2274,1.252,1.23,2.412,2.343,0.0,0.0,Excel导入缓存,0.2274,0.2242,0.0,0.0,Excel导入缓存,1.252,1.23,0.0,0.0,Excel导入缓存,-0.046398046398046344,-0.027800829875518795,0.029891304347826164,0.013368983957219305,-0.029968454258675115,-0.01678657074340517,纳指ETF,纳指ETF,创业板ETF,纳指ETF,-0.01678657074340517,0.9439035049717823,1.0951597041079357,-0.1381133715647065,2013-12-20,2013-12-20,2013-11-29,1.0951597041079357
2013-12-23,2.355,2.401,0.2296,0.2358,1.225,1.273,2.401,2.355,0.0,0.0,Excel导入缓存,0.2358,0.2296,0.0,0.0,Excel导入缓存,1.273,1.225,0.0,0.0,Excel导入缓存,-0.017191977077363974,0.02475458813486986,0.03693931398416894,0.03693931398416894,-0.05070842654735275,0.03495934959349589,纳指ETF,纳指ETF,纳指ETF,纳指ETF,0.03693931398416894,0.9787706529126926,1.0951597041079357,-0.10627587077817846,2013-12-27,2013-12-27,2013-11-29,1.0951597041079357
2013-12-30,2.402,2.424,0.2352,0.2322,1.273,1.325,2.424,2.402,0.0,0.0,Excel导入缓存,0.2352,0.2322,0.0,0.0,Excel导入缓存,1.325,1.273,0.0,0.0,Excel导入缓存,0.0020669698222406385,0.009579341940858077,0.025618374558303847,-0.01526717557251922,0.11720067453625638,0.0408483896307934,创业板ETF,创业板ETF,纳指ETF,创业板ETF,-0.01526717557251922,0.9638275895094452,1.0951597041079357,-0.11992051397240489,2014-01-03,2014-01-03,2013-11-29,1.0951597041079357
2014-01-06,2.437,2.428,0.2328,0.2342,1.324,1.324,2.437,2.428,0.0,0.0,Excel导入缓存,0.2342,0.2328,0.0,0.0,Excel导入缓存,1.324,1.324,0.0,0.0,Excel导入缓存,0.007468879668049766,0.0016501650165017256,0.04367201426024958,0.008613264427217882,0.05835331734612326,-0.0007547169811319421,创业板ETF,创业板ETF,创业板ETF,创业板ETF,-0.0007547169811319421,0.963100172460759,1.0951597041079357,-0.12058472490525585,2014-01-10,2014-01-10,2013-11-29,1.0951597041079357
2014-01-13,2.451,2.435,0.234,0.2366,1.323,1.367,2.451,2.435,0.0,0.0,Excel导入缓存,0.2366,0.234,0.0,0.0,Excel导入缓存,1.367,1.323,0.0,0.0,Excel导入缓存,0.03926589842082806,0.002883031301482708,0.04045734388742317,0.010247651579846417,0.11138211382113816,0.03247734138972813,创业板ETF,创业板ETF,创业板ETF,创业板ETF,0.03247734138972813,0.9943791055542731,1.0951597041079357,-0.09202365479266206,2014-01-17,2014-01-17,2013-11-29,1.0951597041079357
2014-01-20,2.436,2.46,0.2362,0.2372,1.361,1.453,2.46,2.436,0.0,0.0,Excel导入缓存,0.2372,0.2362,0.0,0.0,Excel导入缓存,1.453,1.361,0.0,0.0,Excel导入缓存,0.024573094543940188,0.010266940451745254,0.00593723494486853,0.002535925612848544,0.1413982717989004,0.06291148500365762,创业板ETF,创业板ETF,创业板ETF,创业板ETF,0.06291148500365762,1.0569369717413013,1.0951597041079357,-0.0349015145674747,2014-01-24,2014-01-24,2013-11-29,1.0951597041079357
2014-01-27,2.47,2.461,0.2348,0.2326,1.448,1.463,2.47,2.461,0.0,0.0,Excel导入缓存,0.2348,0.2326,0.0,0.0,Excel导入缓存,1.463,1.448,0.0,0.0,Excel导入缓存,0.01526402640264024,0.00040650406504050274,0.0017226528854437095,-0.019392917369308593,0.10415094339622644,0.006882312456985451,创业板ETF,创业板ETF,创业板ETF,创业板ETF,0.006882312456985451,1.064211142228165,1.0951597041079357,-0.02825940523896453,2014-01-30,2014-01-30,2013-11-29,1.0951597041079357
2014-02-03,2.461,2.48,0.2324,0.232,1.451,1.498,2.48,2.461,0.0,0.0,Excel导入缓存,0.2324,0.232,0.0,0.0,Excel导入缓存,1.498,1.451,0.0,0.0,Excel导入缓存,0.021416803953871577,0.0077204388459977125,-0.009393680614859012,-0.002579535683576939,0.13141993957703924,0.02392344497607657,创业板ETF,创业板ETF,创业板ETF,创业板ETF,0.02392344497607657,1.0896707389321882,1.0951597041079357,-0.005012022589178877,2014-02-07,2014-02-07,2013-11-29,1.0951597041079357
2014-02-10,2.49,2.552,0.2346,0.2362,1.505,1.479,2.552,2.49,0.0,0.0,Excel导入缓存,0.2362,0.2346,0.0,0.0,Excel导入缓存,1.505,1.479,0.0,0.0,Excel导入缓存,0.04804928131416841,0.029032258064516148,-0.0016906170752325478,0.018103448275861966,0.08193123628383336,-0.012683578104138782,创业板ETF,创业板ETF,创业板ETF,创业板ETF,-0.012683578104138782,1.0758498150071472,1.0951597041079357,-0.017632030313348146,2014-02-14,2014-02-14,2013-11-29,1.0951597041079357
2014-02-17,2.592,2.582,0.2368,0.2406,1.483,1.483,2.592,2.582,0.0,0.0,Excel导入缓存,0.2406,0.2368,0.0,0.0,Excel导入缓存,1.483,1.483,0.0,0.0,Excel导入缓存,0.04959349593495932,0.011755485893416795,0.014333895446880351,0.018628281117696988,0.020646937370956575,0.0027045300878971723,黄金ETF,黄金ETF,创业板ETF,黄金ETF,0.0027045300878971723,1.0787594832018925,1.0951597041079357,-0.0149751865819443,2014-02-21,2014-02-21,2013-11-29,1.0951597041079357
2014-02-24,2.57,2.623,0.2402,0.2498,1.481,1.4,2.623,2.57,0.0,0.0,Excel导入缓存,0.2498,0.2402,0.0,0.0,Excel导入缓存,1.481,1.4,0.0,0.0,Excel导入缓存,0.06582689963429522,0.0158791634391946,0.0739466895958727,0.038237738985868575,-0.04306220095693791,-0.055967633175994735,纳指ETF,纳指ETF,黄金ETF,纳指ETF,0.0158791634391946,1.0958892813472365,1.0958892813472365,0.0,2014-02-28,2014-02-28,2014-02-28,1.0958892813472365
2014-03-03,2.643,2.65,0.249,0.2462,1.4,1.428,2.65,2.643,0.0,0.0,Excel导入缓存,0.249,0.2462,0.0,0.0,Excel导入缓存,1.428,1.4,0.0,0.0,Excel导入缓存,0.06854838709677424,0.010293556995806252,0.061206896551724066,-0.014411529223378627,-0.04672897196261683,0.020000000000000018,黄金ETF,黄金ETF,纳指ETF,黄金ETF,-0.014411529223378627,1.0800958409435135,1.0958892813472365,-0.014411529223378516,2014-03-07,2014-03-07,2014-02-28,1.0958892813472365
2014-03-10,2.625,2.691,0.2462,0.2394,1.408,1.398,2.691,2.625,0.0,0.0,Excel导入缓存,0.2462,0.2394,0.0,0.0,Excel导入缓存,1.408,1.398,0.0,0.0,Excel导入缓存,0.05446708463949834,0.015471698113207477,0.013547840812870415,-0.02761982128350937,-0.05476673427991896,-0.021008403361344574,黄金ETF,黄金ETF,黄金ETF,黄金ETF,0.015471698113207477,1.0968067577279226,1.0968067577279226,0.0,2014-03-14,2014-03-14,2014-03-14,1.0968067577279226
2014-03-17,2.701,2.647,0.2384,0.244,1.401,1.382,2.701,2.647,0.0,0.0,Excel导入缓存,0.244,0.2384,0.0,0.0,Excel导入缓存,1.401,1.382,0.0,0.0,Excel导入缓存,0.02517428350116191,-0.01635079895949465,0.01413133832086455,0.019214703425229684,-0.06810519217801769,-0.011444921316165924,黄金ETF,黄金ETF,黄金ETF,黄金ETF,-0.01635079895949465,1.0788730909348982,1.0968067577279226,-0.01635079895949454,2014-03-21,2014-03-21,2014-03-14,1.0968067577279226
2014-03-24,2.65,2.588,0.242,0.2346,1.375,1.292,2.65,2.588,0.0,0.0,Excel导入缓存,0.242,0.2346,0.0,0.0,Excel导入缓存,1.375,1.292,0.0,0.0,Excel导入缓存,-0.013343499809378656,-0.022289384208537877,-0.06084867894315449,-0.03852459016393439,-0.07714285714285707,-0.0651230101302459,黄金ETF,黄金ETF,黄金ETF,黄金ETF,-0.022289384208537877,1.0548256740987976,1.0968067577279226,-0.03827573392790762,2014-03-28,2014-03-28,2014-03-14,1.0968067577279226
2014-03-31,2.57,2.566,0.2348,0.2398,1.293,1.314,2.57,2.566,0.0,0.0,Excel导入缓存,0.2398,0.2348,0.0,0.0,Excel导入缓存,1.314,1.293,0.0,0.0,Excel导入缓存,-0.03169811320754723,-0.008500772797527145,-0.025995125913891082,0.022165387894288235,-0.07983193277310918,0.017027863777089758,纳指ETF,纳指ETF,黄金ETF,纳指ETF,-0.008500772797527145,1.0458588407022853,1.0968067577279226,-0.046451133407655054,2014-04-04,2014-04-04,2014-03-14,1.0968067577279226
2014-04-07,2.58,2.62,0.232,0.2284,1.295,1.329,2.62,2.58,0.0,0.0,Excel导入缓存,0.232,0.2284,0.0,0.0,Excel导入缓存,1.329,1.295,0.0,0.0,Excel导入缓存,-0.026384243775548044,0.02104442712392829,-0.04594820384294074,-0.047539616346955915,-0.04935622317596566,0.011415525114155223,黄金ETF,黄金ETF,纳指ETF,黄金ETF,-0.047539616346955915,0.9961391126622265,1.0968067577279226,-0.09178248069352979,2014-04-11,2014-04-11,2014-03-14,1.0968067577279226
2014-04-14,2.629,2.579,0.2246,0.2308,1.329,1.344,2.629,2.579,0.0,0.0,Excel导入缓存,0.2308,0.2246,0.0,0.0,Excel导入缓存,1.344,1.329,0.0,0.0,Excel导入缓存,-0.025689459765772416,-0.015648854961831993,-0.0540983606557377,0.01050788091068311,-0.027496382054992607,0.011286681715575675,黄金ETF,黄金ETF,黄金ETF,黄金ETF,-0.015648854961831993,0.9805506761663674,1.0968067577279226,-0.10599504492695155,2014-04-18,2014-04-18,2014-03-14,1.0968067577279226
2014-04-21,2.575,2.59,0.2308,0.2354,1.33,1.26,2.59,2.575,0.0,0.0,Excel导入缓存,0.2354,0.2308,0.0,0.0,Excel导入缓存,1.33,1.26,0.0,0.0,Excel导入缓存,0.0007727975270477305,0.004265219077161486,0.0034100596760442414,0.019930675909878737,-0.024767801857585203,-0.0625,纳指ETF,纳指ETF,黄金ETF,纳指ETF,0.004265219077161486,0.9847329396164758,1.0968067577279226,-0.10218191793749709,2014-04-25,2014-04-25,2014-03-14,1.0968067577279226
2014-04-28,2.613,2.612,0.2322,0.234,1.255,1.254,2.613,2.612,0.0,0.0,Excel导入缓存,0.234,0.2322,0.0,0.0,Excel导入缓存,1.255,1.254,0.0,0.0,Excel导入缓存,0.017926734216679785,0.008494208494208566,-0.024186822351960013,-0.00594732370433293,-0.045662100456621,-0.004761904761904745,黄金ETF,黄金ETF,纳指ETF,黄金ETF,-0.00594732370433293,0.9788764140622572,1.0968067577279226,-0.10752153269912612,2014-04-30,2014-04-30,2014-03-14,1.0968067577279226
2014-05-05,2.632,2.588,0.2342,0.2318,1.253,1.23,2.632,2.588,0.0,0.0,Excel导入缓存,0.2342,0.2318,0.0,0.0,Excel导入缓存,1.253,1.23,0.0,0.0,Excel导入缓存,-0.012213740458015265,-0.009188361408882129,0.014886164623467701,-0.00940170940170948,-0.0744920993227991,-0.019138755980861233,纳指ETF,纳指ETF,黄金ETF,纳指ETF,-0.009188361408882129,0.9698821437952226,1.0968067577279226,-0.1157219474063318,2014-05-09,2014-05-09,2014-03-14,1.0968067577279226
2014-05-12,2.586,2.594,0.2326,0.2358,1.236,1.202,2.594,2.586,0.0,0.0,Excel导入缓存,0.2358,0.2326,0.0,0.0,Excel导入缓存,1.236,1.202,0.0,0.0,Excel导入缓存,0.005816207832493037,0.0023183925811436357,0.02166377816291165,0.01725625539257991,-0.10565476190476197,-0.02276422764227648,纳指ETF,纳指ETF,纳指ETF,纳指ETF,0.01725625539257991,0.9866186777692559,1.0968067577279226,-0.10046261949272217,2014-05-16,2014-05-16,2014-03-14,1.0968067577279226
2014-05-19,2.586,2.597,0.236,0.2404,1.195,1.27,2.597,2.586,0.0,0.0,Excel导入缓存,0.2404,0.236,0.0,0.0,Excel导入缓存,1.27,1.195,0.0,0.0,Excel导入缓存,0.002702702702702675,0.0011565150346954933,0.021240441801189558,0.019508057675996504,0.007936507936507908,0.056572379367720416,纳指ETF,纳指ETF,纳指ETF,纳指ETF,0.019508057675996504,1.005865691839394,1.0968067577279226,-0.08291439239207143,2014-05-23,2014-05-23,2014-03-14,1.0968067577279226
2014-05-26,2.59,2.535,0.242,0.2478,1.275,1.291,2.59,2.535,0.0,0.0,Excel导入缓存,0.2478,0.242,0.0,0.0,Excel导入缓存,1.291,1.275,0.0,0.0,Excel导入缓存,-0.029479326186830024,-0.023873700423565625,0.05897435897435899,0.030782029950083167,0.029505582137161035,0.016535433070866024,纳指ETF,纳指ETF,纳指ETF,纳指ETF,0.030782029950083167,1.0368282796913553,1.0968067577279226,-0.05468463575189397,2014-05-30,2014-05-30,2014-03-14,1.0968067577279226
2014-06-02,2.526,2.53,0.2472,0.2512,1.291,1.321,2.53,2.526,0.0,0.0,Excel导入缓存,0.2512,0.2472,0.0,0.0,Excel导入缓存,1.321,1.291,0.0,0.0,Excel导入缓存,-0.022411128284389625,-0.0019723865877713243,0.08369283865401189,0.013720742534301777,0.07398373983739837,0.02323780015491872,纳指ETF,纳指ETF,纳指ETF,纳指ETF,0.013720742534301777,1.0510543335692835,1.0968067577279226,-0.04171420702532602,2014-06-06,2014-06-06,2014-03-14,1.0968067577279226
2014-06-09,2.531,2.545,0.2522,0.2482,1.315,1.35,2.545,2.531,0.0,0.0,Excel导入缓存,0.2522,0.2482,0.0,0.0,Excel导入缓存,1.35,1.315,0.0,0.0,Excel导入缓存,-0.018889745566692318,0.005928853754940677,0.052586938083121204,-0.011942675159235527,0.12312811980033289,0.021953065859197762,创业板ETF,创业板ETF,纳指ETF,创业板ETF,-0.011942675159235527,1.0385019330887588,1.0968067577279226,-0.05315870296053282,2014-06-13,2014-06-13,2014-03-14,1.0968067577279226
2014-06-16,2.551,2.627,0.2494,0.2508,1.352,1.305,2.627,2.551,0.0,0.0,Excel导入缓存,0.2508,0.2494,0.0,0.0,Excel导入缓存,1.352,1.305,0.0,0.0,Excel导入缓存,0.011551790527531747,0.03222003929273076,0.04326123128119819,0.010475423045930743,0.027559055118110187,-0.03333333333333344,纳指ETF,纳指ETF,创业板ETF,纳指ETF,-0.03333333333333344,1.0038852019858,1.0968067577279226,-0.08472007952851524,2014-06-20,2014-06-20,2014-03-14,1.0968067577279226
2014-06-23,2.604,2.634,0.252,0.2534,1.305,1.357,2.634,2.604,0.0,0.0,Excel导入缓存,0.2534,0.252,0.0,0.0,Excel导入缓存,1.357,1.305,0.0,0.0,Excel导入缓存,0.03905325443786967,0.0026646364674534073,0.02259887005649719,0.010366826156299913,0.051123160340821094,0.03984674329501914,创业板ETF,创业板ETF,纳指ETF,创业板ETF,0.010366826156299913,1.0142923053556687,1.0968067577279226,-0.0752315317086355,2014-06-27,2014-06-27,2014-03-14,1.0968067577279226
2014-06-30,2.634,2.635,0.2536,0.261,1.357,1.381,2.635,2.634,0.0,0.0,Excel导入缓存,0.261,0.2536,0.0,0.0,Excel导入缓存,1.381,1.357,0.0,0.0,Excel导入缓存,0.04150197628458496,0.00037965072133627764,0.039012738853503315,0.029992107340173657,0.04542013626040875,0.017686072218128235,创业板ETF,创业板ETF,创业板ETF,创业板ETF,0.017686072218128235,1.0322311523184808,1.0968067577279226,-0.058876009793386586,2014-07-04,2014-07-04,2014-03-14,1.0968067577279226
2014-07-07,2.631,2.67,0.261,0.2562,1.375,1.329,2.67,2.631,0.0,0.0,Excel导入缓存,0.261,0.2562,0.0,0.0,Excel导入缓存,1.375,1.329,0.0,0.0,Excel导入缓存,0.04911591355599221,0.013282732447817969,0.03223207091055591,-0.01839080459770126,-0.015555555555555656,-0.03765387400434472,黄金ETF,黄金ETF,创业板ETF,黄金ETF,-0.03765387400434472,0.9933636505657212,1.0968067577279226,-0.09431297394309257,2014-07-11,2014-07-11,2014-03-14,1.0968067577279226
2014-07-14,2.671,2.62,0.257,0.258,1.329,1.279,2.671,2.62,0.0,0.0,Excel导入缓存,0.258,0.257,0.0,0.0,Excel导入缓存,1.329,1.279,0.0,0.0,Excel导入缓存,-0.0026646364674532963,-0.01872659176029956,0.028708133971291794,0.007025761124121788,-0.01992337164750957,-0.037622272385252065,纳指ETF,纳指ETF,黄金ETF,纳指ETF,-0.01872659176029956,0.9747613350120561,1.0968067577279226,-0.11127340514266004,2014-07-18,2014-07-18,2014-03-14,1.0968067577279226
2014-07-21,2.618,2.579,0.2596,0.2622,1.28,1.257,2.618,2.579,0.0,0.0,Excel导入缓存,0.2622,0.2596,0.0,0.0,Excel导入缓存,1.28,1.257,0.0,0.0,Excel导入缓存,-0.020880789673500266,-0.015648854961831993,0.034727703235990504,0.016279069767441756,-0.07369196757553431,-0.01720093823299451,纳指ETF,纳指ETF,纳指ETF,纳指ETF,0.016279069767441756,0.990629542791322,1.0968067577279226,-0.09680576290079645,2014-07-25,2014-07-25,2014-03-14,1.0968067577279226
2014-07-28,2.59,2.558,0.2614,0.2574,1.258,1.29,2.59,2.558,0.0,0.0,Excel导入缓存,0.2614,0.2574,0.0,0.0,Excel导入缓存,1.29,1.258,0.0,0.0,Excel导入缓存,-0.029222011385199198,-0.008142690965490584,-0.013793103448275779,-0.01830663615560635,-0.06589427950760318,0.026252983293556298,纳指ETF,纳指ETF,纳指ETF,纳指ETF,-0.01830663615560635,0.9724944481864466,1.0968067577279226,-0.11334021117721205,2014-08-01,2014-08-01,2014-03-14,1.0968067577279226
2014-08-04,2.584,2.616,0.2562,0.2542,1.285,1.347,2.616,2.584,0.0,0.0,Excel导入缓存,0.2562,0.2542,0.0,0.0,Excel导入缓存,1.347,1.285,0.0,0.0,Excel导入缓存,-0.020224719101123556,0.022673964034402028,-0.0078064012490242085,-0.01243201243201253,0.013544018058690765,0.04418604651162794,创业板ETF,创业板ETF,纳指ETF,创业板ETF,-0.01243201243201253,0.9604043851165295,1.0968067577279226,-0.12436317669482255,2014-08-08,2014-08-08,2014-03-14,1.0968067577279226
2014-08-11,2.616,2.599,0.2556,0.2622,1.348,1.36,2.616,2.599,0.0,0.0,Excel导入缓存,0.2622,0.2556,0.0,0.0,Excel导入缓存,1.36,1.348,0.0,0.0,Excel导入缓存,-0.008015267175572438,-0.006498470948012147,0.016279069767441756,0.03147128245476005,0.06333072713057097,0.009651076466221431,创业板ETF,创业板ETF,创业板ETF,创业板ETF,0.009651076466221431,0.9696733212757834,1.0968067577279226,-0.11591233875646512,2014-08-15,2014-08-15,2014-03-14,1.0968067577279226
2014-08-18,2.58,2.543,0.2632,0.2666,1.36,1.429,2.58,2.543,0.0,0.0,Excel导入缓存,0.2666,0.2632,0.0,0.0,Excel导入缓存,1.429,1.36,0.0,0.0,Excel导入缓存,-0.013958898797983732,-0.021546748749519118,0.016781083142639375,0.016781083142639375,0.13683373110580765,0.0507352941176471,创业板ETF,创业板ETF,创业板ETF,创业板ETF,0.0507352941176471,1.018869982428746,1.0968067577279226,-0.07105789123749173,2014-08-22,2014-08-22,2014-03-14,1.0968067577279226
2014-08-25,2.545,2.555,0.2668,0.2672,1.426,1.394,2.555,2.545,0.0,0.0,Excel导入缓存,0.2672,0.2668,0.0,0.0,Excel导入缓存,1.426,1.394,0.0,0.0,Excel导入缓存,-0.0011727912431586107,0.004718836020448203,0.03807303807303808,0.0022505626406601476,0.08062015503875952,-0.024492652204338827,创业板ETF,创业板ETF,创业板ETF,创业板ETF,-0.024492652204338827,0.9939151543076779,1.0968067577279226,-0.09381014722537695,2014-08-29,2014-08-29,2014-03-14,1.0968067577279226
2014-09-01,2.551,2.519,0.268,0.2678,1.395,1.46,2.551,2.519,0.0,0.0,Excel导入缓存,0.268,0.2678,0.0,0.0,Excel导入缓存,1.46,1.395,0.0,0.0,Excel导入缓存,-0.037079510703363905,-0.014090019569471646,0.05350118017309202,0.002245508982035904,0.08389012620638447,0.04734576757532283,创业板ETF,创业板ETF,创业板ETF,创业板ETF,0.04734576757532283,1.0409728301931203,1.0968067577279226,-0.05090589307679361,2014-09-05,2014-09-05,2014-03-14,1.0968067577279226
2014-09-08,2.512,2.463,0.269,0.2684,1.453,1.483,2.512,2.463,0.0,0.0,Excel导入缓存,0.269,0.2684,0.0,0.0,Excel导入缓存,1.483,1.453,0.0,0.0,Excel导入缓存,-0.05232781839168921,-0.022231044065105232,0.023646071700991866,0.0022404779686335807,0.09044117647058814,0.015753424657534376,创业板ETF,创业板ETF,创业板ETF,创业板ETF,0.015753424657534376,1.057371717244108,1.0968067577279226,-0.035954410570469,2014-09-12,2014-09-12,2014-03-14,1.0968067577279226
2014-09-15,2.455,2.434,0.2672,0.2708,1.478,1.46,2.455,2.434,0.0,0.0,Excel导入缓存,0.2708,0.2672,0.0,0.0,Excel导入缓存,1.478,1.46,0.0,0.0,Excel导入缓存,-0.04286276051907201,-0.011774259033698664,0.015753938484621033,0.008941877794336639,0.021693491952414323,-0.015509103169251581,创业板ETF,创业板ETF,创业板ETF,创业板ETF,-0.015509103169251581,1.0409728301931203,1.0968067577279226,-0.05090589307679361,2014-09-19,2014-09-19,2014-03-14,1.0968067577279226
2014-09-22,2.422,2.429,0.27,0.2626,1.452,1.472,2.429,2.422,0.0,0.0,Excel导入缓存,0.27,0.2626,0.0,0.0,Excel导入缓存,1.472,1.452,0.0,0.0,Excel导入缓存,-0.049315068493150815,-0.0020542317173378732,-0.017215568862275377,-0.030280649926144654,0.05595408895265419,0.008219178082191858,创业板ETF,创业板ETF,创业板ETF,创业板ETF,0.008219178082191858,1.0495287712632009,1.0968067577279226,-0.04310511959523289,2014-09-26,2014-09-26,2014-03-14,1.0968067577279226
2014-09-29,2.425,2.433,0.2652,0.265,1.472,1.5,2.433,2.425,0.0,0.0,Excel导入缓存,0.2652,0.265,0.0,0.0,Excel导入缓存,1.5,1.472,0.0,0.0,Excel导入缓存,-0.034140531957125964,0.0016467682173733067,-0.010455563853622007,0.009139375476009182,0.027397260273972712,0.01902173913043481,创业板ETF,创业板ETF,创业板ETF,创业板ETF,0.01902173913043481,1.0694926337600552,1.0968067577279226,-0.024903314804924803,2014-09-30,2014-09-30,2014-03-14,1.0968067577279226
2014-10-06,2.418,2.425,0.2588,0.2592,1.501,1.512,2.425,2.418,0.0,0.0,Excel导入缓存,0.2592,0.2588,0.0,0.0,Excel导入缓存,1.512,1.501,0.0,0.0,Excel导入缓存,-0.015428339423467441,-0.0032881216605014085,-0.03427719821162456,-0.021886792452830317,0.019554956169925752,0.008000000000000007,创业板ETF,创业板ETF,创业板ETF,创业板ETF,0.008000000000000007,1.0780485748301356,1.0968067577279226,-0.017102541323364306,2014-10-10,2014-10-10,2014-03-14,1.0968067577279226
2014-10-13,2.436,2.449,0.2536,0.2514,1.502,1.47,2.449,2.436,0.0,0.0,Excel导入缓存,0.2536,0.2514,0.0,0.0,Excel导入缓存,1.502,1.47,0.0,0.0,Excel导入缓存,0.006162695152013065,0.009896907216494943,-0.07163958641063506,-0.03009259259259245,0.006849315068493178,-0.02777777777777779,创业板ETF,创业板ETF,创业板ETF,创业板ETF,-0.02777777777777779,1.048102781084854,1.0968067577279226,-0.044405248508826434,2014-10-17,2014-10-17,2014-03-14,1.0968067577279226
2014-10-20,2.449,2.43,0.2524,0.262,1.465,1.441,2.449,2.43,0.0,0.0,Excel导入缓存,0.262,0.2524,0.0,0.0,Excel导入缓存,1.465,1.441,0.0,0.0,Excel导入缓存,0.0004116920543435487,-0.007758268681094194,-0.0022848438690022954,0.04216388225934775,-0.021059782608695565,-0.019727891156462563,黄金ETF,黄金ETF,创业板ETF,黄金ETF,-0.019727891156462563,1.0274259234988263,1.0968067577279226,-0.06325711775593112,2014-10-24,2014-10-24,2014-03-14,1.0968067577279226
2014-10-27,2.435,2.35,0.2634,0.2694,1.438,1.473,2.435,2.35,0.0,0.0,Excel导入缓存,0.2694,0.2634,0.0,0.0,Excel导入缓存,1.473,1.438,0.0,0.0,Excel导入缓存,-0.03411426222770231,-0.03292181069958855,0.016603773584905612,0.028244274809160252,-0.017999999999999905,0.022206800832754947,纳指ETF,纳指ETF,黄金ETF,纳指ETF,-0.03292181069958855,0.9936012017375481,1.0968067577279226,-0.09409638959935729,2014-10-31,2014-10-31,2014-03-14,1.0968067577279226
2014-11-03,2.315,2.259,0.2722,0.2726,1.475,1.477,2.315,2.259,0.0,0.0,Excel导入缓存,0.2726,0.2722,0.0,0.0,Excel导入缓存,1.477,1.475,0.0,0.0,Excel导入缓存,-0.06845360824742264,-0.03872340425531928,0.051697530864197594,0.011878247958426291,-0.02314814814814814,0.0027155465037338455,纳指ETF,纳指ETF,纳指ETF,纳指ETF,0.011878247958426291,1.005403443183577,1.0968067577279226,-0.0833358418885849,2014-11-07,2014-11-07,2014-03-14,1.0968067577279226
2014-11-10,2.309,2.281,0.2724,0.273,1.48,1.406,2.309,2.281,0.0,0.0,Excel导入缓存,0.273,0.2724,0.0,0.0,Excel导入缓存,1.48,1.406,0.0,0.0,Excel导入缓存,-0.06859942833809707,0.009738822487826537,0.08591885441527447,0.0014673514306677848,-0.0435374149659864,-0.04807041299932302,纳指ETF,纳指ETF,纳指ETF,纳指ETF,0.0014673514306677848,1.0068787233643308,1.0968067577279226,-0.08199077342473815,2014-11-14,2014-11-14,2014-03-14,1.0968067577279226
2014-11-17,2.325,2.349,0.2732,0.2756,1.401,1.462,2.349,2.325,0.0,0.0,Excel导入缓存,0.2756,0.2732,0.0,0.0,Excel导入缓存,1.462,1.401,0.0,0.0,Excel导入缓存,-0.033333333333333326,0.02981148619026741,0.051908396946564794,0.00952380952380949,0.014573213046495503,0.03982930298719767,纳指ETF,纳指ETF,纳指ETF,纳指ETF,0.00952380952380949,1.0164680445392291,1.0968067577279226,-0.07324782840973576,2014-11-21,2014-11-21,2014-03-14,1.0968067577279226
2014-11-24,2.352,2.355,0.2756,0.28,1.483,1.524,2.355,2.352,0.0,0.0,Excel导入缓存,0.28,0.2756,0.0,0.0,Excel导入缓存,1.524,1.483,0.0,0.0,Excel导入缓存,0.0021276595744681437,0.0025542784163472554,0.039346696362286826,0.0159651669085632,0.03462321792260692,0.04240766073871405,纳指ETF,纳指ETF,纳指ETF,纳指ETF,0.0159651669085632,1.0326961265275187,1.0968067577279226,-0.0584520753074238,2014-11-28,2014-11-28,2014-03-14,1.0968067577279226
2014-12-01,2.305,2.394,0.28,0.278,1.52,1.529,2.394,2.305,0.0,0.0,Excel导入缓存,0.28,0.278,0.0,0.0,Excel导入缓存,1.529,1.52,0.0,0.0,Excel导入缓存,0.059760956175298974,0.016560509554140124,0.019809244314013208,-0.0071428571428571175,0.03520649966147582,0.0032808398950130435,黄金ETF,黄金ETF,纳指ETF,黄金ETF,-0.0071428571428571175,1.0253197256237507,1.0968067577279226,-0.06517741762665652,2014-12-05,2014-12-05,2014-03-14,1.0968067577279226
2014-12-08,2.386,2.434,0.2786,0.273,1.522,1.569,2.434,2.386,0.0,0.0,Excel导入缓存,0.2786,0.273,0.0,0.0,Excel导入缓存,1.569,1.522,0.0,0.0,Excel导入缓存,0.06707584392810162,0.01670843776106934,0.0,-0.017985611510791366,0.11593172119487916,0.026160889470242088,创业板ETF,创业板ETF,黄金ETF,创业板ETF,0.01670843776106934,1.0424512164445319,1.0968067577279226,-0.04955799269142935,2014-12-12,2014-12-12,2014-03-14,1.0968067577279226
2014-12-15,2.43,2.414,0.2712,0.2806,1.572,1.541,2.43,2.414,0.0,0.0,Excel导入缓存,0.2806,0.2712,0.0,0.0,Excel导入缓存,1.572,1.541,0.0,0.0,Excel导入缓存,0.027671349510429932,-0.008216926869350827,0.018142235123367323,0.02783882783882774,0.054035567715458255,-0.017845761631612556,创业板ETF,创业板ETF,创业板ETF,创业板ETF,-0.017845761631612556,1.0238478805232782,1.0968067577279226,-0.06651935419852939,2014-12-19,2014-12-19,2014-03-14,1.0968067577279226
2014-12-22,2.413,2.386,0.2814,0.2788,1.534,1.488,2.413,2.386,0.0,0.0,Excel导入缓存,0.2814,0.2788,0.0,0.0,Excel导入缓存,1.534,1.488,0.0,0.0,Excel导入缓存,0.013163481953290868,-0.011599005799502904,-0.004285714285714448,-0.006414825374198241,-0.023622047244094557,-0.03439325113562619,黄金ETF,黄金ETF,创业板ETF,黄金ETF,-0.03439325113562619,0.9886344232437625,1.0968067577279226,-0.09862478847982592,2014-12-26,2014-12-26,2014-03-14,1.0968067577279226
2014-12-29,2.4,2.413,0.2794,0.2784,1.489,1.43,2.413,2.4,0.0,0.0,Excel导入缓存,0.2794,0.2784,0.0,0.0,Excel导入缓存,1.489,1.43,0.0,0.0,Excel导入缓存,0.007936507936507908,0.011316010058675552,0.0014388489208632116,-0.0014347202295552641,-0.06474820143884896,-0.03897849462365599,黄金ETF,黄金ETF,黄金ETF,黄金ETF,0.011316010058675552,0.9998218203215418,1.0968067577279226,-0.08842481751962294,2014-12-31,2014-12-31,2014-03-14,1.0968067577279226
2015-01-05,2.413,2.439,0.277,0.2778,1.424,1.503,2.439,2.413,0.0,0.0,Excel导入缓存,0.2778,0.277,0.0,0.0,Excel导入缓存,1.503,1.424,0.0,0.0,Excel导入缓存,0.0020542317173377622,0.01077496891835894,0.01758241758241752,-0.0021551724137930384,-0.042065009560229516,0.05104895104895091,纳指ETF,纳指ETF,黄金ETF,纳指ETF,0.01077496891835894,1.0105948693594033,1.0968067577279226,-0.07860262326164957,2015-01-09,2015-01-09,2014-03-14,1.0968067577279226
2015-01-12,2.456,2.519,0.2748,0.27,1.495,1.592,2.519,2.456,0.0,0.0,Excel导入缓存,0.2748,0.27,0.0,0.0,Excel导入缓存,1.592,1.495,0.0,0.0,Excel导入缓存,0.04349627174813597,0.03280032800328003,-0.037776193870277974,-0.028077753779697567,0.0330953926022064,0.059214903526281004,黄金ETF,黄金ETF,纳指ETF,黄金ETF,-0.028077753779697567,0.9822196354465044,1.0968067577279226,-0.10447339193896821,2015-01-16,2015-01-16,2014-03-14,1.0968067577279226
2015-01-19,2.549,2.607,0.2716,0.2788,1.576,1.638,2.607,2.549,0.0,0.0,Excel导入缓存,0.2788,0.2716,0.0,0.0,Excel导入缓存,1.638,1.576,0.0,0.0,Excel导入缓存,0.09262363788767813,0.03493449781659397,0.0,0.032592592592592506,0.10080645161290325,0.028894472361808976,创业板ETF,创业板ETF,黄金ETF,创业板ETF,0.03493449781659397,1.016532985156426,1.0968067577279226,-0.07318861960495826,2015-01-23,2015-01-23,2014-03-14,1.0968067577279226
2015-01-26,2.609,2.542,0.2774,0.2742,1.639,1.623,2.609,2.542,0.0,0.0,Excel导入缓存,0.2774,0.2742,0.0,0.0,Excel导入缓存,1.639,1.623,0.0,0.0,Excel导入缓存,0.05346042271031903,-0.024932873034139047,-0.015086206896551713,-0.016499282639885204,0.1349650349650351,-0.009157509157509125,创业板ETF,创业板ETF,创业板ETF,创业板ETF,-0.009157509157509125,1.007224075035946,1.0968067577279226,-0.08167590330820951,2015-01-30,2015-01-30,2014-03-14,1.0968067577279226
2015-02-02,2.58,2.564,0.272,0.2774,1.609,1.661,2.58,2.564,0.0,0.0,Excel导入缓存,0.2774,0.272,0.0,0.0,Excel导入缓存,1.661,1.609,0.0,0.0,Excel导入缓存,0.05125051250512502,0.008654602675059131,-0.0014398848092153083,0.011670313639678964,0.10512308715901542,0.023413431916204486,创业板ETF,创业板ETF,创业板ETF,创业板ETF,0.023413431916204486,1.0308066473411621,1.0968067577279226,-0.060174784593306274,2015-02-06,2015-02-06,2014-03-14,1.0968067577279226
2015-02-09,2.539,2.496,0.2764,0.2838,1.661,1.761,2.539,2.496,0.0,0.0,Excel导入缓存,0.2838,0.2764,0.0,0.0,Excel导入缓存,1.761,1.661,0.0,0.0,Excel导入缓存,-0.009130607383882494,-0.026521060842433775,0.05111111111111111,0.023071377072819033,0.10615577889447225,0.06020469596628519,创业板ETF,创业板ETF,创业板ETF,创业板ETF,0.06020469596628519,1.0928660481443626,1.0968067577279226,-0.003592893238297812,2015-02-13,2015-02-13,2014-03-14,1.0968067577279226
2015-02-16,2.499,2.488,0.286,0.2874,1.767,1.82,2.499,2.488,0.0,0.0,Excel导入缓存,0.2874,0.286,0.0,0.0,Excel导入缓存,1.82,1.767,0.0,0.0,Excel导入缓存,-0.04564633678557739,-0.0032051282051281937,0.030846484935437513,0.012684989429175397,0.11111111111111116,0.033503691084611154,创业板ETF,创业板ETF,创业板ETF,创业板ETF,0.033503691084611154,1.1294810946182512,1.1294810946182512,0.0,2015-02-17,2015-02-17,2015-02-17,1.1294810946182512
2015-02-24,2.48,2.465,0.29,0.2898,1.825,1.863,2.48,2.465,0.0,0.0,Excel导入缓存,0.29,0.2898,0.0,0.0,Excel导入缓存,1.863,1.825,0.0,0.0,Excel导入缓存,-0.030291109362706514,-0.009244372990353744,0.05689277899343548,0.008350730688935437,0.1478743068391868,0.023626373626373542,创业板ETF,创业板ETF,创业板ETF,创业板ETF,0.023626373626373542,1.1561666369636274,1.1561666369636274,0.0,2015-02-27,2015-02-27,2015-02-27,1.1561666369636274
2015-03-02,2.472,2.439,0.2904,0.2926,1.868,1.88,2.472,2.439,0.0,0.0,Excel导入缓存,0.2926,0.2904,0.0,0.0,Excel导入缓存,1.88,1.868,0.0,0.0,Excel导入缓存,-0.04875195007800315,-0.010547667342799105,0.054794520547945424,0.009661835748792313,0.1318482841661648,0.00912506709608163,创业板ETF,创业板ETF,创业板ETF,创业板ETF,0.00912506709608163,1.1667167351001715,1.1667167351001715,0.0,2015-03-06,2015-03-06,2015-03-06,1.1667167351001715
2015-03-09,2.384,2.359,0.2888,0.2862,1.855,1.992,2.384,2.359,0.0,0.0,Excel导入缓存,0.2888,0.2862,0.0,0.0,Excel导入缓存,1.992,1.855,0.0,0.0,Excel导入缓存,-0.054887820512820484,-0.03280032800328003,0.008456659619450413,-0.021872863978127155,0.131175468483816,0.05957446808510647,创业板ETF,创业板ETF,创业板ETF,创业板ETF,0.05957446808510647,1.2362232639997563,1.2362232639997563,0.0,2015-03-13,2015-03-13,2015-03-13,1.2362232639997563
2015-03-16,2.357,2.354,0.286,0.2908,2.005,2.126,2.357,2.354,0.0,0.0,Excel导入缓存,0.2908,0.286,0.0,0.0,Excel导入缓存,2.126,2.005,0.0,0.0,Excel导入缓存,-0.053858520900321505,-0.002119542178889322,0.011830201809325036,0.01607267645003496,0.16813186813186798,0.06726907630522083,创业板ETF,创业板ETF,创业板ETF,创业板ETF,0.06726907630522083,1.3193828610760452,1.3193828610760452,0.0,2015-03-20,2015-03-20,2015-03-20,1.3193828610760452
2015-03-23,2.369,2.406,0.292,0.2878,2.13,2.228,2.406,2.369,0.0,0.0,Excel导入缓存,0.292,0.2878,0.0,0.0,Excel导入缓存,2.228,2.13,0.0,0.0,Excel导入缓存,-0.023935091277890397,0.022090059473237167,-0.0069013112491372874,-0.01031636863823937,0.19592055823939902,0.04797742238946401,创业板ETF,创业板ETF,创业板ETF,创业板ETF,0.04797742238946401,1.3826834498953102,1.3826834498953102,0.0,2015-03-27,2015-03-27,2015-03-27,1.3826834498953102
2015-03-30,2.398,2.392,0.2878,0.2832,2.21,2.391,2.398,2.392,0.0,0.0,Excel导入缓存,0.2878,0.2832,0.0,0.0,Excel导入缓存,2.391,2.21,0.0,0.0,Excel导入缓存,-0.01927019270192709,-0.005818786367414841,-0.032125768967874335,-0.015983321751216084,0.2718085106382979,0.07315978456014349,创业板ETF,创业板ETF,创业板ETF,创业板ETF,0.07315978456014349,1.483840273204527,1.483840273204527,0.0,2015-04-03,2015-04-03,2015-04-03,1.483840273204527
2015-04-07,2.406,2.384,0.2848,0.2862,2.402,2.424,2.406,2.384,0.0,0.0,Excel导入缓存,0.2862,0.2848,0.0,0.0,Excel导入缓存,2.424,2.402,0.0,0.0,Excel导入缓存,0.010597710894446832,-0.0033444816053511683,0.0,0.010593220338983134,0.2168674698795181,0.013801756587201952,创业板ETF,创业板ETF,创业板ETF,创业板ETF,0.013801756587201952,1.5043198754695832,1.5043198754695832,0.0,2015-04-10,2015-04-10,2015-04-10,1.5043198754695832
2015-04-13,2.393,2.395,0.2872,0.2876,2.435,2.368,2.395,2.393,0.0,0.0,Excel导入缓存,0.2876,0.2872,0.0,0.0,Excel导入缓存,2.435,2.368,0.0,0.0,Excel导入缓存,0.01741716227697543,0.004614093959731669,-0.011004126547455195,0.004891684136967278,0.11382878645343375,-0.02310231023102316,创业板ETF,创业板ETF,创业板ETF,创业板ETF,-0.02310231023102316,1.4695666110197907,1.5043198754695832,-0.02310231023102327,2015-04-17,2015-04-17,2015-04-10,1.5043198754695832
2015-04-20,2.393,2.399,0.2842,0.2924,2.355,2.645,2.399,2.393,0.0,0.0,Excel导入缓存,0.2924,0.2842,0.0,0.0,Excel导入缓存,2.645,2.355,0.0,0.0,Excel导入缓存,-0.0029093931837074205,0.001670146137787043,0.015983321751216195,0.016689847009735637,0.1871633752244164,0.11697635135135132,创业板ETF,创业板ETF,创业板ETF,创业板ETF,0.11697635135135132,1.6414711512446563,1.6414711512446563,0.0,2015-04-24,2015-04-24,2015-04-24,1.6414711512446563
2015-04-27,2.369,2.41,0.294,0.2918,2.67,2.748,2.41,2.369,0.0,0.0,Excel导入缓存,0.294,0.2918,0.0,0.0,Excel导入缓存,2.748,2.67,0.0,0.0,Excel导入缓存,0.007525083612040184,0.00458524385160497,0.030367231638418035,-0.0020519835841312783,0.14930991217064005,0.038941398865784516,创业板ETF,创业板ETF,创业板ETF,创业板ETF,0.038941398865784516,1.705392334071953,1.705392334071953,0.0,2015-04-30,2015-04-30,2015-04-30,1.705392334071953
2015-05-04,2.381,2.369,0.292,0.2902,2.758,2.894,2.381,2.369,0.0,0.0,Excel导入缓存,0.292,0.2902,0.0,0.0,Excel导入缓存,2.894,2.758,0.0,0.0,Excel导入缓存,-0.00629194630872465,-0.017012448132780023,0.013976240391334827,-0.005483207676490687,0.193894389438944,0.05312954876273657,创业板ETF,创业板ETF,创业板ETF,创业板ETF,0.05312954876273657,1.795999059244626,1.795999059244626,0.0,2015-05-08,2015-05-08,2015-05-08,1.795999059244626
2015-05-11,2.37,2.425,0.2916,0.2928,2.908,3.016,2.425,2.37,0.0,0.0,Excel导入缓存,0.2928,0.2916,0.0,0.0,Excel导入缓存,3.016,2.908,0.0,0.0,Excel导入缓存,0.012526096033402823,0.023638666103841022,0.018080667593880273,0.008959338387318994,0.2736486486486487,0.042156185210780794,创业板ETF,创业板ETF,创业板ETF,创业板ETF,0.042156185210780794,1.8717115282245305,1.8717115282245305,0.0,2015-05-15,2015-05-15,2015-05-15,1.8717115282245305
2015-05-18,2.424,2.411,0.2928,0.2936,3.043,3.382,2.424,2.411,0.0,0.0,Excel导入缓存,0.2936,0.2928,0.0,0.0,Excel导入缓存,3.382,3.043,0.0,0.0,Excel导入缓存,0.005002084201750634,-0.0057731958762885505,0.004103967168262779,0.002732240437158584,0.2786389413988659,0.12135278514588865,创业板ETF,创业板ETF,创业板ETF,创业板ETF,0.12135278514588865,2.098848935164245,2.098848935164245,0.0,2015-05-22,2015-05-22,2015-05-22,2.098848935164245
2015-05-25,2.411,2.381,0.2928,0.295,3.271,3.384,2.411,2.381,0.0,0.0,Excel导入缓存,0.295,0.2928,0.0,0.0,Excel导入缓存,3.384,3.271,0.0,0.0,Excel导入缓存,-0.012033195020747067,-0.012442969722107122,0.010966415352981373,0.004768392370572139,0.23144104803493426,0.0005913660555882938,创业板ETF,创业板ETF,创业板ETF,创业板ETF,0.0005913660555882938,2.100090123180309,2.100090123180309,0.0,2015-05-29,2015-05-29,2015-05-29,2.100090123180309
2015-06-01,2.383,2.368,0.2938,0.2928,3.398,3.703,2.383,2.368,0.0,0.0,Excel导入缓存,0.2938,0.2928,0.0,0.0,Excel导入缓存,3.703,3.398,0.0,0.0,Excel导入缓存,-0.0004221190375687245,-0.005459890802183898,0.008959338387318994,-0.00745762711864395,0.27954388389771934,0.0942671394799055,创业板ETF,创业板ETF,创业板ETF,创业板ETF,0.0942671394799055,2.298059611742519,2.298059611742519,0.0,2015-06-05,2015-06-05,2015-06-05,2.298059611742519
2015-06-08,2.37,2.375,0.2928,0.292,3.65,3.704,2.375,2.37,0.0,0.0,Excel导入缓存,0.2928,0.292,0.0,0.0,Excel导入缓存,3.704,3.65,0.0,0.0,Excel导入缓存,-0.020618556701030855,0.002956081081081141,-0.002732240437158584,-0.002732240437158584,0.2281167108753317,0.0002700513097488866,创业板ETF,创业板ETF,创业板ETF,创业板ETF,0.0002700513097488866,2.2986802057505513,2.2986802057505513,0.0,2015-06-12,2015-06-12,2015-06-12,2.2986802057505513
2015-06-15,2.377,2.365,0.2912,0.2924,3.712,3.15,2.377,2.365,0.0,0.0,Excel导入缓存,0.2924,0.2912,0.0,0.0,Excel导入缓存,3.712,3.15,0.0,0.0,Excel导入缓存,-0.019079220240563965,-0.004210526315789331,-0.004087193460490579,0.00136986301369868,-0.06859846244825551,-0.14956803455723544,纳指ETF,纳指ETF,创业板ETF,纳指ETF,-0.14956803455723544,1.9548711253008197,2.2986802057505513,-0.14956803455723544,2015-06-19,2015-06-19,2015-06-12,2.2986802057505513
2015-06-23,2.359,2.353,0.293,0.294,3.15,2.767,2.359,2.353,0.0,0.0,Excel导入缓存,0.294,0.293,0.0,0.0,Excel导入缓存,3.15,2.767,0.0,0.0,Excel导入缓存,-0.011759764804703754,-0.0050739957716702255,-0.003389830508474634,0.00547195622435015,-0.18232860520094563,-0.12158730158730158,纳指ETF,纳指ETF,纳指ETF,纳指ETF,0.00547195622435015,1.9655680945227119,2.2986802057505513,-0.14491450807054462,2015-06-26,2015-06-26,2015-06-12,2.2986802057505513
2015-06-29,2.354,2.312,0.2926,0.2886,2.76,2.457,2.354,2.312,0.0,0.0,Excel导入缓存,0.2926,0.2886,0.0,0.0,Excel导入缓存,2.76,2.457,0.0,0.0,Excel导入缓存,-0.023648648648648685,-0.017424564385890462,-0.0143442622950819,-0.018367346938775397,-0.33648393194706994,-0.11203469461510662,纳指ETF,纳指ETF,纳指ETF,纳指ETF,-0.018367346938775397,1.9294658233988256,2.2986802057505513,-0.1606201599631264,2015-07-03,2015-07-03,2015-06-12,2.2986802057505513
2015-07-06,2.315,2.3,0.2886,0.2772,2.7,2.298,2.315,2.3,0.0,0.0,Excel导入缓存,0.2886,0.2772,0.0,0.0,Excel导入缓存,2.7,2.298,0.0,0.0,Excel导入缓存,-0.03157894736842115,-0.00519031141868509,-0.05068493150684927,-0.03950103950103956,-0.37958963282937364,-0.0647130647130646,黄金ETF,黄金ETF,纳指ETF,黄金ETF,-0.03950103950103956,1.8532499176928428,2.2986802057505513,-0.19377653618079915,2015-07-10,2015-07-10,2015-06-12,2.2986802057505513
2015-07-13,2.301,2.3,0.2802,0.295,2.524,2.688,2.301,2.3,0.0,0.0,Excel导入缓存,0.295,0.2802,0.0,0.0,Excel导入缓存,2.688,2.524,0.0,0.0,Excel导入缓存,-0.02748414376321373,0.0,0.008891928864569021,0.06421356421356417,-0.1466666666666666,0.16971279373368153,纳指ETF,纳指ETF,黄金ETF,纳指ETF,0.0,1.8532499176928428,2.2986802057505513,-0.19377653618079915,2015-07-17,2015-07-17,2015-06-12,2.2986802057505513
2015-07-20,2.288,2.186,0.296,0.2994,2.67,2.74,2.288,2.186,0.0,0.0,Excel导入缓存,0.2994,0.296,0.0,0.0,Excel导入缓存,2.74,2.67,0.0,0.0,Excel导入缓存,-0.07097322566935838,-0.04956521739130426,0.01836734693877551,0.014915254237288122,-0.00975786049873495,0.019345238095238138,纳指ETF,纳指ETF,纳指ETF,纳指ETF,0.014915254237288122,1.8808916113804648,2.2986802057505513,-0.18175150824586872,2015-07-24,2015-07-24,2015-06-12,2.2986802057505513
2015-07-27,2.189,2.167,0.2976,0.3052,2.67,2.368,2.189,2.167,0.0,0.0,Excel导入缓存,0.3052,0.2976,0.0,0.0,Excel导入缓存,2.67,2.368,0.0,0.0,Excel导入缓存,-0.06271626297577859,-0.00869167429094242,0.057519057519057615,0.019372077488309936,-0.03622303622303624,-0.1357664233576643,纳指ETF,纳指ETF,纳指ETF,纳指ETF,0.019372077488309936,1.9173283894232394,2.2986802057505513,-0.16590033505891488,2015-07-31,2015-07-31,2015-06-12,2.2986802057505513
2015-08-03,2.177,2.187,0.306,0.2994,2.325,2.459,2.187,2.177,0.0,0.0,Excel导入缓存,0.306,0.2994,0.0,0.0,Excel导入缓存,2.459,2.325,0.0,0.0,Excel导入缓存,-0.0491304347826087,0.00922934933087216,0.08008658008657998,-0.01900393184796867,0.07006092254134022,0.03842905405405417,纳指ETF,纳指ETF,纳指ETF,纳指ETF,-0.01900393184796867,1.8808916113804646,2.2986802057505513,-0.18175150824586883,2015-08-07,2015-08-07,2015-06-12,2.2986802057505513
2015-08-10,2.19,2.298,0.2996,0.3106,2.475,2.525,2.298,2.19,0.0,0.0,Excel导入缓存,0.3106,0.2996,0.0,0.0,Excel导入缓存,2.525,2.475,0.0,0.0,Excel导入缓存,-0.0008695652173912327,0.050754458161865745,0.052881355932203444,0.03740814963259842,-0.06063988095238104,0.02684017893452606,纳指ETF,纳指ETF,纳指ETF,纳指ETF,0.03740814963259842,1.9512522862216841,2.2986802057505513,-0.15114234622968237,2015-08-14,2015-08-14,2015-06-12,2.2986802057505513
2015-08-17,2.295,2.39,0.3106,0.2978,2.52,2.226,2.39,2.295,0.0,0.0,Excel导入缓存,0.3106,0.2978,0.0,0.0,Excel导入缓存,2.52,2.226,0.0,0.0,Excel导入缓存,0.09332113449222335,0.040034812880765935,-0.005344021376085473,-0.04121056020605274,-0.1875912408759125,-0.11841584158415841,黄金ETF,黄金ETF,纳指ETF,黄金ETF,-0.04121056020605274,1.8708400864031474,2.2986802057505513,-0.18612424567675268,2015-08-21,2015-08-21,2015-06-12,2.2986802057505513
2015-08-24,2.391,2.334,0.281,0.296,2.112,1.941,2.391,2.334,0.0,0.0,Excel导入缓存,0.296,0.281,0.0,0.0,Excel导入缓存,2.112,1.941,0.0,0.0,Excel导入缓存,0.07706506691278281,-0.023430962343096273,-0.030144167758846763,-0.006044325050369448,-0.18032094594594583,-0.12803234501347704,黄金ETF,黄金ETF,黄金ETF,黄金ETF,-0.023430962343096273,1.8270045027886803,2.2986802057505513,-0.20519413782825968,2015-08-28,2015-08-28,2015-06-12,2.2986802057505513
2015-08-31,2.335,2.353,0.2956,0.2854,1.901,1.69,2.353,2.335,0.0,0.0,Excel导入缓存,0.2956,0.2854,0.0,0.0,Excel导入缓存,1.901,1.69,0.0,0.0,Excel导入缓存,0.07590306355738474,0.008140531276778162,-0.04676018704074825,-0.035810810810810834,-0.31272875152501023,-0.12931478619268422,黄金ETF,黄金ETF,黄金ETF,黄金ETF,0.008140531276778162,1.8418772900864462,2.2986802057505513,-0.19872399584828393,2015-09-02,2015-09-02,2015-06-12,2.2986802057505513
2015-09-07,2.328,2.287,0.2856,0.2932,1.741,1.922,2.328,2.287,0.0,0.0,Excel导入缓存,0.2932,0.2856,0.0,0.0,Excel导入缓存,1.922,1.741,0.0,0.0,Excel导入缓存,-0.004786771105309007,-0.028049298767530928,-0.056020605280102886,0.027330063069376465,-0.2388118811881188,0.13727810650887573,黄金ETF,黄金ETF,黄金ETF,黄金ETF,-0.028049298767530928,1.7902139236836812,2.2986802057505513,-0.22119922588398888,2015-09-11,2015-09-11,2015-06-12,2.2986802057505513
2015-09-14,2.287,2.318,0.2954,0.2958,1.926,1.825,2.318,2.287,0.0,0.0,Excel导入缓存,0.2958,0.2954,0.0,0.0,Excel导入缓存,1.926,1.825,0.0,0.0,Excel导入缓存,-0.030125523012552335,0.013554875382597364,-0.006715916722632609,0.008867667121418732,-0.1801437556154537,-0.05046826222684697,纳指ETF,纳指ETF,黄金ETF,纳指ETF,0.013554875382597364,1.8144800503274041,2.2986802057505513,-0.21064267844297602,2015-09-18,2015-09-18,2015-06-12,2.2986802057505513
2015-09-21,2.329,2.358,0.2916,0.29,1.796,1.845,2.358,2.329,0.0,0.0,Excel导入缓存,0.2916,0.29,0.0,0.0,Excel导入缓存,1.845,1.796,0.0,0.0,Excel导入缓存,0.010282776349614497,0.01725625539257991,-0.020270270270270285,-0.019607843137254943,-0.04945904173106652,0.010958904109588996,黄金ETF,黄金ETF,纳指ETF,黄金ETF,-0.019607843137254943,1.778902010124906,2.2986802057505513,-0.22612027298330972,2015-09-25,2015-09-25,2015-06-12,2.2986802057505513
2015-09-28,2.345,2.312,0.288,0.2788,1.849,1.935,2.345,2.312,0.0,0.0,Excel导入缓存,0.288,0.2788,0.0,0.0,Excel导入缓存,1.935,1.849,0.0,0.0,Excel导入缓存,-0.017424564385890462,-0.019508057675996726,-0.023125437981779906,-0.0386206896551724,0.1449704142011834,0.04878048780487809,创业板ETF,创业板ETF,黄金ETF,创业板ETF,-0.019508057675996726,1.7441990871114428,2.2986802057505513,-0.24121716333223597,2015-09-30,2015-09-30,2015-06-12,2.2986802057505513
2015-10-06,2.335,2.35,0.2902,0.29,2.035,2.103,2.35,2.335,0.0,0.0,Excel导入缓存,0.2902,0.29,0.0,0.0,Excel导入缓存,2.103,2.035,0.0,0.0,Excel导入缓存,0.02754700480979455,0.016435986159169635,-0.01091405184174632,0.04017216642754651,0.09417273673257043,0.0868217054263567,创业板ETF,创业板ETF,创业板ETF,创业板ETF,0.0868217054263567,1.8956334264575527,2.2986802057505513,-0.17533834340449206,2015-10-09,2015-10-09,2015-06-12,2.2986802057505513
2015-10-12,2.37,2.403,0.2904,0.2968,2.113,2.329,2.403,2.37,0.0,0.0,Excel导入缓存,0.2968,0.2904,0.0,0.0,Excel导入缓存,2.329,2.113,0.0,0.0,Excel导入缓存,0.03666954270923206,0.022553191489361746,0.0033806626098715764,0.0234482758620691,0.27616438356164386,0.10746552543984778,创业板ETF,创业板ETF,创业板ETF,创业板ETF,0.10746552543984778,2.099348668673153,2.2986802057505513,-0.08671564516836039,2015-10-16,2015-10-16,2015-06-12,2.2986802057505513
2015-10-19,2.4,2.402,0.2968,0.3062,2.328,2.427,2.402,2.4,0.0,0.0,Excel导入缓存,0.3062,0.2968,0.0,0.0,Excel导入缓存,2.427,2.328,0.0,0.0,Excel导入缓存,0.01865988125530116,-0.0004161464835621409,0.055862068965517375,0.031671159029649676,0.3154471544715447,0.042078145126663635,创业板ETF,创业板ETF,创业板ETF,创业板ETF,0.042078145126663635,2.18768536662505,2.2986802057505513,-0.04828633354384326,2015-10-23,2015-10-23,2015-06-12,2.2986802057505513
2015-10-26,2.393,2.351,0.3136,0.3138,2.443,2.349,2.393,2.351,0.0,0.0,Excel导入缓存,0.3138,0.3136,0.0,0.0,Excel导入缓存,2.443,2.349,0.0,0.0,Excel导入缓存,0.01686851211072682,-0.02123230641132401,0.1255380200860834,0.0248203788373611,0.21395348837209305,-0.03213844252163156,创业板ETF,创业板ETF,创业板ETF,创业板ETF,-0.03213844252163156,2.1173765662143564,2.2986802057505513,-0.07887292851029559,2015-10-30,2015-10-30,2015-06-12,2.2986802057505513
2015-11-02,2.333,2.282,0.3128,0.3148,2.273,2.548,2.333,2.282,0.0,0.0,Excel导入缓存,0.3148,0.3128,0.0,0.0,Excel导入缓存,2.548,2.273,0.0,0.0,Excel导入缓存,-0.028936170212765955,-0.02934921310080818,0.0855172413793106,0.0031867431485022024,0.2116024726581074,0.08471690080885486,创业板ETF,创业板ETF,创业板ETF,创业板ETF,0.08471690080885486,2.2967541467493318,2.2986802057505513,-0.0008378977625513873,2015-11-06,2015-11-06,2015-06-12,2.2986802057505513
2015-11-09,2.249,2.23,0.315,0.3086,2.521,2.58,2.249,2.23,0.0,0.0,Excel导入缓存,0.315,0.3086,0.0,0.0,Excel导入缓存,2.58,2.521,0.0,0.0,Excel导入缓存,-0.07199334165626303,-0.022787028921998242,0.03975741239892172,-0.019695044472681222,0.10777157578359797,0.012558869701726927,创业板ETF,创业板ETF,创业板ETF,创业板ETF,0.012558869701726927,2.325598782815258,2.325598782815258,0.0,2015-11-13,2015-11-13,2015-11-13,2.325598782815258
2015-11-16,2.25,2.234,0.305,0.3162,2.523,2.645,2.25,2.234,0.0,0.0,Excel导入缓存,0.3162,0.305,0.0,0.0,Excel导入缓存,2.645,2.523,0.0,0.0,Excel导入缓存,-0.0699417152373023,0.0017937219730941312,0.032658393207054104,0.024627349319507497,0.08982282653481666,0.025193798449612448,创业板ETF,创业板ETF,创业板ETF,创业板ETF,0.025193798449612448,2.3841894498241696,2.3841894498241696,0.0,2015-11-20,2015-11-20,2015-11-20,2.3841894498241696
2015-11-23,2.22,2.206,0.3164,0.3164,2.628,2.496,2.22,2.206,0.0,0.0,Excel导入缓存,0.3164,0.3164,0.0,0.0,Excel导入缓存,2.628,2.496,0.0,0.0,Excel导入缓存,-0.0616758826031476,-0.0125335720680394,0.008285532186105726,0.0006325110689437974,0.06257982120051087,-0.05633270321361061,创业板ETF,创业板ETF,创业板ETF,创业板ETF,-0.05633270321361061,2.249881613142203,2.3841894498241696,-0.05633270321361061,2015-11-27,2015-11-27,2015-11-20,2.3841894498241696
2015-11-30,2.177,2.199,0.3164,0.3144,2.505,2.53,2.199,2.177,0.0,0.0,Excel导入缓存,0.3164,0.3144,0.0,0.0,Excel导入缓存,2.53,2.505,0.0,0.0,Excel导入缓存,-0.03637160385626648,-0.0031731640979147935,-0.0012706480304955914,-0.006321112515802807,-0.007064364207221452,0.013621794871794712,纳指ETF,纳指ETF,创业板ETF,纳指ETF,0.013621794871794712,2.2805290389622486,2.3841894498241696,-0.04347826086956552,2015-12-04,2015-12-04,2015-11-20,2.3841894498241696
2015-12-07,2.239,2.23,0.32,0.317,2.534,2.51,2.239,2.23,0.0,0.0,Excel导入缓存,0.32,0.317,0.0,0.0,Excel导入缓存,2.534,2.51,0.0,0.0,Excel导入缓存,0.0,0.01409731696225558,0.02721970187945577,0.008269720101781175,-0.027131782945736593,-0.007905138339920903,纳指ETF,纳指ETF,纳指ETF,纳指ETF,0.008269720101781175,2.2993883757984506,2.3841894498241696,-0.03556809381568771,2015-12-11,2015-12-11,2015-11-20,2.3841894498241696
2015-12-14,2.236,2.217,0.3134,0.317,2.489,2.668,2.236,2.217,0.0,0.0,Excel导入缓存,0.317,0.3134,0.0,0.0,Excel导入缓存,2.668,2.489,0.0,0.0,Excel导入缓存,-0.007609668755595322,-0.005829596412555982,0.0025300442757749675,0.0,0.008695652173912993,0.062948207171315,创业板ETF,创业板ETF,纳指ETF,创业板ETF,0.0,2.2993883757984506,2.3841894498241696,-0.03556809381568771,2015-12-18,2015-12-18,2015-11-20,2.3841894498241696
2015-12-21,2.232,2.249,0.314,0.3162,2.654,2.62,2.249,2.232,0.0,0.0,Excel导入缓存,0.3162,0.314,0.0,0.0,Excel导入缓存,2.654,2.62,0.0,0.0,Excel导入缓存,0.01949229374433381,0.014433919711321685,-0.0006321112515803584,-0.0025236593059937418,0.049679487179487225,-0.01799100449775115,创业板ETF,创业板ETF,创业板ETF,创业板ETF,-0.01799100449775115,2.258020069187384,2.3841894498241696,-0.05291919257762445,2015-12-25,2015-12-25,2015-11-20,2.3841894498241696
2015-12-28,2.248,2.232,0.3162,0.3234,2.623,2.539,2.248,2.232,0.0,0.0,Excel导入缓存,0.3234,0.3162,0.0,0.0,Excel导入缓存,2.623,2.539,0.0,0.0,Excel导入缓存,0.015006821282401273,-0.007558915073365924,0.028625954198473247,0.022770398481973597,0.0035573122529646284,-0.030916030534351102,纳指ETF,纳指ETF,创业板ETF,纳指ETF,-0.030916030534351102,2.188211051781209,2.3841894498241696,-0.08219917173839253,2015-12-31,2015-12-31,2015-11-20,2.3841894498241696
2016-01-04,2.235,2.338,0.3234,0.3072,2.531,2.125,2.338,2.235,0.0,0.0,Excel导入缓存,0.3234,0.3072,0.0,0.0,Excel导入缓存,2.531,2.125,0.0,0.0,Excel导入缓存,0.04843049327354265,0.04749103942652333,-0.03091482649842281,-0.05009276437847876,-0.1533864541832669,-0.1630563213863726,黄金ETF,黄金ETF,纳指ETF,黄金ETF,-0.05009276437847876,2.0785975111539496,2.3841894498241696,-0.12817435237487396,2016-01-08,2016-01-08,2015-11-20,2.3841894498241696
2016-01-11,2.345,2.305,0.3058,0.296,2.067,1.997,2.345,2.305,0.0,0.0,Excel导入缓存,0.3058,0.296,0.0,0.0,Excel导入缓存,2.067,1.997,0.0,0.0,Excel导入缓存,0.03969327920613441,-0.014114627887082953,-0.06624605678233442,-0.03645833333333326,-0.2514992503748126,-0.060235294117647054,黄金ETF,黄金ETF,黄金ETF,黄金ETF,-0.014114627887082953,2.049258880756995,2.3841894498241696,-0.14047984697351767,2016-01-15,2016-01-15,2015-11-20,2.3841894498241696
2016-01-18,2.316,2.335,0.29,0.2916,1.966,2.042,2.335,2.316,0.0,0.0,Excel导入缓存,0.2916,0.29,0.0,0.0,Excel导入缓存,2.042,1.966,0.0,0.0,Excel导入缓存,0.03823921742996883,0.013015184381778733,-0.07779886148007575,-0.014864864864864713,-0.22061068702290088,0.022533800701051376,黄金ETF,黄金ETF,黄金ETF,黄金ETF,0.013015184381778733,2.075930362936045,2.3841894498241696,-0.12929303370202327,2016-01-22,2016-01-22,2015-11-20,2.3841894498241696
2016-01-25,2.332,2.363,0.294,0.2916,2.055,1.879,2.363,2.332,0.0,0.0,Excel导入缓存,0.294,0.2916,0.0,0.0,Excel导入缓存,2.055,1.879,0.0,0.0,Excel导入缓存,0.05869175627240142,0.011991434689507585,-0.09833024118738398,0.0,-0.2599448601811737,-0.07982370225269331,黄金ETF,黄金ETF,黄金ETF,黄金ETF,0.011991434689507585,2.100823746303158,2.3841894498241696,-0.11885200798196194,2016-01-29,2016-01-29,2015-11-20,2.3841894498241696
2016-02-01,2.367,2.453,0.2942,0.2978,1.875,1.999,2.453,2.367,0.0,0.0,Excel导入缓存,0.2978,0.2942,0.0,0.0,Excel导入缓存,1.999,1.875,0.0,0.0,Excel导入缓存,0.049187339606501235,0.03808717731696998,-0.03059895833333326,0.02126200274348422,-0.05929411764705872,0.06386375731772231,黄金ETF,黄金ETF,黄金ETF,黄金ETF,0.03808717731696998,2.1808381928403078,2.3841894498241696,-0.08529156816747874,2016-02-05,2016-02-05,2015-11-20,2.3841894498241696
2016-02-15,2.598,2.573,0.2876,0.2892,1.933,2.106,2.598,2.573,0.0,0.0,Excel导入缓存,0.2892,0.2876,0.0,0.0,Excel导入缓存,2.106,1.933,0.0,0.0,Excel导入缓存,0.11626898047722323,0.048919690175295516,-0.02297297297297285,-0.028878441907320362,0.05458187280921378,0.05352676338169071,黄金ETF,黄金ETF,黄金ETF,黄金ETF,0.048919690175295516,2.287524121556507,2.3841894498241696,-0.04054431508150136,2016-02-19,2016-02-19,2015-11-20,2.3841894498241696
2016-02-22,2.574,2.613,0.2892,0.2944,2.134,1.902,2.613,2.574,0.0,0.0,Excel导入缓存,0.2944,0.2892,0.0,0.0,Excel导入缓存,2.134,1.902,0.0,0.0,Excel导入缓存,0.11905781584582442,0.015546055188495833,0.009602194787379892,0.017980636237897585,-0.06856023506366304,-0.09686609686609682,黄金ETF,黄金ETF,黄金ETF,黄金ETF,0.015546055188495833,2.32308609779524,2.3841894498241696,-0.025628564052842306,2016-02-26,2016-02-26,2015-11-20,2.3841894498241696
2016-02-29,2.591,2.652,0.296,0.3016,1.886,1.81,2.652,2.591,0.0,0.0,Excel导入缓存,0.3016,0.296,0.0,0.0,Excel导入缓存,1.886,1.81,0.0,0.0,Excel导入缓存,0.12230215827338142,0.014925373134328401,0.03429355281207114,0.024456521739130377,-0.03672166045769021,-0.04837013669821233,黄金ETF,黄金ETF,黄金ETF,黄金ETF,0.014925373134328401,2.3577590246280047,2.3841894498241696,-0.01108570679989973,2016-03-04,2016-03-04,2015-11-20,2.3841894498241696
2016-03-07,2.66,2.65,0.3038,0.2964,1.84,1.834,2.66,2.65,0.0,0.0,Excel导入缓存,0.3038,0.2964,0.0,0.0,Excel导入缓存,1.84,1.834,0.0,0.0,Excel导入缓存,0.08030982470444359,-0.0007541478129714507,-0.004701141705842904,-0.01724137931034475,-0.08254127063531769,0.013259668508287303,黄金ETF,黄金ETF,黄金ETF,黄金ETF,-0.0007541478129714507,2.355980925816068,2.3841894498241696,-0.011831494351332683,2016-03-11,2016-03-11,2015-11-20,2.3841894498241696
2016-03-14,2.622,2.616,0.3016,0.3028,1.86,2.076,2.622,2.616,0.0,0.0,Excel导入缓存,0.3028,0.3016,0.0,0.0,Excel导入缓存,2.076,1.86,0.0,0.0,Excel导入缓存,0.01671200932763317,-0.012830188679245236,0.047026279391424675,0.021592442645074206,-0.01424501424501412,0.13195201744820073,纳指ETF,纳指ETF,黄金ETF,纳指ETF,-0.012830188679245236,2.325753246013145,2.3841894498241696,-0.024509882725692766,2016-03-18,2016-03-18,2015-11-20,2.3841894498241696
2016-03-21,2.599,2.55,0.3032,0.304,2.1,2.099,2.599,2.55,0.0,0.0,Excel导入缓存,0.304,0.3032,0.0,0.0,Excel导入缓存,2.1,2.099,0.0,0.0,Excel导入缓存,-0.024110218140068973,-0.025229357798165264,0.032608695652173836,0.003963011889035695,0.10357518401682464,0.011078998073217772,创业板ETF,创业板ETF,纳指ETF,创业板ETF,0.003963011889035695,2.3349702337780585,2.3841894498241696,-0.020644003793298005,2016-03-25,2016-03-25,2015-11-20,2.3841894498241696
2016-03-28,2.539,2.565,0.3032,0.3054,2.117,2.097,2.565,2.539,0.0,0.0,Excel导入缓存,0.3054,0.3032,0.0,0.0,Excel导入缓存,2.117,2.097,0.0,0.0,Excel导入缓存,-0.0328054298642535,0.00588235294117645,0.012599469496021198,0.004605263157894779,0.15856353591160222,-0.0009528346831825241,创业板ETF,创业板ETF,创业板ETF,创业板ETF,-0.0009528346831825241,2.332745393155116,2.3841894498241696,-0.021577168153666393,2016-04-01,2016-04-01,2015-11-20,2.3841894498241696
2016-04-05,2.548,2.572,0.3062,0.3072,2.093,2.125,2.572,2.548,0.0,0.0,Excel导入缓存,0.3072,0.3062,0.0,0.0,Excel导入缓存,2.125,2.093,0.0,0.0,Excel导入缓存,-0.029433962264150848,0.0027290448343080254,0.036437246963562764,0.005893909626718985,0.158669574700109,0.013352408202193633,创业板ETF,创业板ETF,创业板ETF,创业板ETF,0.013352408202193633,2.3638931618763097,2.3841894498241696,-0.00851286710850796,2016-04-08,2016-04-08,2015-11-20,2.3841894498241696
2016-04-11,2.592,2.562,0.3072,0.3108,2.148,2.195,2.592,2.562,0.0,0.0,Excel导入缓存,0.3108,0.3072,0.0,0.0,Excel导入缓存,2.195,2.148,0.0,0.0,Excel导入缓存,-0.02064220183486254,-0.0038880248833593756,0.026420079260237816,0.011718750000000222,0.057321772639691515,0.03294117647058825,创业板ETF,创业板ETF,创业板ETF,创业板ETF,0.03294117647058825,2.441762583679294,2.441762583679294,0.0,2016-04-15,2016-04-15,2016-04-15,2.441762583679294
2016-04-18,2.57,2.594,0.3106,0.3094,2.176,2.038,2.594,2.57,0.0,0.0,Excel导入缓存,0.3106,0.3094,0.0,0.0,Excel导入缓存,2.176,2.038,0.0,0.0,Excel导入缓存,0.017254901960784386,0.012490241998438734,0.017763157894736814,-0.0045045045045045695,-0.029061457837065485,-0.07152619589977227,纳指ETF,纳指ETF,创业板ETF,纳指ETF,-0.07152619589977227,2.2671125947783146,2.441762583679294,-0.07152619589977227,2016-04-22,2016-04-22,2016-04-15,2.441762583679294
2016-04-25,2.571,2.661,0.3066,0.301,2.027,2.033,2.661,2.571,0.0,0.0,Excel导入缓存,0.3066,0.301,0.0,0.0,Excel导入缓存,2.033,2.027,0.0,0.0,Excel导入缓存,0.037426900584795364,0.025828835774865055,-0.014407334643091074,-0.02714932126696834,-0.030519790176442574,-0.002453385672227637,黄金ETF,黄金ETF,纳指ETF,黄金ETF,-0.02714932126696834,2.205562026594288,2.441762583679294,-0.09673362949525355,2016-04-29,2016-04-29,2016-04-15,2.441762583679294
2016-05-02,2.7,2.682,0.301,0.2988,2.036,2.018,2.7,2.682,0.0,0.0,Excel导入缓存,0.301,0.2988,0.0,0.0,Excel导入缓存,2.036,2.018,0.0,0.0,Excel导入缓存,0.04276827371695169,0.007891770011273946,-0.02734374999999989,-0.007308970099667689,-0.05035294117647071,-0.0073782587309395575,黄金ETF,黄金ETF,黄金ETF,黄金ETF,0.007891770011273946,2.2229678148537695,2.441762583679294,-0.08960525904031191,2016-05-06,2016-05-06,2016-04-15,2.441762583679294
2016-05-09,2.686,2.683,0.2988,0.2996,2.002,1.92,2.686,2.683,0.0,0.0,Excel导入缓存,0.2996,0.2988,0.0,0.0,Excel导入缓存,2.002,1.92,0.0,0.0,Excel导入缓存,0.04722872755659635,0.00037285607755399575,-0.03603603603603622,0.002677376171351886,-0.12528473804100226,-0.048562933597621316,黄金ETF,黄金ETF,黄金ETF,黄金ETF,0.00037285607755399575,2.223796661913745,2.441762583679294,-0.08926581282817181,2016-05-13,2016-05-13,2016-04-15,2.441762583679294
2016-05-16,2.682,2.639,0.2996,0.3004,1.914,1.961,2.682,2.639,0.0,0.0,Excel导入缓存,0.3004,0.2996,0.0,0.0,Excel导入缓存,1.961,1.914,0.0,0.0,Excel导入缓存,0.017347725520431734,-0.016399552739470802,-0.029088558500323214,0.002670226969292422,-0.03778213935230601,0.021354166666666785,黄金ETF,黄金ETF,黄金ETF,黄金ETF,-0.016399552739470802,2.1873273912748314,2.441762583679294,-0.10420144616233529,2016-05-20,2016-05-20,2016-04-15,2.441762583679294
2016-05-23,2.644,2.58,0.302,0.3106,1.967,1.968,2.644,2.58,0.0,0.0,Excel导入缓存,0.3106,0.302,0.0,0.0,Excel导入缓存,1.968,1.967,0.0,0.0,Excel导入缓存,-0.030439684329199523,-0.022356953391436063,0.03189368770764123,0.03395472703062574,-0.031972454500737824,0.003569607343192116,纳指ETF,纳指ETF,黄金ETF,纳指ETF,-0.022356953391436063,2.1384254147362887,2.441762583679294,-0.12422877267859966,2016-05-27,2016-05-27,2016-04-15,2.441762583679294
2016-05-30,2.55,2.573,0.311,0.3138,1.964,2.109,2.573,2.55,0.0,0.0,Excel导入缓存,0.3138,0.311,0.0,0.0,Excel导入缓存,2.109,1.964,0.0,0.0,Excel导入缓存,-0.040641312453392975,-0.002713178294573737,0.050200803212851364,0.010302640051513379,0.04509415262636285,0.07164634146341475,纳指ETF,纳指ETF,纳指ETF,纳指ETF,0.010302640051513379,2.160456842061325,2.441762583679294,-0.11520601695603516,2016-06-03,2016-06-03,2016-04-15,2.441762583679294
2016-06-06,2.625,2.646,0.313,0.312,2.109,2.092,2.646,2.625,0.0,0.0,Excel导入缓存,0.313,0.312,0.0,0.0,Excel导入缓存,2.109,2.092,0.0,0.0,Excel导入缓存,-0.013790532985463955,0.02837155071900499,0.041388518024032095,-0.005736137667304075,0.08958333333333335,-0.008060692271218528,创业板ETF,创业板ETF,纳指ETF,创业板ETF,-0.005736137667304075,2.148064164190992,2.441762583679294,-0.12028131704997769,2016-06-08,2016-06-08,2016-04-15,2.441762583679294
2016-06-13,2.693,2.714,0.311,0.31,2.065,2.034,2.714,2.693,0.0,0.0,Excel导入缓存,0.311,0.31,0.0,0.0,Excel导入缓存,2.065,2.034,0.0,0.0,Excel导入缓存,0.028419856006062894,0.02569916855631149,0.031957390146471365,-0.0064102564102563875,0.037225905150433336,-0.027724665391969494,创业板ETF,创业板ETF,创业板ETF,创业板ETF,-0.027724665391969494,2.088509803998316,2.441762583679294,-0.1446712231738312,2016-06-17,2016-06-17,2016-04-15,2.441762583679294
2016-06-20,2.72,2.804,0.31,0.306,2.033,2.043,2.804,2.72,0.0,0.0,Excel导入缓存,0.31,0.306,0.0,0.0,Excel导入缓存,2.043,2.033,0.0,0.0,Excel导入缓存,0.08682170542635648,0.033161385408990274,-0.014810045074050149,-0.012903225806451646,0.038109756097561176,0.004424778761062065,黄金ETF,黄金ETF,创业板ETF,黄金ETF,0.004424778761062065,2.0977509978213176,2.441762583679294,-0.1408865825684057,2016-06-24,2016-06-24,2016-04-15,2.441762583679294
2016-06-27,2.827,2.859,0.3018,0.31,2.03,2.116,2.859,2.827,0.0,0.0,Excel导入缓存,0.31,0.3018,0.0,0.0,Excel导入缓存,2.116,2.03,0.0,0.0,Excel导入缓存,0.11115429459774573,0.01961483594864477,-0.012109623964308591,0.013071895424836555,0.0033191085822665833,0.03573176700930003,黄金ETF,黄金ETF,黄金ETF,黄金ETF,0.01961483594864477,2.1388980395046886,2.441762583679294,-0.12403521382420535,2016-07-01,2016-07-01,2016-04-15,2.441762583679294
2016-07-04,2.904,2.918,0.3104,0.314,2.103,2.145,2.918,2.904,0.0,0.0,Excel导入缓存,0.314,0.3104,0.0,0.0,Excel导入缓存,2.145,2.103,0.0,0.0,Excel导入缓存,0.10279667422524574,0.020636586218957698,0.0064102564102563875,0.012903225806451646,0.02533460803059273,0.013705103969754218,黄金ETF,黄金ETF,黄金ETF,黄金ETF,0.020636586218957698,2.1830375933104866,2.441762583679294,-0.10595829098951781,2016-07-08,2016-07-08,2016-04-15,2.441762583679294
2016-07-11,2.945,2.876,0.3168,0.3242,2.147,2.164,2.945,2.876,0.0,0.0,Excel导入缓存,0.3242,0.3168,0.0,0.0,Excel导入缓存,2.164,2.147,0.0,0.0,Excel导入缓存,0.059690493736182626,-0.014393420150788261,0.04580645161290309,0.0324840764331209,0.06391347099311728,0.008857808857808847,创业板ETF,创业板ETF,黄金ETF,创业板ETF,-0.014393420150788261,2.151616216025003,2.441762583679294,-0.11882660893963448,2016-07-15,2016-07-15,2016-04-15,2.441762583679294
2016-07-18,2.864,2.845,0.324,0.3274,2.162,2.154,2.864,2.845,0.0,0.0,Excel导入缓存,0.3274,0.324,0.0,0.0,Excel导入缓存,2.162,2.154,0.0,0.0,Excel导入缓存,0.014621968616262526,-0.010778859527120876,0.06993464052287601,0.009870450339296788,0.05433186490455211,-0.004621072088724643,纳指ETF,纳指ETF,创业板ETF,纳指ETF,-0.004621072088724643,2.1416734423834827,2.441762583679294,-0.1228985747023903,2016-07-22,2016-07-22,2016-04-15,2.441762583679294
2016-07-25,2.826,2.859,0.3284,0.333,2.147,2.031,2.859,2.826,0.0,0.0,Excel导入缓存,0.333,0.3284,0.0,0.0,Excel导入缓存,2.147,2.031,0.0,0.0,Excel导入缓存,0.0,0.00492091388400695,0.0741935483870968,0.017104459376908965,-0.04017013232514177,-0.05710306406685228,纳指ETF,纳指ETF,纳指ETF,纳指ETF,0.017104459376908965,2.1783056087773356,2.441762583679294,-0.10789622900395845,2016-07-29,2016-07-29,2016-04-15,2.441762583679294
2016-08-01,2.881,2.918,0.3484,0.3336,2.024,2.022,2.918,2.881,0.0,0.0,Excel导入缓存,0.3484,0.3336,0.0,0.0,Excel导入缓存,2.024,2.022,0.0,0.0,Excel导入缓存,0.0,0.020636586218957698,0.06242038216560508,0.0018018018018017834,-0.05734265734265742,-0.004431314623338456,纳指ETF,纳指ETF,纳指ETF,纳指ETF,0.0018018018018017834,2.1822304837481057,2.441762583679294,-0.10628883482198359,2016-08-05,2016-08-05,2016-04-15,2.441762583679294
2016-08-08,2.869,2.87,0.3356,0.3408,2.019,2.035,2.87,2.869,0.0,0.0,Excel导入缓存,0.3408,0.3356,0.0,0.0,Excel导入缓存,2.035,2.019,0.0,0.0,Excel导入缓存,-0.0020862308762168436,-0.016449623029472282,0.0512029611351017,0.021582733812949506,-0.05961182994454717,0.006429277942631151,纳指ETF,纳指ETF,纳指ETF,纳指ETF,0.021582733812949506,2.229328983397345,2.441762583679294,-0.08700010463828545,2016-08-12,2016-08-12,2016-04-15,2.441762583679294
2016-08-15,2.864,2.877,0.3402,0.3382,2.035,2.112,2.877,2.864,0.0,0.0,Excel导入缓存,0.3402,0.3382,0.0,0.0,Excel导入缓存,2.112,2.035,0.0,0.0,Excel导入缓存,0.011247803163444425,0.0024390243902436826,0.03298717165546727,-0.007629107981220629,-0.01949860724233976,0.037837837837837895,纳指ETF,纳指ETF,纳指ETF,纳指ETF,-0.007629107981220629,2.2123211918573418,2.441762583679294,-0.09396547942684319,2016-08-19,2016-08-19,2016-04-15,2.441762583679294
2016-08-22,2.859,2.841,0.3378,0.3398,2.112,2.095,2.859,2.841,0.0,0.0,Excel导入缓存,0.3398,0.3378,0.0,0.0,Excel导入缓存,2.112,2.095,0.0,0.0,Excel导入缓存,-0.006295907660020861,-0.012513034410844504,0.02042042042042036,0.004730928444707239,0.031511570654849885,-0.008049242424242431,创业板ETF,创业板ETF,纳指ETF,创业板ETF,0.004730928444707239,2.2227875251127283,2.441762583679294,-0.089679094941577,2016-08-26,2016-08-26,2016-04-15,2.441762583679294
2016-08-29,2.83,2.821,0.3398,0.3388,2.089,2.081,2.83,2.821,0.0,0.0,Excel导入缓存,0.3398,0.3388,0.0,0.0,Excel导入缓存,2.089,2.081,0.0,0.0,Excel导入缓存,-0.03324194653872514,-0.007039774727208736,0.015587529976019088,-0.002942907592701549,0.029179030662710215,-0.006682577565632619,创业板ETF,创业板ETF,创业板ETF,创业板ETF,-0.006682577565632619,2.2079335750642417,2.441762583679294,-0.09576238499924683,2016-09-02,2016-09-02,2016-04-15,2.441762583679294
2016-09-05,2.843,2.871,0.3418,0.343,2.081,2.109,2.871,2.843,0.0,0.0,Excel导入缓存,0.343,0.3418,0.0,0.0,Excel导入缓存,2.109,2.081,0.0,0.0,Excel导入缓存,0.00034843205574919267,0.017724211272598378,0.006455399061032985,0.012396694214876103,0.036363636363636376,0.013455069678039333,创业板ETF,创业板ETF,创业板ETF,创业板ETF,0.013455069678039333,2.2376414751612135,2.441762583679294,-0.08359580488390761,2016-09-09,2016-09-09,2016-04-15,2.441762583679294
2016-09-12,2.855,2.843,0.336,0.3344,2.075,2.051,2.855,2.843,0.0,0.0,Excel导入缓存,0.336,0.3344,0.0,0.0,Excel导入缓存,2.075,2.051,0.0,0.0,Excel导入缓存,-0.011817865832464358,-0.009752699407871823,-0.011235955056179803,-0.02507288629737625,-0.02888257575757569,-0.027501185395922167,纳指ETF,纳指ETF,创业板ETF,纳指ETF,-0.027501185395922167,2.1761036821032,2.441762583679294,-0.10879800655139615,2016-09-14,2016-09-14,2016-04-15,2.441762583679294
2016-09-19,2.826,2.863,0.3372,0.3546,2.054,2.065,2.863,2.826,0.0,0.0,Excel导入缓存,0.3546,0.3372,0.0,0.0,Excel导入缓存,2.065,2.054,0.0,0.0,Excel导入缓存,0.00774375219992951,0.00703482237073505,0.04355503237198355,0.060406698564593464,-0.014319809069212486,0.0068259385665527805,纳指ETF,纳指ETF,纳指ETF,纳指ETF,0.060406698564593464,2.30755492127331,2.441762583679294,-0.05496343637298151,2016-09-23,2016-09-23,2016-04-15,2.441762583679294
2016-09-26,2.869,2.843,0.3472,0.3414,2.061,2.062,2.869,2.843,0.0,0.0,Excel导入缓存,0.3472,0.3414,0.0,0.0,Excel导入缓存,2.062,2.061,0.0,0.0,Excel导入缓存,0.0077986529599431975,-0.006985679357317531,0.007674144037780328,-0.03722504230118451,-0.00913022585295542,-0.0014527845036320652,黄金ETF,黄金ETF,纳指ETF,黄金ETF,-0.03722504230118451,2.221656091716605,2.441762583679294,-0.09014246243016333,2016-09-30,2016-09-30,2016-04-15,2.441762583679294
2016-10-10,2.729,2.724,0.3428,0.3468,2.071,2.104,2.729,2.724,0.0,0.0,Excel导入缓存,0.3468,0.3428,0.0,0.0,Excel导入缓存,2.104,2.071,0.0,0.0,Excel导入缓存,-0.05120167189132696,-0.04185719310587399,0.011078717201166155,0.01581722319859402,-0.0023707918444759724,0.02036857419980609,纳指ETF,纳指ETF,黄金ETF,纳指ETF,-0.04185719310587399,2.1286638036707815,2.441762583679294,-0.12822654507905895,2016-10-14,2016-10-14,2016-04-15,2.441762583679294
2016-10-17,2.722,2.752,0.3468,0.3456,2.104,2.09,2.752,2.722,0.0,0.0,Excel导入缓存,0.3468,0.3456,0.0,0.0,Excel导入缓存,2.104,2.09,0.0,0.0,Excel导入缓存,-0.03200844178684492,0.010279001468428639,0.03349282296650724,-0.0034602076124566894,0.019015114578254444,-0.0066539923954374025,纳指ETF,纳指ETF,纳指ETF,纳指ETF,-0.0034602076124566894,2.1212981849729586,2.441762583679294,-0.1312430622241142,2016-10-21,2016-10-21,2016-04-15,2.441762583679294
2016-10-24,2.756,2.775,0.3458,0.3474,2.09,2.071,2.775,2.756,0.0,0.0,Excel导入缓存,0.3474,0.3458,0.0,0.0,Excel导入缓存,2.09,2.071,0.0,0.0,Excel导入缓存,-0.030736989172197027,0.008357558139534982,-0.020304568527918843,0.005208333333333259,0.0029055690072641305,-0.009090909090908927,创业板ETF,创业板ETF,纳指ETF,创业板ETF,0.005208333333333259,2.1323466130196924,2.441762583679294,-0.1267182865065316,2016-10-28,2016-10-28,2016-04-15,2.441762583679294
2016-10-31,2.787,2.805,0.3466,0.3412,2.07,2.056,2.805,2.787,0.0,0.0,Excel导入缓存,0.3466,0.3412,0.0,0.0,Excel导入缓存,2.07,2.056,0.0,0.0,Excel导入缓存,-0.013366162504396706,0.010810810810810922,-0.0005858230814292931,-0.01784686240644784,-0.0029097963142579175,-0.007242877836793893,纳指ETF,纳指ETF,创业板ETF,纳指ETF,-0.007242877836793893,2.11690228699589,2.441762583679294,-0.13304335927447075,2016-11-04,2016-11-04,2016-04-15,2.441762583679294
2016-11-07,2.806,2.768,0.3418,0.3418,2.054,2.06,2.806,2.768,0.0,0.0,Excel导入缓存,0.3418,0.3418,0.0,0.0,Excel导入缓存,2.06,2.054,0.0,0.0,Excel导入缓存,0.01615271659324513,-0.013190730837789766,-0.014417531718569743,0.0017584994138335475,-0.020912547528517123,0.0019455252918287869,黄金ETF,黄金ETF,纳指ETF,黄金ETF,0.0017584994138335475,2.120624858426715,2.441762583679294,-0.1315188165299358,2016-11-11,2016-11-11,2016-04-15,2.441762583679294
2016-11-14,2.675,2.687,0.3426,0.352,2.057,2.07,2.687,2.675,0.0,0.0,Excel导入缓存,0.352,0.3426,0.0,0.0,Excel导入缓存,2.07,2.057,0.0,0.0,Excel导入缓存,-0.023619186046511587,-0.029263005780346796,0.01851851851851838,0.029842012873025014,-0.009569377990430672,0.004854368932038833,纳指ETF,纳指ETF,黄金ETF,纳指ETF,-0.029263005780346796,2.0585690009366266,2.441762583679294,-0.15693318642194276,2016-11-18,2016-11-18,2016-04-15,2.441762583679294
2016-11-21,2.696,2.66,0.3506,0.36,2.065,2.076,2.696,2.66,0.0,0.0,Excel导入缓存,0.36,0.3506,0.0,0.0,Excel导入缓存,2.076,2.065,0.0,0.0,Excel导入缓存,-0.04144144144144135,-0.010048381094156955,0.03626943005181338,0.022727272727272707,0.002414292612264557,0.0028985507246377384,纳指ETF,纳指ETF,纳指ETF,纳指ETF,0.022727272727272707,2.105354660048823,2.441762583679294,-0.1377725770224414,2016-11-25,2016-11-25,2016-04-15,2.441762583679294
2016-11-28,2.687,2.639,0.36,0.351,2.079,2.055,2.687,2.639,0.0,0.0,Excel导入缓存,0.36,0.351,0.0,0.0,Excel导入缓存,2.079,2.055,0.0,0.0,Excel导入缓存,-0.05918003565062402,-0.007894736842105399,0.028722157092614164,-0.025000000000000022,-0.0004863813229571967,-0.01011560693641611,纳指ETF,纳指ETF,纳指ETF,纳指ETF,-0.025000000000000022,2.052720793547602,2.441762583679294,-0.1593282625968805,2016-12-02,2016-12-02,2016-04-15,2.441762583679294
2016-12-05,2.64,2.643,0.351,0.357,2.045,2.013,2.643,2.64,0.0,0.0,Excel导入缓存,0.357,0.351,0.0,0.0,Excel导入缓存,2.045,2.013,0.0,0.0,Excel导入缓存,-0.04515895953757221,0.0015157256536566521,0.044470450555880614,0.017094017094017033,-0.02281553398058256,-0.020437956204379715,纳指ETF,纳指ETF,纳指ETF,纳指ETF,0.017094017094017033,2.087810037881749,2.441762583679294,-0.14495780554725457,2016-12-09,2016-12-09,2016-04-15,2.441762583679294
2016-12-12,2.64,2.602,0.358,0.364,2.01,1.908,2.64,2.602,0.0,0.0,Excel导入缓存,0.364,0.358,0.0,0.0,Excel导入缓存,2.01,1.908,0.0,0.0,Excel导入缓存,-0.03163379233345742,-0.015512674990540987,0.03409090909090917,0.019607843137254832,-0.07826086956521738,-0.05216095380029806,纳指ETF,纳指ETF,纳指ETF,纳指ETF,0.019607843137254832,2.1287474896049203,2.441762583679294,-0.12819227232269104,2016-12-16,2016-12-16,2016-04-15,2.441762583679294
2016-12-19,2.614,2.583,0.3634,0.3672,1.907,1.874,2.614,2.583,0.0,0.0,Excel导入缓存,0.3672,0.3634,0.0,0.0,Excel导入缓存,1.907,1.874,0.0,0.0,Excel导入缓存,-0.02894736842105261,-0.007302075326671709,0.020000000000000018,0.008791208791208982,-0.09730250481695568,-0.017819706498951704,纳指ETF,纳指ETF,纳指ETF,纳指ETF,0.008791208791208982,2.1474617532497993,2.441762583679294,-0.12052802856289024,2016-12-23,2016-12-23,2016-04-15,2.441762583679294
2016-12-26,2.586,2.636,0.3678,0.3634,1.869,1.881,2.636,2.586,0.0,0.0,Excel导入缓存,0.3678,0.3634,0.0,0.0,Excel导入缓存,1.881,1.869,0.0,0.0,Excel导入缓存,-0.001136794240242378,0.020518776616337497,0.0353276353276355,-0.010348583877995754,-0.08467153284671536,0.003735325506937004,纳指ETF,纳指ETF,纳指ETF,纳指ETF,-0.010348583877995754,2.125238565171506,2.441762583679294,-0.12962931802765343,2016-12-30,2016-12-30,2016-04-15,2.441762583679294
2017-01-02,2.635,2.633,0.3612,0.3624,1.882,1.886,2.635,2.633,0.0,0.0,Excel导入缓存,0.3624,0.3612,0.0,0.0,Excel导入缓存,1.886,1.882,0.0,0.0,Excel导入缓存,-0.0037835792659854928,-0.0011380880121396597,0.015126050420168013,-0.0027517886626307053,-0.06308991554893195,0.0026581605528972485,纳指ETF,纳指ETF,纳指ETF,纳指ETF,-0.0027517886626307053,2.1193903577824815,2.441762583679294,-0.13202439420259116,2017-01-06,2017-01-06,2016-04-15,2.441762583679294
2017-01-09,2.638,2.663,0.3644,0.3674,1.883,1.82,2.663,2.638,0.0,0.0,Excel导入缓存,0.3674,0.3644,0.0,0.0,Excel导入缓存,1.883,1.82,0.0,0.0,Excel导入缓存,0.023443504996156772,0.01139384732244575,0.009340659340659307,0.013796909492273635,-0.04612159329140453,-0.03499469777306463,黄金ETF,黄金ETF,纳指ETF,黄金ETF,0.013796909492273635,2.148631394727604,2.441762583679294,-0.12004901332790285,2017-01-13,2017-01-13,2016-04-15,2.441762583679294
2017-01-16,2.667,2.668,0.3678,0.3664,1.82,1.801,2.668,2.667,0.0,0.0,Excel导入缓存,0.3678,0.3664,0.0,0.0,Excel导入缓存,1.82,1.801,0.0,0.0,Excel导入缓存,0.03290747193186205,0.0018775816748028973,-0.002178649237472796,-0.0027218290691344293,-0.03895410885805772,-0.010439560439560513,黄金ETF,黄金ETF,黄金ETF,黄金ETF,0.0018775816748028973,2.1526656256602505,2.441762583679294,-0.11839683348060259,2017-01-20,2017-01-20,2016-04-15,2.441762583679294
2017-01-23,2.686,2.641,0.366,0.3762,1.798,1.804,2.686,2.641,0.0,0.0,Excel导入缓存,0.3762,0.366,0.0,0.0,Excel导入缓存,1.804,1.798,0.0,0.0,Excel导入缓存,0.0018968133535659515,-0.010119940029985064,0.03522289488167307,0.02674672489082952,-0.040935672514619825,0.0016657412548584105,纳指ETF,纳指ETF,黄金ETF,纳指ETF,-0.010119940029985064,2.1308807786239585,2.441762583679294,-0.12731860465602385,2017-01-26,2017-01-26,2016-04-15,2.441762583679294
2017-02-02,2.678,2.675,0.3728,0.3736,1.806,1.802,2.678,2.675,0.0,0.0,Excel导入缓存,0.3736,0.3728,0.0,0.0,Excel导入缓存,1.806,1.802,0.0,0.0,Excel导入缓存,0.015951386251424227,0.012873911397198068,0.030905077262693093,-0.006911217437533201,-0.0445387062566277,-0.0011086474501108556,纳指ETF,纳指ETF,纳指ETF,纳指ETF,-0.006911217437533201,2.1161537982294285,2.441762583679294,-0.13334989553293586,2017-02-03,2017-02-03,2016-04-15,2.441762583679294
2017-02-06,2.696,2.713,0.3742,0.3826,1.799,1.824,2.713,2.696,0.0,0.0,Excel导入缓存,0.3826,0.3742,0.0,0.0,Excel导入缓存,1.824,1.799,0.0,0.0,Excel导入缓存,0.01877581674802875,0.014205607476635684,0.04137180185084377,0.024089935760171377,0.00219780219780219,0.01220865704772467,纳指ETF,纳指ETF,纳指ETF,纳指ETF,0.024089935760171377,2.167131807287418,2.441762583679294,-0.11247235018977852,2017-02-10,2017-02-10,2016-04-15,2.441762583679294
2017-02-13,2.725,2.736,0.3836,0.386,1.82,1.801,2.736,2.725,0.0,0.0,Excel导入缓存,0.386,0.3836,0.0,0.0,Excel导入缓存,1.82,1.801,0.0,0.0,Excel导入缓存,0.025487256371814038,0.008477699963140406,0.053493449781659486,0.008886565603763774,0.0,-0.012609649122807043,纳指ETF,纳指ETF,纳指ETF,纳指ETF,0.008886565603763774,2.186390166264881,2.441762583679294,-0.10458527750458568,2017-02-17,2017-02-17,2016-04-15,2.441762583679294
2017-02-20,2.73,2.775,0.387,0.3916,1.804,1.859,2.775,2.73,0.0,0.0,Excel导入缓存,0.3916,0.387,0.0,0.0,Excel导入缓存,1.859,1.804,0.0,0.0,Excel导入缓存,0.05073835668307458,0.014254385964912242,0.040935672514619936,0.014507772020725396,0.030487804878048808,0.0322043309272626,黄金ETF,黄金ETF,纳指ETF,黄金ETF,0.014507772020725396,2.2181098163454074,2.441762583679294,-0.09159480484662119,2017-02-24,2017-02-24,2016-04-15,2.441762583679294
2017-02-27,2.781,2.737,0.3916,0.3954,1.859,1.849,2.781,2.737,0.0,0.0,Excel导入缓存,0.3954,0.3916,0.0,0.0,Excel导入缓存,1.859,1.849,0.0,0.0,Excel导入缓存,0.023177570093458,-0.013693693693693665,0.058351177730192605,0.009703779366700749,0.026082130965593642,-0.005379236148466915,纳指ETF,纳指ETF,黄金ETF,纳指ETF,-0.013693693693693665,2.187735699941398,2.441762583679294,-0.10403422733881162,2017-03-03,2017-03-03,2016-04-15,2.441762583679294
2017-03-06,2.743,2.691,0.3954,0.3992,1.848,1.868,2.743,2.691,0.0,0.0,Excel导入缓存,0.3992,0.3954,0.0,0.0,Excel导入缓存,1.868,1.848,0.0,0.0,Excel导入缓存,-0.00810910431256917,-0.01680672268907568,0.04338734971249347,0.00961052099140125,0.02412280701754388,0.010275824770145991,纳指ETF,纳指ETF,纳指ETF,纳指ETF,0.00961052099140125,2.208760979809323,2.441762583679294,-0.09542352947307431,2017-03-10,2017-03-10,2016-04-15,2.441762583679294
2017-03-13,2.702,2.753,0.4008,0.4066,1.864,1.862,2.753,2.702,0.0,0.0,Excel导入缓存,0.4066,0.4008,0.0,0.0,Excel导入缓存,1.864,1.862,0.0,0.0,Excel导入缓存,0.006213450292397615,0.023039762170196987,0.05336787564766832,0.01853707414829664,0.033870072182121236,-0.0032119914346895317,纳指ETF,纳指ETF,纳指ETF,纳指ETF,0.01853707414829664,2.249704945867913,2.441762583679294,-0.07865532836611211,2017-03-17,2017-03-17,2016-04-15,2.441762583679294
2017-03-20,2.759,2.773,0.4068,0.3912,1.863,1.882,2.773,2.759,0.0,0.0,Excel导入缓存,0.4068,0.3912,0.0,0.0,Excel导入缓存,1.882,1.863,0.0,0.0,Excel导入缓存,-0.0007207207207206023,0.007264802034144591,-0.0010214504596527396,-0.03787506148548947,0.012372243141473893,0.010741138560687258,创业板ETF,创业板ETF,纳指ETF,创业板ETF,-0.03787506148548947,2.164497232718956,2.441762583679294,-0.11355131445357369,2017-03-24,2017-03-24,2016-04-15,2.441762583679294
2017-03-27,2.796,2.761,0.3906,0.4014,1.878,1.826,2.796,2.761,0.0,0.0,Excel导入缓存,0.4014,0.3906,0.0,0.0,Excel导入缓存,1.878,1.826,0.0,0.0,Excel导入缓存,0.008768724881256906,-0.0043274432023079346,0.015174506828528056,0.0260736196319018,-0.012439156300703025,-0.029755579171094504,纳指ETF,纳指ETF,创业板ETF,纳指ETF,-0.029755579171094504,2.100091363945172,2.441762583679294,-0.13992810849746296,2017-03-31,2017-03-31,2016-04-15,2.441762583679294
2017-04-04,2.784,2.82,0.4,0.3926,1.831,1.865,2.82,2.784,0.0,0.0,Excel导入缓存,0.4,0.3926,0.0,0.0,Excel导入缓存,1.865,1.831,0.0,0.0,Excel导入缓存,0.047937569676700154,0.0213690691778341,-0.016533066132264462,-0.021923268560039788,-0.0016059957173447659,0.021358159912376662,黄金ETF,黄金ETF,纳指ETF,黄金ETF,-0.021923268560039788,2.0540504969727817,2.441762583679294,-0.15878369555581462,2017-04-07,2017-04-07,2016-04-15,2.441762583679294
2017-04-10,2.799,2.859,0.3928,0.387,1.865,1.81,2.859,2.799,0.0,0.0,Excel导入缓存,0.3928,0.387,0.0,0.0,Excel导入缓存,1.865,1.81,0.0,0.0,Excel导入缓存,0.038503450780966064,0.013829787234042712,-0.04820462370880474,-0.01426388181355065,-0.027926960257787403,-0.029490616621983934,黄金ETF,黄金ETF,黄金ETF,黄金ETF,0.013829787234042712,2.082457578313895,2.441762583679294,-0.1471498530475437,2017-04-14,2017-04-14,2016-04-15,2.441762583679294
2017-04-17,2.861,2.827,0.3864,0.3938,1.806,1.761,2.861,2.827,0.0,0.0,Excel导入缓存,0.3938,0.3864,0.0,0.0,Excel导入缓存,1.806,1.761,0.0,0.0,Excel导入缓存,0.019473494410385817,-0.011192724728926184,0.00664621676891608,0.017571059431524372,-0.06429330499468655,-0.02707182320441992,黄金ETF,黄金ETF,黄金ETF,黄金ETF,-0.011192724728926184,2.0591492038801618,2.441762583679294,-0.15669556997740675,2017-04-21,2017-04-21,2016-04-15,2.441762583679294
2017-04-24,2.825,2.813,0.394,0.404,1.759,1.777,2.825,2.813,0.0,0.0,Excel导入缓存,0.404,0.394,0.0,0.0,Excel导入缓存,1.777,1.759,0.0,0.0,Excel导入缓存,0.018833755885548698,-0.004952246197382326,0.006477329347284622,0.02590147282884714,-0.02683461117196062,0.009085746734809774,黄金ETF,黄金ETF,黄金ETF,黄金ETF,-0.004952246197382326,2.0489517900654035,2.441762583679294,-0.16087182113422172,2017-04-28,2017-04-28,2016-04-15,2.441762583679294
2017-05-02,2.792,2.745,0.407,0.4062,1.775,1.743,2.792,2.745,0.0,0.0,Excel导入缓存,0.407,0.4062,0.0,0.0,Excel导入缓存,1.775,1.743,0.0,0.0,Excel导入缓存,-0.02659574468085102,-0.024173480270174186,0.03464085583290877,0.00544554455445545,-0.06541554959785512,-0.019133370849746645,纳指ETF,纳指ETF,黄金ETF,纳指ETF,-0.024173480270174186,1.9994214943937194,2.441762583679294,-0.18115646961018084,2017-05-05,2017-05-05,2016-04-15,2.441762583679294
2017-05-08,2.745,2.739,0.408,0.4106,1.735,1.698,2.745,2.739,0.0,0.0,Excel导入缓存,0.4106,0.408,0.0,0.0,Excel导入缓存,1.735,1.698,0.0,0.0,Excel导入缓存,-0.04197271773347333,-0.002185792349726823,0.06098191214470283,0.010832102412604572,-0.06187845303867412,-0.025817555938037917,纳指ETF,纳指ETF,纳指ETF,纳指ETF,0.010832102412604572,2.021079432786955,2.441762583679294,-0.17228667262909958,2017-05-12,2017-05-12,2016-04-15,2.441762583679294
2017-05-15,2.74,2.785,0.4108,0.4066,1.701,1.725,2.785,2.74,0.0,0.0,Excel导入缓存,0.4108,0.4066,0.0,0.0,Excel导入缓存,1.725,1.701,0.0,0.0,Excel导入缓存,-0.01485673859214709,0.016794450529390437,0.032503809040121956,-0.009741841207988267,-0.02044293015332188,0.01590106007067149,纳指ETF,纳指ETF,纳指ETF,纳指ETF,-0.009741841207988267,2.0013903978840135,2.441762583679294,-0.18035012443008258,2017-05-19,2017-05-19,2016-04-15,2.441762583679294
2017-05-22,2.785,2.787,0.4084,0.4218,1.723,1.689,2.787,2.785,0.0,0.0,Excel导入缓存,0.4218,0.4084,0.0,0.0,Excel导入缓存,1.723,1.689,0.0,0.0,Excel导入缓存,-0.009242801279772617,0.0007181328545780019,0.0440594059405941,0.03738317757009346,-0.04952166572875627,-0.02086956521739136,纳指ETF,纳指ETF,纳指ETF,纳指ETF,0.03738317757009346,2.0762087305151917,2.441762583679294,-0.1497090075863472,2017-05-26,2017-05-26,2016-04-15,2.441762583679294
2017-05-31,2.786,2.771,0.4216,0.4234,1.719,1.678,2.786,2.771,0.0,0.0,Excel导入缓存,0.4234,0.4216,0.0,0.0,Excel导入缓存,1.719,1.678,0.0,0.0,Excel导入缓存,0.00947176684881601,-0.005740940078937884,0.04234367306745446,0.0037932669511615558,-0.03729202524383257,-0.006512729425695696,纳指ETF,纳指ETF,纳指ETF,纳指ETF,0.0037932669511615558,2.084084344476368,2.441762583679294,-0.14648362686595418,2017-06-02,2017-06-02,2016-04-15,2.441762583679294
2017-06-05,2.81,2.779,0.428,0.4248,1.681,1.725,2.81,2.779,0.0,0.0,Excel导入缓存,0.428,0.4248,0.0,0.0,Excel导入缓存,1.725,1.681,0.0,0.0,Excel导入缓存,0.014603870025556853,0.002887044388307558,0.03458353628835842,0.003306565895134561,0.01590106007067149,0.028009535160905985,纳指ETF,纳指ETF,纳指ETF,纳指ETF,0.003306565895134561,2.0909755066923976,2.441762583679294,-0.1436614187356101,2017-06-09,2017-06-09,2016-04-15,2.441762583679294
2017-06-12,2.77,2.754,0.4152,0.4102,1.715,1.739,2.77,2.754,0.0,0.0,Excel导入缓存,0.4152,0.4102,0.0,0.0,Excel导入缓存,1.739,1.715,0.0,0.0,Excel导入缓存,-0.011131059245960584,-0.008996041741633598,0.008853910477127469,-0.034369114877589424,0.008115942028985579,0.008115942028985579,纳指ETF,纳指ETF,纳指ETF,纳指ETF,-0.034369114877589424,2.0191105292966607,2.441762583679294,-0.17309301780919795,2017-06-16,2017-06-16,2016-04-15,2.441762583679294
2017-06-19,2.754,2.765,0.4098,0.4142,1.737,1.737,2.765,2.754,0.0,0.0,Excel导入缓存,0.4142,0.4098,0.0,0.0,Excel导入缓存,1.737,1.737,0.0,0.0,Excel导入缓存,-0.007893792608539618,0.003994190268700182,-0.018018018018018056,0.009751340809361242,0.02841918294849033,-0.0011500862564692849,创业板ETF,创业板ETF,纳指ETF,创业板ETF,0.009751340809361242,2.038799564199602,2.441762583679294,-0.16502956600821506,2017-06-23,2017-06-23,2016-04-15,2.441762583679294
2017-06-26,2.766,2.715,0.4156,0.4028,1.734,1.748,2.766,2.715,0.0,0.0,Excel导入缓存,0.4156,0.4028,0.0,0.0,Excel导入缓存,1.748,1.734,0.0,0.0,Excel导入缓存,-0.02020931071815235,-0.018083182640144746,-0.04865375531412375,-0.02752293577981657,0.04171632896305133,0.0063327576280942655,创业板ETF,创业板ETF,创业板ETF,创业板ETF,0.0063327576280942655,2.0517107876919423,2.441762583679294,-0.15974190062312055,2017-06-30,2017-06-30,2016-04-15,2.441762583679294
2017-07-03,2.709,2.687,0.4024,0.3996,1.747,1.75,2.709,2.687,0.0,0.0,Excel导入缓存,0.4024,0.3996,0.0,0.0,Excel导入缓存,1.75,1.747,0.0,0.0,Excel导入缓存,-0.03310543360921203,-0.010313075506445668,-0.05932203389830504,-0.00794438927507446,0.014492753623188248,0.0011441647597254523,创业板ETF,创业板ETF,创业板ETF,创业板ETF,0.0011441647597254523,2.054058282872368,2.441762583679294,-0.1587805069167395,2017-07-07,2017-07-07,2016-04-15,2.441762583679294
2017-07-10,2.663,2.675,0.4026,0.4114,1.745,1.662,2.675,2.663,0.0,0.0,Excel导入缓存,0.4114,0.4026,0.0,0.0,Excel导入缓存,1.745,1.662,0.0,0.0,Excel导入缓存,-0.02868554829339154,-0.004465947152958671,0.0029254022428082394,0.029529529529529475,-0.04427832087406569,-0.05028571428571438,纳指ETF,纳指ETF,创业板ETF,纳指ETF,-0.05028571428571438,1.9507684949336432,2.441762583679294,-0.2010818299974978,2017-07-14,2017-07-14,2016-04-15,2.441762583679294
2017-07-17,2.698,2.725,0.4138,0.4188,1.647,1.591,2.725,2.698,0.0,0.0,Excel导入缓存,0.4188,0.4138,0.0,0.0,Excel导入缓存,1.647,1.591,0.0,0.0,Excel导入缓存,-0.01446654611211573,0.01869158878504673,0.011105746016417228,0.01798736023334957,-0.08405296488198044,-0.042719614921781,纳指ETF,纳指ETF,纳指ETF,纳指ETF,0.01798736023334957,1.9858576705838837,2.441762583679294,-0.18671140107669437,2017-07-21,2017-07-21,2016-04-15,2.441762583679294
2017-07-24,2.739,2.735,0.4188,0.416,1.589,1.647,2.739,2.735,0.0,0.0,Excel导入缓存,0.4188,0.416,0.0,0.0,Excel导入缓存,1.647,1.589,0.0,0.0,Excel导入缓存,0.007366482504604033,0.003669724770642091,0.03277060575968216,-0.006685768863419317,-0.057780320366132676,0.035197988686360704,纳指ETF,纳指ETF,纳指ETF,纳指ETF,-0.006685768863419317,1.9725806852027117,2.441762583679294,-0.19214886066834969,2017-07-28,2017-07-28,2016-04-15,2.441762583679294
2017-07-31,2.749,2.749,0.4162,0.415,1.645,1.636,2.749,2.749,0.0,0.0,Excel导入缓存,0.4162,0.415,0.0,0.0,Excel导入缓存,1.645,1.636,0.0,0.0,Excel导入缓存,0.02307406029028658,0.005118829981718642,0.03853853853853839,-0.0024038461538461453,-0.06514285714285717,-0.006678809957498588,纳指ETF,纳指ETF,纳指ETF,纳指ETF,-0.0024038461538461453,1.967838904709436,2.441762583679294,-0.1940908105225123,2017-08-04,2017-08-04,2016-04-15,2.441762583679294
2017-08-07,2.727,2.761,0.4154,0.4062,1.636,1.659,2.761,2.727,0.0,0.0,Excel导入缓存,0.4154,0.4062,0.0,0.0,Excel导入缓存,1.659,1.636,0.0,0.0,Excel导入缓存,0.03214953271028054,0.004365223717715638,-0.012639766650461848,-0.021204819277108378,-0.0018050541516244634,0.014058679706601573,黄金ETF,黄金ETF,纳指ETF,黄金ETF,-0.021204819277108378,1.9261112363686095,2.441762583679294,-0.2111799692391434,2017-08-11,2017-08-11,2016-04-15,2.441762583679294
2017-08-14,2.761,2.763,0.408,0.4088,1.664,1.733,2.763,2.761,0.0,0.0,Excel导入缓存,0.4088,0.408,0.0,0.0,Excel导入缓存,1.733,1.664,0.0,0.0,Excel导入缓存,0.013944954128440212,0.0007243752263672576,-0.02387774594078318,0.006400787789266449,0.08925204274041487,0.04460518384569023,创业板ETF,创业板ETF,黄金ETF,创业板ETF,0.0007243752263672576,1.9275064636314625,2.441762583679294,-0.21060856755079793,2017-08-18,2017-08-18,2016-04-15,2.441762583679294
2017-08-21,2.751,2.749,0.4082,0.41,1.737,1.723,2.751,2.749,0.0,0.0,Excel导入缓存,0.41,0.4082,0.0,0.0,Excel导入缓存,1.737,1.723,0.0,0.0,Excel导入缓存,0.005118829981718642,-0.005066956207021245,-0.014423076923076983,0.0029354207436398383,0.04614450516089863,-0.0057703404500865085,创业板ETF,创业板ETF,创业板ETF,创业板ETF,-0.0057703404500865085,1.9163840951165667,2.441762583679294,-0.21516362486441132,2017-08-25,2017-08-25,2016-04-15,2.441762583679294
2017-08-28,2.757,2.774,0.4098,0.4138,1.729,1.776,2.774,2.757,0.0,0.0,Excel导入缓存,0.4138,0.4098,0.0,0.0,Excel导入缓存,1.776,1.729,0.0,0.0,Excel导入缓存,0.00909421607857408,0.00909421607857408,-0.0028915662650601526,0.009268292682926838,0.08557457212713948,0.030760301799187317,创业板ETF,创业板ETF,创业板ETF,创业板ETF,0.030760301799187317,1.9753326482455147,2.441762583679294,-0.1910218211022604,2017-09-01,2017-09-01,2016-04-15,2.441762583679294
2017-09-04,2.794,2.794,0.4118,0.4078,1.773,1.791,2.794,2.794,0.0,0.0,Excel导入缓存,0.4118,0.4078,0.0,0.0,Excel导入缓存,1.791,1.773,0.0,0.0,Excel导入缓存,0.01195219123505975,0.007209805335256059,0.003938946331856208,-0.014499758337361057,0.07956600361663657,0.008445945945945832,创业板ETF,创业板ETF,创业板ETF,创业板ETF,0.008445945945945832,1.9920162010178584,2.441762583679294,-0.18418923513184038,2017-09-08,2017-09-08,2016-04-15,2.441762583679294
2017-09-11,2.783,2.781,0.407,0.4098,1.79,1.782,2.783,2.781,0.0,0.0,Excel导入缓存,0.4098,0.407,0.0,0.0,Excel导入缓存,1.79,1.782,0.0,0.0,Excel导入缓存,0.006514657980456029,-0.004652827487473088,0.0024461839530331986,0.004904364884747325,0.028274668205424014,-0.005025125628140614,创业板ETF,创业板ETF,创业板ETF,创业板ETF,-0.005025125628140614,1.9820060693544521,2.441762583679294,-0.18828878671409244,2017-09-15,2017-09-15,2016-04-15,2.441762583679294
2017-09-18,2.77,2.738,0.4102,0.4102,1.782,1.773,2.77,2.738,0.0,0.0,Excel导入缓存,0.4102,0.4102,0.0,0.0,Excel导入缓存,1.782,1.773,0.0,0.0,Excel导入缓存,-0.004001455074572613,-0.01546206400575334,0.0004878048780487809,0.0009760858955587537,0.02901915264074284,-0.005050505050505083,创业板ETF,创业板ETF,创业板ETF,创业板ETF,-0.005050505050505083,1.9719959376910456,2.441762583679294,-0.1923883382963446,2017-09-22,2017-09-22,2016-04-15,2.441762583679294
2017-09-25,2.735,2.743,0.411,0.4142,1.77,1.78,2.743,2.735,0.0,0.0,Excel导入缓存,0.4142,0.411,0.0,0.0,Excel导入缓存,1.78,1.77,0.0,0.0,Excel导入缓存,-0.011175198269646747,0.0018261504747991708,0.0009666505558241223,0.009751340809361242,0.0022522522522523403,0.003948110547095318,创业板ETF,创业板ETF,创业板ETF,创业板ETF,0.003948110547095318,1.9797815956514728,2.441762583679294,-0.1891997981768152,2017-09-29,2017-09-29,2016-04-15,2.441762583679294
2017-10-09,2.732,2.734,0.4208,0.4204,1.797,1.84,2.734,2.732,0.0,0.0,Excel导入缓存,0.4208,0.4204,0.0,0.0,Excel导入缓存,1.84,1.797,0.0,0.0,Excel导入缓存,-0.021474588403722294,-0.0032810791104629367,0.030897498773908794,0.014968614196040564,0.02735901730876611,0.03370786516853941,纳指ETF,纳指ETF,创业板ETF,纳指ETF,0.03370786516853941,2.0465158067408487,2.441762583679294,-0.16186945429513466,2017-10-13,2017-10-13,2016-04-15,2.441762583679294
2017-10-16,2.742,2.724,0.4212,0.4246,1.84,1.794,2.742,2.724,0.0,0.0,Excel导入缓存,0.4246,0.4212,0.0,0.0,Excel导入缓存,1.84,1.794,0.0,0.0,Excel导入缓存,-0.02049622437971954,-0.003657644476956712,0.036115178135675885,0.009990485252140857,0.006734006734006703,-0.025000000000000022,纳指ETF,纳指ETF,纳指ETF,纳指ETF,0.009990485252140857,2.0669614927263664,2.441762583679294,-0.1534961234389013,2017-10-20,2017-10-20,2016-04-15,2.441762583679294
2017-10-23,2.71,2.706,0.425,0.425,1.791,1.801,2.71,2.706,0.0,0.0,Excel导入缓存,0.425,0.425,0.0,0.0,Excel导入缓存,1.801,1.791,0.0,0.0,Excel导入缓存,-0.011687363038714427,-0.0066079295154185536,0.03607996099463673,0.0009420631182288641,0.015792442188381273,0.0039018952062430667,纳指ETF,纳指ETF,纳指ETF,纳指ETF,0.0009420631182288641,2.0689087009154634,2.441762583679294,-0.15269866335735527,2017-10-27,2017-10-27,2016-04-15,2.441762583679294
2017-10-30,2.711,2.713,0.4324,0.4358,1.801,1.732,2.713,2.711,0.0,0.0,Excel导入缓存,0.4358,0.4324,0.0,0.0,Excel导入缓存,1.801,1.732,0.0,0.0,Excel导入缓存,-0.010936930368209863,0.002586844050258774,0.052148720424915584,0.025411764705882467,-0.026966292134831482,-0.03831204886174344,纳指ETF,纳指ETF,纳指ETF,纳指ETF,0.025411764705882467,2.12148332202108,2.441762583679294,-0.13116724115561273,2017-11-03,2017-11-03,2016-04-15,2.441762583679294
2017-11-06,2.709,2.735,0.4372,0.4392,1.732,1.8,2.735,2.709,0.0,0.0,Excel导入缓存,0.4392,0.4372,0.0,0.0,Excel导入缓存,1.8,1.732,0.0,0.0,Excel导入缓存,0.00036576444769553795,0.008109104312568949,0.044719314938154175,0.007801743919228832,-0.021739130434782594,0.03926096997690531,纳指ETF,纳指ETF,纳指ETF,纳指ETF,0.007801743919228832,2.1380345916284034,2.441762583679294,-0.12438883046247173,2017-11-10,2017-11-10,2016-04-15,2.441762583679294
2017-11-13,2.728,2.728,0.4388,0.4406,1.799,1.723,2.728,2.728,0.0,0.0,Excel导入缓存,0.4406,0.4388,0.0,0.0,Excel导入缓存,1.799,1.723,0.0,0.0,Excel导入缓存,0.001468428781204123,-0.002559414990859099,0.037682524729156786,0.0031876138433515333,-0.03957636566332212,-0.0427777777777778,纳指ETF,纳指ETF,纳指ETF,纳指ETF,0.0031876138433515333,2.1448498202902426,2.441762583679294,-0.12159772017706061,2017-11-17,2017-11-17,2016-04-15,2.441762583679294
2017-11-20,2.742,2.733,0.44,0.4414,1.719,1.678,2.742,2.733,0.0,0.0,Excel导入缓存,0.4414,0.44,0.0,0.0,Excel导入缓存,1.719,1.678,0.0,0.0,Excel导入缓存,0.009977827050997812,0.001832844574779946,0.03858823529411781,0.0018157058556513839,-0.06829539144919494,-0.02611723737666871,纳指ETF,纳指ETF,纳指ETF,纳指ETF,0.0018157058556513839,2.1487442366684366,2.441762583679294,-0.12000280001396857,2017-11-24,2017-11-24,2016-04-15,2.441762583679294
2017-11-27,2.727,2.703,0.442,0.4484,1.671,1.687,2.727,2.703,0.0,0.0,Excel导入缓存,0.4484,0.442,0.0,0.0,Excel导入缓存,1.687,1.671,0.0,0.0,Excel导入缓存,-0.0036859565057133503,-0.010976948408342624,0.0289123451124369,0.015858631626642472,-0.025981524249422572,0.005363528009535212,纳指ETF,纳指ETF,纳指ETF,纳指ETF,0.015858631626642472,2.1828203799776325,2.441762583679294,-0.10604724858691317,2017-12-01,2017-12-01,2016-04-15,2.441762583679294
2017-12-04,2.701,2.651,0.4482,0.442,1.683,1.675,2.701,2.651,0.0,0.0,Excel导入缓存,0.4482,0.442,0.0,0.0,Excel导入缓存,1.683,1.675,0.0,0.0,Excel导入缓存,-0.030712979890310854,-0.019237883832778357,0.006375227686703067,-0.014272970561998277,-0.06944444444444442,-0.007113218731475968,纳指ETF,纳指ETF,纳指ETF,纳指ETF,-0.014272970561998277,2.151665048952082,2.441762583679294,-0.11880660989164948,2017-12-08,2017-12-08,2016-04-15,2.441762583679294
2017-12-11,2.65,2.673,0.4422,0.4464,1.682,1.673,2.673,2.65,0.0,0.0,Excel导入缓存,0.4464,0.4422,0.0,0.0,Excel导入缓存,1.682,1.673,0.0,0.0,Excel导入缓存,-0.02016129032258074,0.008298755186722184,0.013163867453472644,0.009954751131221684,-0.02901915264074295,-0.0011940298507462366,纳指ETF,纳指ETF,纳指ETF,纳指ETF,0.009954751131221684,2.173084339032148,2.441762583679294,-0.11003454899464327,2017-12-15,2017-12-15,2016-04-15,2.441762583679294
2017-12-18,2.673,2.678,0.4514,0.454,1.673,1.663,2.678,2.673,0.0,0.0,Excel导入缓存,0.454,0.4514,0.0,0.0,Excel导入缓存,1.673,1.663,0.0,0.0,Excel导入缓存,-0.02012440541529459,0.0018705574261128621,0.028545536927956583,0.017025089605734678,-0.008939213349225206,-0.005977286312014329,纳指ETF,纳指ETF,纳指ETF,纳指ETF,0.017025089605734678,2.210081294624989,2.441762583679294,-0.094882807445269,2017-12-22,2017-12-22,2016-04-15,2.441762583679294
2017-12-25,2.691,2.71,0.453,0.4458,1.662,1.644,2.71,2.691,0.0,0.0,Excel导入缓存,0.453,0.4458,0.0,0.0,Excel导入缓存,1.662,1.644,0.0,0.0,Excel导入缓存,0.002589715131335657,0.011949215832711024,-0.005798394290811859,-0.018061674008810646,-0.025489033787789106,-0.011425135297654876,黄金ETF,黄金ETF,纳指ETF,黄金ETF,-0.018061674008810646,2.170163526748502,2.441762583679294,-0.11123073911696246,2017-12-29,2017-12-29,2016-04-15,2.441762583679294
2018-01-02,2.722,2.728,0.4438,0.4502,1.65,1.696,2.728,2.722,0.0,0.0,Excel导入缓存,0.4502,0.4438,0.0,0.0,Excel导入缓存,1.696,1.65,0.0,0.0,Excel导入缓存,0.02904564315352709,0.006642066420664339,0.018552036199094957,0.009869896814715062,0.012537313432835706,0.031630170316301776,黄金ETF,黄金ETF,黄金ETF,黄金ETF,0.006642066420664339,2.1845778970368688,2.441762583679294,-0.10532747465353265,2018-01-05,2018-01-05,2016-04-15,2.441762583679294
2018-01-08,2.73,2.774,0.4526,0.4624,1.694,1.685,2.774,2.73,0.0,0.0,Excel导入缓存,0.4624,0.4526,0.0,0.0,Excel导入缓存,1.694,1.685,0.0,0.0,Excel导入缓存,0.03778526000748217,0.016862170087976525,0.03584229390680993,0.027099067081297168,0.0071727435744173285,-0.006485849056603765,黄金ETF,黄金ETF,黄金ETF,黄金ETF,0.016862170087976525,2.2214146211071384,2.441762583679294,-0.0902413543581011,2018-01-12,2018-01-12,2016-04-15,2.441762583679294
2018-01-15,2.783,2.751,0.4622,0.4626,1.68,1.63,2.783,2.751,0.0,0.0,Excel导入缓存,0.4626,0.4622,0.0,0.0,Excel导入缓存,1.68,1.63,0.0,0.0,Excel导入缓存,0.027259148618371976,-0.008291276135544368,0.018942731277532987,0.0004325259515571833,-0.0198436560432953,-0.03264094955489627,黄金ETF,黄金ETF,黄金ETF,黄金ETF,-0.008291276135544368,2.2029962590720036,2.441762583679294,-0.09778441450581687,2018-01-19,2018-01-19,2016-04-15,2.441762583679294
2018-01-22,2.758,2.767,0.4636,0.464,1.623,1.72,2.767,2.758,0.0,0.0,Excel导入缓存,0.464,0.4636,0.0,0.0,Excel导入缓存,1.72,1.623,0.0,0.0,Excel导入缓存,0.02103321033210337,0.0058160668847691,0.04082548227904903,0.003026372676178113,0.04622871046228716,0.05521472392638049,创业板ETF,创业板ETF,黄金ETF,创业板ETF,0.0058160668847691,2.2158090326616624,2.441762583679294,-0.09253706831610164,2018-01-26,2018-01-26,2016-04-15,2.441762583679294
2018-01-29,2.759,2.732,0.4682,0.4588,1.72,1.607,2.759,2.732,0.0,0.0,Excel导入缓存,0.4682,0.4588,0.0,0.0,Excel导入缓存,1.72,1.607,0.0,0.0,Excel导入缓存,0.0014662756598240456,-0.012649078424286087,0.019102621057307756,-0.011206896551724244,-0.052476415094339646,-0.06569767441860463,纳指ETF,纳指ETF,创业板ETF,纳指ETF,-0.06569767441860463,2.070235532260053,2.441762583679294,-0.15215527254882288,2018-02-02,2018-02-02,2016-04-15,2.441762583679294
2018-02-05,2.712,2.691,0.449,0.4184,1.586,1.502,2.712,2.691,0.0,0.0,Excel导入缓存,0.449,0.4184,0.0,0.0,Excel导入缓存,1.586,1.502,0.0,0.0,Excel导入缓存,-0.02992069214131221,-0.015007320644216837,-0.09515570934256057,-0.08805579773321703,-0.10860534124629084,-0.06533914125700058,黄金ETF,黄金ETF,纳指ETF,黄金ETF,-0.08805579773321703,1.8879392909712431,2.441762583679294,-0.22681291637843815,2018-02-09,2018-02-09,2016-04-15,2.441762583679294
2018-02-12,2.683,2.731,0.4228,0.4386,1.515,1.549,2.731,2.683,0.0,0.0,Excel导入缓存,0.4386,0.4228,0.0,0.0,Excel导入缓存,1.549,1.515,0.0,0.0,Excel导入缓存,-0.007270083605961486,0.014864362690449662,-0.05188067444876787,0.04827915869980881,-0.049693251533742266,0.0312916111850865,黄金ETF,黄金ETF,黄金ETF,黄金ETF,0.014864362690449662,1.91600230532979,2.441762583679294,-0.2153199831399163,2018-02-14,2018-02-14,2016-04-15,2.441762583679294
2018-02-22,2.707,2.712,0.4462,0.4512,1.563,1.572,2.712,2.707,0.0,0.0,Excel导入缓存,0.4512,0.4462,0.0,0.0,Excel导入缓存,1.572,1.563,0.0,0.0,Excel导入缓存,-0.01987712323816393,-0.006957158549981579,-0.02758620689655178,0.028727770177838563,-0.08604651162790689,0.014848289218851063,黄金ETF,黄金ETF,黄金ETF,黄金ETF,-0.006957158549981579,1.9026723735094806,2.441762583679294,-0.22077912642821407,2018-02-23,2018-02-23,2016-04-15,2.441762583679294
2018-02-26,2.714,2.701,0.4564,0.4506,1.585,1.669,2.714,2.701,0.0,0.0,Excel导入缓存,0.4564,0.4506,0.0,0.0,Excel导入缓存,1.669,1.585,0.0,0.0,Excel导入缓存,-0.011346998535871178,-0.004056047197640189,-0.017872711421098475,-0.0013297872340425343,0.03858120721841951,0.06170483460559795,创业板ETF,创业板ETF,黄金ETF,创业板ETF,-0.004056047197640189,1.89495504456088,2.441762583679294,-0.22393968306880763,2018-03-02,2018-03-02,2016-04-15,2.441762583679294
2018-03-05,2.71,2.701,0.4542,0.464,1.678,1.755,2.71,2.701,0.0,0.0,Excel导入缓存,0.464,0.4542,0.0,0.0,Excel导入缓存,1.755,1.678,0.0,0.0,Excel导入缓存,0.003716090672612582,0.0,0.10898661567877643,0.029738126941855292,0.16844207723035942,0.05152786099460749,创业板ETF,创业板ETF,创业板ETF,创业板ETF,0.05152786099460749,1.9925980246880433,2.441762583679294,-0.18395095493454616,2018-03-09,2018-03-09,2016-04-15,2.441762583679294
2018-03-12,2.701,2.687,0.474,0.4676,1.773,1.716,2.701,2.687,0.0,0.0,Excel导入缓存,0.474,0.4676,0.0,0.0,Excel导入缓存,1.773,1.716,0.0,0.0,Excel导入缓存,-0.016111314536799703,-0.005183265457238129,0.06611947104423166,0.00775862068965516,0.10781149128469991,-0.022222222222222143,创业板ETF,创业板ETF,创业板ETF,创业板ETF,-0.022222222222222143,1.9483180685838646,2.441762583679294,-0.2020853781582228,2018-03-16,2018-03-16,2016-04-15,2.441762583679294
2018-03-19,2.682,2.742,0.4676,0.4416,1.712,1.622,2.742,2.682,0.0,0.0,Excel导入缓存,0.4676,0.4416,0.0,0.0,Excel导入缓存,1.712,1.622,0.0,0.0,Excel导入缓存,0.011061946902654718,0.020468924451060744,-0.021276595744680882,-0.055603079555175405,0.03180661577608146,-0.054778554778554644,创业板ETF,创业板ETF,创业板ETF,创业板ETF,-0.054778554778554644,1.8415920205378955,2.441762583679294,-0.24579398797939234,2018-03-23,2018-03-23,2016-04-15,2.441762583679294
2018-03-26,2.743,2.693,0.4324,0.4386,1.609,1.791,2.743,2.693,0.0,0.0,Excel导入缓存,0.4386,0.4324,0.0,0.0,Excel导入缓存,1.791,1.609,0.0,0.0,Excel导入缓存,-0.0029618659755645815,-0.01787016776075856,-0.026631158455392878,-0.006793478260869623,0.07309766327141998,0.10419235511713931,创业板ETF,创业板ETF,创业板ETF,创业板ETF,0.10419235511713931,2.03347183032267,2.441762583679294,-0.1672114873434597,2018-03-30,2018-03-30,2016-04-15,2.441762583679294
2018-04-02,2.698,2.712,0.4378,0.426,1.805,1.732,2.712,2.698,0.0,0.0,Excel导入缓存,0.4378,0.426,0.0,0.0,Excel导入缓存,1.805,1.732,0.0,0.0,Excel导入缓存,0.004072565716401355,0.007055328629780977,-0.08189655172413801,-0.028727770177838563,-0.013105413105413022,-0.03294249022892237,黄金ETF,黄金ETF,创业板ETF,黄金ETF,-0.03294249022892237,1.9664842044214768,2.441762583679294,-0.19464561478440656,2018-04-04,2018-04-04,2016-04-15,2.441762583679294
2018-04-09,2.707,2.714,0.4264,0.4406,1.732,1.721,2.714,2.707,0.0,0.0,Excel导入缓存,0.4406,0.4264,0.0,0.0,Excel导入缓存,1.732,1.721,0.0,0.0,Excel导入缓存,0.010048381094157177,0.0007374631268435294,-0.05774165953806676,0.034272300469483596,0.002913752913753065,-0.006351039260969915,黄金ETF,黄金ETF,黄金ETF,黄金ETF,0.0007374631268435294,1.9679344140117578,2.441762583679294,-0.19405169562126834,2018-04-13,2018-04-13,2016-04-15,2.441762583679294
2018-04-16,2.728,2.721,0.439,0.447,1.722,1.684,2.728,2.721,0.0,0.0,Excel导入缓存,0.447,0.439,0.0,0.0,Excel导入缓存,1.722,1.684,0.0,0.0,Excel导入缓存,-0.007658643326039383,0.002579218865143673,0.012228260869565188,0.014525646845211071,0.03822441430332901,-0.021499128413713042,创业板ETF,创业板ETF,黄金ETF,创业板ETF,0.002579218865143673,1.9730101475777424,2.441762583679294,-0.19197297855028417,2018-04-20,2018-04-20,2016-04-15,2.441762583679294
2018-04-23,2.707,2.692,0.4418,0.447,1.684,1.707,2.707,2.692,0.0,0.0,Excel导入缓存,0.447,0.4418,0.0,0.0,Excel导入缓存,1.707,1.684,0.0,0.0,Excel导入缓存,-0.0003713330857778585,-0.01065784638000733,0.019151846785225857,0.0,-0.04690117252931314,0.013657957244655572,纳指ETF,纳指ETF,创业板ETF,纳指ETF,0.013657957244655572,1.9999574358166308,2.441762583679294,-0.18093698003879755,2018-04-27,2018-04-27,2016-04-15,2.441762583679294
2018-05-02,2.681,2.687,0.447,0.4456,1.711,1.712,2.687,2.681,0.0,0.0,Excel导入缓存,0.447,0.4456,0.0,0.0,Excel导入缓存,1.712,1.711,0.0,0.0,Excel导入缓存,-0.009218289085545894,-0.001857355126300253,0.04600938967136159,-0.0031319910514541194,-0.011547344110854563,0.0029291154071469094,纳指ETF,纳指ETF,纳指ETF,纳指ETF,-0.0031319910514541194,1.993693587024364,2.441762583679294,-0.1835022780878931,2018-05-04,2018-05-04,2016-04-15,2.441762583679294
2018-05-07,2.7,2.694,0.454,0.4632,1.717,1.734,2.7,2.694,0.0,0.0,Excel导入缓存,0.4632,0.454,0.0,0.0,Excel导入缓存,1.734,1.717,0.0,0.0,Excel导入缓存,-0.007369196757553431,0.002605135839225836,0.051293690422151705,0.039497307001795434,0.007553747821034129,0.012850467289719614,纳指ETF,纳指ETF,纳指ETF,纳指ETF,0.039497307001795434,2.072439114698576,2.441762583679294,-0.15125281689926395,2018-05-11,2018-05-11,2016-04-15,2.441762583679294
2018-05-14,2.694,2.644,0.4634,0.4616,1.732,1.731,2.694,2.644,0.0,0.0,Excel导入缓存,0.4634,0.4616,0.0,0.0,Excel导入缓存,1.732,1.731,0.0,0.0,Excel导入缓存,-0.02829841969864022,-0.01855976243504076,0.03266219239373602,-0.003454231433505983,0.027909738717339705,-0.0017301038062282892,纳指ETF,纳指ETF,纳指ETF,纳指ETF,-0.003454231433505983,2.065280430364557,2.441762583679294,-0.15418458609823016,2018-05-18,2018-05-18,2016-04-15,2.441762583679294
2018-05-21,2.649,2.678,0.462,0.4656,1.742,1.705,2.678,2.649,0.0,0.0,Excel导入缓存,0.4656,0.462,0.0,0.0,Excel导入缓存,1.742,1.705,0.0,0.0,Excel导入缓存,-0.005200594353640509,0.012859304084720025,0.041610738255033475,0.008665511265164572,-0.0011716461628588082,-0.015020219526285405,纳指ETF,纳指ETF,纳指ETF,纳指ETF,0.008665511265164572,2.083177141199605,2.441762583679294,-0.1468551631008146,2018-05-25,2018-05-25,2016-04-15,2.441762583679294
2018-05-28,2.67,2.679,0.4654,0.4684,1.702,1.62,2.679,2.67,0.0,0.0,Excel导入缓存,0.4684,0.4654,0.0,0.0,Excel导入缓存,1.702,1.62,0.0,0.0,Excel导入缓存,-0.0029772981019724476,0.0003734129947721154,0.0511669658886893,0.006013745704467333,-0.05373831775700921,-0.04985337243401755,纳指ETF,纳指ETF,纳指ETF,纳指ETF,0.006013745704467333,2.0957048387841386,2.441762583679294,-0.1417245670026236,2018-06-01,2018-06-01,2016-04-15,2.441762583679294
2018-06-04,2.671,2.664,0.475,0.4808,1.624,1.62,2.671,2.664,0.0,0.0,Excel导入缓存,0.4808,0.475,0.0,0.0,Excel导入缓存,1.624,1.62,0.0,0.0,Excel导入缓存,-0.011135857461024412,-0.005599104143336975,0.03799654576856648,0.026473099914603004,-0.0657439446366781,0.0,纳指ETF,纳指ETF,纳指ETF,纳指ETF,0.026473099914603004,2.151184642372788,2.441762583679294,-0.11900335571063492,2018-06-08,2018-06-08,2016-04-15,2.441762583679294
2018-06-11,2.67,2.681,0.481,0.4944,1.617,1.554,2.681,2.67,0.0,0.0,Excel导入缓存,0.4944,0.481,0.0,0.0,Excel导入缓存,1.617,1.554,0.0,0.0,Excel导入缓存,0.013993948562783576,0.006381381381381335,0.07105719237435015,0.028286189683860208,-0.10225303292894283,-0.040740740740740744,纳指ETF,纳指ETF,纳指ETF,纳指ETF,0.028286189683860208,2.212033459211952,2.441762583679294,-0.09408331751942156,2018-06-15,2018-06-15,2016-04-15,2.441762583679294
2018-06-19,2.678,2.653,0.4944,0.4974,1.535,1.466,2.678,2.653,0.0,0.0,Excel导入缓存,0.4974,0.4944,0.0,0.0,Excel导入缓存,1.535,1.466,0.0,0.0,Excel导入缓存,-0.00933532486930544,-0.010443864229765065,0.06829896907216493,0.0060679611650484855,-0.14017595307917896,-0.0566280566280567,纳指ETF,纳指ETF,纳指ETF,纳指ETF,0.0060679611650484855,2.225455992338238,2.441762583679294,-0.0885862502713598,2018-06-22,2018-06-22,2016-04-15,2.441762583679294
2018-06-25,2.663,2.662,0.494,0.4898,1.479,1.524,2.663,2.662,0.0,0.0,Excel导入缓存,0.494,0.4898,0.0,0.0,Excel导入缓存,1.524,1.479,0.0,0.0,Excel导入缓存,-0.00634565136244869,0.0033923859781379573,0.045687446626814676,-0.015279453156413325,-0.059259259259259345,0.0395634379263301,纳指ETF,纳指ETF,纳指ETF,纳指ETF,-0.015279453156413325,2.1914522417516467,2.441762583679294,-0.10251215396644953,2018-06-29,2018-06-29,2016-04-15,2.441762583679294
2018-07-02,2.665,2.68,0.4896,0.4996,1.522,1.464,2.68,2.665,0.0,0.0,Excel导入缓存,0.4996,0.4896,0.0,0.0,Excel导入缓存,1.522,1.464,0.0,0.0,Excel导入缓存,0.006006006006006093,0.0067618332081142984,0.0391014975041597,0.0200081665986116,-0.09629629629629632,-0.03937007874015752,纳指ETF,纳指ETF,纳指ETF,纳指ETF,0.0200081665986116,2.2352991832975144,2.441762583679294,-0.0845550676227812,2018-07-06,2018-07-06,2016-04-15,2.441762583679294
2018-07-09,2.678,2.665,0.5078,0.5206,1.474,1.542,2.678,2.665,0.0,0.0,Excel导入缓存,0.5206,0.5078,0.0,0.0,Excel导入缓存,1.542,1.474,0.0,0.0,Excel导入缓存,-0.005967922417008609,-0.005597014925373234,0.05299352750809061,0.042033626901521126,-0.007722007722007707,0.05327868852459017,纳指ETF,纳指ETF,纳指ETF,纳指ETF,0.042033626901521126,2.3292569151815172,2.441762583679294,-0.04607559688634888,2018-07-13,2018-07-13,2016-04-15,2.441762583679294
2018-07-16,2.668,2.655,0.52,0.5222,1.536,1.535,2.668,2.655,0.0,0.0,Excel导入缓存,0.5222,0.52,0.0,0.0,Excel导入缓存,1.536,1.535,0.0,0.0,Excel导入缓存,0.0007538635506971758,-0.0037523452157599557,0.04985926819461195,0.00307337687283904,0.04706684856753074,-0.00453955901426728,纳指ETF,纳指ETF,纳指ETF,纳指ETF,0.00307337687283904,2.3364155995155365,2.441762583679294,-0.04314382768738256,2018-07-20,2018-07-20,2016-04-15,2.441762583679294
2018-07-23,2.667,2.67,0.5192,0.5336,1.534,1.518,2.67,2.667,0.0,0.0,Excel导入缓存,0.5336,0.5192,0.0,0.0,Excel导入缓存,1.534,1.518,0.0,0.0,Excel导入缓存,0.003005259203606281,0.005649717514124353,0.08942425479787652,0.021830716200689215,-0.003937007874015741,-0.011074918566775227,纳指ETF,纳指ETF,纳指ETF,纳指ETF,0.021830716200689215,2.3874212253954235,2.441762583679294,-0.02225497214474803,2018-07-27,2018-07-27,2016-04-15,2.441762583679294
2018-07-30,2.67,2.663,0.5226,0.541,1.514,1.414,2.67,2.663,0.0,0.0,Excel导入缓存,0.541,0.5226,0.0,0.0,Excel导入缓存,1.514,1.414,0.0,0.0,Excel导入缓存,-0.006343283582089687,-0.0026217228464420206,0.08286629303442772,0.01386806596701673,-0.03415300546448086,-0.06851119894598157,纳指ETF,纳指ETF,纳指ETF,纳指ETF,0.01386806596701673,2.4205301404402633,2.441762583679294,-0.008695539599528623,2018-08-03,2018-08-03,2016-04-15,2.441762583679294
2018-08-06,2.665,2.656,0.5382,0.5334,1.405,1.437,2.665,2.656,0.0,0.0,Excel导入缓存,0.5382,0.5334,0.0,0.0,Excel导入缓存,1.437,1.405,0.0,0.0,Excel导入缓存,-0.0033771106941837825,-0.002628614344723834,0.02458701498271232,-0.014048059149722847,-0.06809338521400776,0.01626591230551644,纳指ETF,纳指ETF,纳指ETF,纳指ETF,-0.014048059149722847,2.3865263898536715,2.441762583679294,-0.02262144329461857,2018-08-10,2018-08-10,2016-04-15,2.441762583679294
2018-08-13,2.664,2.599,0.5298,0.5338,1.422,1.369,2.664,2.599,0.0,0.0,Excel导入缓存,0.5338,0.5298,0.0,0.0,Excel导入缓存,1.422,1.369,0.0,0.0,Excel导入缓存,-0.02109227871939723,-0.021460843373493965,0.022213711221754195,0.0007499062617173369,-0.10814332247557001,-0.04732080723729992,纳指ETF,纳指ETF,纳指ETF,纳指ETF,0.0007499062617173369,2.3883160609371763,2.441762583679294,-0.021888500994877047,2018-08-17,2018-08-17,2016-04-15,2.441762583679294
2018-08-20,2.608,2.628,0.5344,0.5334,1.363,1.382,2.628,2.608,0.0,0.0,Excel导入缓存,0.5344,0.5334,0.0,0.0,Excel导入缓存,1.382,1.363,0.0,0.0,Excel导入缓存,-0.01573033707865157,0.011158137745286512,-0.00037481259370308884,-0.0007493443237168718,-0.08959156785243749,0.009495982468955333,纳指ETF,纳指ETF,纳指ETF,纳指ETF,-0.0007493443237168718,2.386526389853671,2.441762583679294,-0.022621443294618793,2018-08-24,2018-08-24,2016-04-15,2.441762583679294
2018-08-27,2.638,2.646,0.5356,0.548,1.387,1.369,2.646,2.638,0.0,0.0,Excel导入缓存,0.548,0.5356,0.0,0.0,Excel导入缓存,1.387,1.369,0.0,0.0,Excel导入缓存,-0.006383777694329629,0.006849315068493178,0.012939001848428777,0.02737157855268113,-0.03182461103253176,-0.00940665701881327,纳指ETF,纳指ETF,纳指ETF,纳指ETF,0.02737157855268113,2.4518493844015974,2.4518493844015974,0.0,2018-08-31,2018-08-31,2018-08-31,2.4518493844015974
2018-09-03,2.64,2.642,0.5486,0.5326,1.364,1.36,2.642,2.64,0.0,0.0,Excel导入缓存,0.5486,0.5326,0.0,0.0,Excel导入缓存,1.364,1.36,0.0,0.0,Excel导入缓存,-0.005271084337349463,-0.0015117157974300355,-0.0014998125234345627,-0.02810218978102208,-0.053583855254001334,-0.006574141709276726,纳指ETF,纳指ETF,纳指ETF,纳指ETF,-0.02810218978102208,2.3829470476866614,2.4518493844015974,-0.02810218978102208,2018-09-07,2018-09-07,2018-08-31,2.4518493844015974
2018-09-10,2.637,2.656,0.532,0.5442,1.353,1.304,2.656,2.637,0.0,0.0,Excel导入缓存,0.5442,0.532,0.0,0.0,Excel导入缓存,1.353,1.304,0.0,0.0,Excel导入缓存,0.02193151212004607,0.005299015897047843,0.019482952416635335,0.021779947427713164,-0.04747991234477722,-0.04117647058823537,黄金ETF,黄金ETF,纳指ETF,黄金ETF,0.021779947427713164,2.4348475091083013,2.4518493844015974,-0.00693430656934324,2018-09-14,2018-09-14,2018-08-31,2.4518493844015974
2018-09-17,2.645,2.658,0.5428,0.544,1.296,1.343,2.658,2.645,0.0,0.0,Excel导入缓存,0.544,0.5428,0.0,0.0,Excel导入缓存,1.343,1.296,0.0,0.0,Excel导入缓存,0.011415525114155223,0.0007530120481926694,0.019872515935508206,-0.0003675119441381991,-0.02821997105643992,0.029907975460122582,纳指ETF,纳指ETF,黄金ETF,纳指ETF,0.0007530120481926694,2.436680978618172,2.4518493844015974,-0.006186516137543063,2018-09-21,2018-09-21,2018-08-31,2.4518493844015974
2018-09-25,2.648,2.624,0.5404,0.5508,1.333,1.346,2.648,2.624,0.0,0.0,Excel导入缓存,0.5508,0.5404,0.0,0.0,Excel导入缓存,1.346,1.333,0.0,0.0,Excel导入缓存,-0.008314436885865417,-0.012791572610985624,0.005109489051094762,0.012499999999999956,-0.016800584368151905,0.0022338049143708627,纳指ETF,纳指ETF,纳指ETF,纳指ETF,0.012499999999999956,2.467139490850899,2.467139490850899,0.0,2018-09-28,2018-09-28,2018-09-28,2.467139490850899
2018-10-08,2.65,2.701,0.5324,0.5124,1.317,1.206,2.701,2.65,0.0,0.0,Excel导入缓存,0.5324,0.5124,0.0,0.0,Excel导入缓存,1.317,1.206,0.0,0.0,Excel导入缓存,0.02233156699470107,0.029344512195121908,-0.03792714983101764,-0.06971677559912848,-0.1132352941176471,-0.1040118870728084,黄金ETF,黄金ETF,纳指ETF,黄金ETF,-0.06971677559912848,2.2951384805954986,2.467139490850899,-0.06971677559912859,2018-10-12,2018-10-12,2018-09-28,2.467139490850899
2018-10-15,2.715,2.735,0.515,0.5196,1.205,1.189,2.735,2.715,0.0,0.0,Excel导入缓存,0.5196,0.515,0.0,0.0,Excel导入缓存,1.205,1.189,0.0,0.0,Excel导入缓存,0.02974397590361444,0.012587930396149583,-0.045203969128996824,0.014051522248243575,-0.08819018404907975,-0.014096185737976663,黄金ETF,黄金ETF,黄金ETF,黄金ETF,0.012587930396149583,2.3240295240387594,2.467139490850899,-0.0580064351216647,2018-10-19,2018-10-19,2018-09-28,2.467139490850899
2018-10-22,2.732,2.758,0.5152,0.4976,1.22,1.203,2.758,2.732,0.0,0.0,Excel导入缓存,0.5152,0.4976,0.0,0.0,Excel导入缓存,1.22,1.203,0.0,0.0,Excel导入缓存,0.037622272385252176,0.008409506398537436,-0.08529411764705896,-0.04234026173979977,-0.10424422933730448,0.011774600504625754,黄金ETF,黄金ETF,黄金ETF,黄金ETF,0.008409506398537436,2.3435734651915534,2.467139490850899,-0.05008473421043924,2018-10-26,2018-10-26,2018-09-28,2.467139490850899
2018-10-29,2.758,2.731,0.498,0.5098,1.205,1.291,2.758,2.731,0.0,0.0,Excel导入缓存,0.5098,0.498,0.0,0.0,Excel导入缓存,1.291,1.205,0.0,0.0,Excel导入缓存,0.04077743902439024,-0.009789702683103751,-0.07443718228031937,0.02451768488745998,-0.040861812778603346,0.0731504571903574,黄金ETF,黄金ETF,黄金ETF,黄金ETF,-0.009789702683103751,2.320630577751317,2.467139490850899,-0.05938412223666045,2018-11-02,2018-11-02,2018-09-28,2.467139490850899
2018-11-05,2.731,2.719,0.5018,0.5148,1.284,1.26,2.731,2.719,0.0,0.0,Excel导入缓存,0.5148,0.5018,0.0,0.0,Excel导入缓存,1.284,1.26,0.0,0.0,Excel导入缓存,0.006664198445020197,-0.004393994873672646,0.004683840749414747,0.009807767752059604,0.044776119402985204,-0.024012393493415884,创业板ETF,创业板ETF,黄金ETF,创业板ETF,-0.004393994873672646,2.3104337388889897,2.467139490850899,-0.06351718358164771,2018-11-09,2018-11-09,2018-09-28,2.467139490850899
2018-11-12,2.702,2.707,0.5096,0.4946,1.258,1.332,2.707,2.702,0.0,0.0,Excel导入缓存,0.5096,0.4946,0.0,0.0,Excel导入缓存,1.332,1.258,0.0,0.0,Excel导入缓存,-0.010237659963436951,-0.0044133872747333935,-0.04811393379522699,-0.03923853923853937,0.12026913372581993,0.05714285714285716,创业板ETF,创业板ETF,创业板ETF,创业板ETF,0.05714285714285716,2.4424585239683605,2.467139490850899,-0.01000387978631323,2018-11-16,2018-11-16,2018-09-28,2.467139490850899
2018-11-19,2.718,2.731,0.4944,0.4722,1.328,1.248,2.731,2.718,0.0,0.0,Excel导入缓存,0.4944,0.4722,0.0,0.0,Excel导入缓存,1.328,1.248,0.0,0.0,Excel导入缓存,-0.009789702683103751,0.008865903213890025,-0.05104501607717038,-0.04528912252325101,0.03740648379052369,-0.06306306306306309,创业板ETF,创业板ETF,创业板ETF,创业板ETF,-0.06306306306306309,2.288429608042428,2.467139490850899,-0.07243606754753673,2018-11-23,2018-11-23,2018-09-28,2.467139490850899
2018-11-26,2.727,2.732,0.4726,0.4986,1.247,1.264,2.732,2.727,0.0,0.0,Excel导入缓存,0.4986,0.4726,0.0,0.0,Excel导入缓存,1.264,1.247,0.0,0.0,Excel导入缓存,0.0003661662394729426,0.0003661662394729426,-0.02196939976461365,0.055908513341804245,-0.02091402013942678,0.012820512820512775,黄金ETF,黄金ETF,创业板ETF,黄金ETF,0.012820512820512775,2.3177684491711767,2.467139490850899,-0.0605442222596847,2018-11-30,2018-11-30,2018-09-28,2.467139490850899
2018-12-03,2.721,2.738,0.5112,0.4882,1.301,1.275,2.738,2.721,0.0,0.0,Excel导入缓存,0.5112,0.4882,0.0,0.0,Excel导入缓存,1.301,1.275,0.0,0.0,Excel导入缓存,0.006987863184994447,0.002196193265007196,-0.05167055167055168,-0.02085840352988355,0.011904761904761862,0.008702531645569556,创业板ETF,创业板ETF,黄金ETF,创业板ETF,0.002196193265007196,2.3228587166290926,2.467139490850899,-0.05848099580783939,2018-12-07,2018-12-07,2018-09-28,2.467139490850899
2018-12-10,2.758,2.743,0.4736,0.482,1.269,1.248,2.758,2.743,0.0,0.0,Excel导入缓存,0.482,0.4736,0.0,0.0,Excel导入缓存,1.269,1.248,0.0,0.0,Excel导入缓存,0.013298854820834816,0.0018261504747991708,-0.025475131419328778,-0.012699713232281917,-0.06306306306306309,-0.02117647058823524,黄金ETF,黄金ETF,创业板ETF,黄金ETF,-0.02117647058823524,2.2736687673357707,2.467139490850899,-0.07841904530837918,2018-12-14,2018-12-14,2018-09-28,2.467139490850899
2018-12-17,2.744,2.788,0.477,0.4534,1.242,1.213,2.788,2.744,0.0,0.0,Excel导入缓存,0.477,0.4534,0.0,0.0,Excel导入缓存,1.242,1.213,0.0,0.0,Excel导入缓存,0.02087147564994507,0.016405395552314905,-0.03981363828886064,-0.05933609958506214,-0.028044871794871695,-0.028044871794871695,黄金ETF,黄金ETF,黄金ETF,黄金ETF,0.016405395552314905,2.310969202818858,2.467139490850899,-0.06330014521318317,2018-12-21,2018-12-21,2018-09-28,2.467139490850899
2018-12-24,2.798,2.826,0.4404,0.4488,1.212,1.194,2.826,2.798,0.0,0.0,Excel导入缓存,0.4488,0.4404,0.0,0.0,Excel导入缓存,1.212,1.194,0.0,0.0,Excel导入缓存,0.034407027818448066,0.013629842180774787,-0.09987966305655838,-0.010145566828407726,-0.05537974683544311,-0.015663643858202958,黄金ETF,黄金ETF,黄金ETF,黄金ETF,0.013629842180774787,2.34246734833791,2.467139490850899,-0.05053307402168428,2018-12-28,2018-12-28,2018-09-28,2.467139490850899
2018-12-31,2.821,2.855,0.4536,0.445,1.198,1.195,2.855,2.821,0.0,0.0,Excel导入缓存,0.4536,0.445,0.0,0.0,Excel导入缓存,1.198,1.195,0.0,0.0,Excel导入缓存,0.04273192111029944,0.010261854210898758,-0.08848832445718968,-0.008467023172905486,-0.06274509803921557,0.0008375209380235837,黄金ETF,黄金ETF,黄金ETF,黄金ETF,0.010261854210898758,2.3665054067603446,2.467139490850899,-0.04078978284922452,2019-01-04,2019-01-04,2018-09-28,2.467139490850899
2019-01-07,2.84,2.805,0.461,0.4656,1.197,1.209,2.84,2.805,0.0,0.0,Excel导入缓存,0.4656,0.461,0.0,0.0,Excel导入缓存,1.209,1.197,0.0,0.0,Excel导入缓存,0.022602989427634057,-0.017513134851138257,-0.034024896265560156,0.04629213483146066,-0.03124999999999989,0.011715481171548081,黄金ETF,黄金ETF,黄金ETF,黄金ETF,-0.017513134851138257,2.325060478445803,2.467139490850899,-0.05758856073277552,2019-01-11,2019-01-11,2018-09-28,2.467139490850899
2019-01-14,2.8,2.811,0.4638,0.4758,1.21,1.216,2.811,2.8,0.0,0.0,Excel导入缓存,0.4758,0.4638,0.0,0.0,Excel导入缓存,1.216,1.21,0.0,0.0,Excel导入缓存,0.008249641319942658,0.002139037433154911,0.049404499338332464,0.021907216494845283,0.002473206924979321,0.005789909015715411,纳指ETF,纳指ETF,黄金ETF,纳指ETF,0.002139037433154911,2.3300338698435477,2.467139490850899,-0.055572707386749576,2019-01-18,2019-01-18,2018-09-28,2.467139490850899
2019-01-21,2.799,2.796,0.4768,0.4746,1.218,1.214,2.799,2.796,0.0,0.0,Excel导入缓存,0.4768,0.4746,0.0,0.0,Excel导入缓存,1.218,1.214,0.0,0.0,Excel导入缓存,-0.010615711252654036,-0.005336179295624355,0.0574866310160429,-0.0025220680958385477,0.01675041876046901,-0.00164473684210531,纳指ETF,纳指ETF,纳指ETF,纳指ETF,-0.0025220680958385477,2.324157365758192,2.467139490850899,-0.057954617330288505,2019-01-25,2019-01-25,2018-09-28,2.467139490850899
2019-01-28,2.819,2.853,0.4788,0.4854,1.22,1.221,2.853,2.819,0.0,0.0,Excel导入缓存,0.4854,0.4788,0.0,0.0,Excel导入缓存,1.221,1.22,0.0,0.0,Excel导入缓存,-0.0007005253940454148,0.020386266094420735,0.09078651685393258,0.022756005056890016,0.02175732217573234,0.005766062602965416,纳指ETF,纳指ETF,纳指ETF,纳指ETF,0.022756005056890016,2.377045902526394,2.467139490850899,-0.0365174278384367,2019-02-01,2019-02-01,2018-09-28,2.467139490850899
2019-02-11,2.847,2.861,0.4844,0.492,1.223,1.302,2.861,2.847,0.0,0.0,Excel导入缓存,0.492,0.4844,0.0,0.0,Excel导入缓存,1.302,1.223,0.0,0.0,Excel导入缓存,0.019964349376114132,0.002804065895548602,0.05670103092783507,0.013597033374536549,0.07692307692307687,0.06633906633906639,创业板ETF,创业板ETF,纳指ETF,创业板ETF,0.013597033374536549,2.4093666749958507,2.467139490850899,-0.02341692314897159,2019-02-15,2019-02-15,2018-09-28,2.467139490850899
2019-02-18,2.872,2.861,0.496,0.4928,1.31,1.406,2.872,2.861,0.0,0.0,Excel导入缓存,0.496,0.4928,0.0,0.0,Excel导入缓存,1.406,1.31,0.0,0.0,Excel导入缓存,0.017787264318747775,0.0,0.03572929802437996,0.001626016260162677,0.15625,0.07987711213517645,创业板ETF,创业板ETF,创业板ETF,创业板ETF,0.07987711213517645,2.6018199270692515,2.6018199270692515,0.0,2019-02-22,2019-02-22,2019-02-22,2.6018199270692515
2019-02-25,2.853,2.827,0.495,0.4972,1.432,1.5,2.853,2.827,0.0,0.0,Excel导入缓存,0.4972,0.495,0.0,0.0,Excel导入缓存,1.5,1.432,0.0,0.0,Excel导入缓存,0.011087267525035749,-0.011883956658511052,0.04761904761904745,0.008928571428571397,0.23558484349258646,0.06685633001422486,创业板ETF,创业板ETF,创业板ETF,创业板ETF,0.06685633001422486,2.77576805875098,2.77576805875098,0.0,2019-03-01,2019-03-01,2019-03-01,2.77576805875098
2019-03-04,2.798,2.8,0.5008,0.4882,1.526,1.584,2.8,2.798,0.0,0.0,Excel导入缓存,0.5008,0.4882,0.0,0.0,Excel导入缓存,1.584,1.526,0.0,0.0,Excel导入缓存,-0.018576936558009294,-0.009550760523523216,0.005768438401318576,-0.0181013676588897,0.29729729729729737,0.05600000000000005,创业板ETF,创业板ETF,创业板ETF,创业板ETF,0.05600000000000005,2.931211070041035,2.931211070041035,0.0,2019-03-08,2019-03-08,2019-03-08,2.931211070041035
2019-03-11,2.809,2.811,0.4894,0.5082,1.6,1.589,2.811,2.809,0.0,0.0,Excel导入缓存,0.5082,0.4894,0.0,0.0,Excel导入缓存,1.6,1.589,0.0,0.0,Excel导入缓存,-0.01747640685075158,0.003928571428571503,0.03292682926829271,0.04096681687832837,0.22043010752688175,0.0031565656565655242,创业板ETF,创业板ETF,创业板ETF,创业板ETF,0.0031565656565655242,2.9404636302368714,2.9404636302368714,0.0,2019-03-15,2019-03-15,2019-03-15,2.9404636302368714
2019-03-18,2.807,2.833,0.5094,0.523,1.598,1.621,2.833,2.807,0.0,0.0,Excel导入缓存,0.523,0.5094,0.0,0.0,Excel导入缓存,1.621,1.598,0.0,0.0,Excel导入缓存,-0.00978678783642084,0.007826396300249172,0.061282467532467466,0.0291223927587565,0.15291607396870566,0.02013845185651353,创业板ETF,创业板ETF,创业板ETF,创业板ETF,0.02013845185651353,2.9996800154902257,2.9996800154902257,0.0,2019-03-22,2019-03-22,2019-03-22,2.9996800154902257
2019-03-25,2.849,2.789,0.5088,0.5138,1.594,1.624,2.849,2.789,0.0,0.0,Excel导入缓存,0.5138,0.5088,0.0,0.0,Excel导入缓存,1.624,1.594,0.0,0.0,Excel导入缓存,-0.013441811107180679,-0.01553123896929054,0.03338696701528576,-0.01759082217973229,0.08266666666666667,0.0018507094386182033,创业板ETF,创业板ETF,创业板ETF,创业板ETF,0.0018507094386182033,3.0052315516077277,3.0052315516077277,0.0,2019-03-29,2019-03-29,2019-03-29,3.0052315516077277
2019-04-01,2.789,2.798,0.5174,0.527,1.635,1.701,2.798,2.789,0.0,0.0,Excel导入缓存,0.527,0.5174,0.0,0.0,Excel导入缓存,1.701,1.635,0.0,0.0,Excel导入缓存,-0.0007142857142856673,0.0032269630692003393,0.07947562474395742,0.025690930323082783,0.07386363636363646,0.047413793103448176,纳指ETF,纳指ETF,创业板ETF,纳指ETF,0.047413793103448176,3.147720978623611,3.147720978623611,0.0,2019-04-04,2019-04-04,2019-04-04,3.147720978623611
2019-04-08,2.8,2.8,0.5296,0.5306,1.709,1.624,2.8,2.8,0.0,0.0,Excel导入缓存,0.5306,0.5296,0.0,0.0,Excel导入缓存,1.709,1.624,0.0,0.0,Excel导入缓存,-0.003913198150124586,0.0007147962830591492,0.0440771349862259,0.006831119544591813,0.022026431718061845,-0.04526748971193417,纳指ETF,纳指ETF,纳指ETF,纳指ETF,0.006831119544591813,3.1692234369216084,3.1692234369216084,0.0,2019-04-12,2019-04-12,2019-04-12,3.1692234369216084
2019-04-15,2.789,2.763,0.532,0.5354,1.647,1.645,2.789,2.763,0.0,0.0,Excel导入缓存,0.5354,0.532,0.0,0.0,Excel导入缓存,1.647,1.645,0.0,0.0,Excel导入缓存,-0.024708789269325848,-0.013214285714285734,0.02370936902485643,0.009046362608367886,0.014805675508945182,0.012931034482758452,纳指ETF,纳指ETF,纳指ETF,纳指ETF,0.009046362608367886,3.197893381318939,3.197893381318939,0.0,2019-04-19,2019-04-19,2019-04-19,3.197893381318939
2019-04-22,2.765,2.773,0.5362,0.556,1.645,1.589,2.773,2.765,0.0,0.0,Excel导入缓存,0.556,0.5362,0.0,0.0,Excel导入缓存,1.645,1.589,0.0,0.0,Excel导入缓存,-0.0057368232341341585,0.0036192544335866828,0.0821331257298561,0.03847590586477412,-0.02155172413793116,-0.03404255319148941,纳指ETF,纳指ETF,纳指ETF,纳指ETF,0.03847590586477412,3.320935226024151,3.320935226024151,0.0,2019-04-26,2019-04-26,2019-04-26,3.320935226024151
2019-04-29,2.778,2.777,0.5576,0.5616,1.589,1.553,2.778,2.777,0.0,0.0,Excel导入缓存,0.5616,0.5576,0.0,0.0,Excel导入缓存,1.589,1.553,0.0,0.0,Excel导入缓存,-0.007505360972122954,0.0014424810674360522,0.06565464895635675,0.010071942446043147,-0.08700764256319815,-0.02265575833857769,纳指ETF,纳指ETF,纳指ETF,纳指ETF,0.010071942446043147,3.3543834944877036,3.3543834944877036,0.0,2019-04-30,2019-04-30,2019-04-30,3.3543834944877036
2019-05-06,2.798,2.808,0.5562,0.5382,1.496,1.465,2.808,2.798,0.0,0.0,Excel导入缓存,0.5562,0.5382,0.0,0.0,Excel导入缓存,1.496,1.465,0.0,0.0,Excel导入缓存,0.0028571428571428914,0.011163125675188956,0.014323407463249227,-0.04166666666666663,-0.09790640394088668,-0.05666452028332247,纳指ETF,纳指ETF,纳指ETF,纳指ETF,-0.04166666666666663,3.214617515550716,3.3543834944877036,-0.04166666666666663,2019-05-10,2019-05-10,2019-04-30,3.3543834944877036
2019-05-13,2.821,2.854,0.5354,0.5418,1.448,1.416,2.854,2.821,0.0,0.0,Excel导入缓存,0.5418,0.5354,0.0,0.0,Excel导入缓存,1.448,1.416,0.0,0.0,Excel导入缓存,0.03293521534563881,0.01638176638176647,0.011953679491968572,0.006688963210702115,-0.13920972644376906,-0.03344709897610931,黄金ETF,黄金ETF,纳指ETF,黄金ETF,0.006688963210702115,3.236119973848713,3.3543834944877036,-0.035256410256410464,2019-05-17,2019-05-17,2019-04-30,3.3543834944877036
2019-05-20,2.839,2.856,0.5392,0.5264,1.412,1.384,2.856,2.839,0.0,0.0,Excel导入缓存,0.5392,0.5264,0.0,0.0,Excel导入缓存,1.412,1.384,0.0,0.0,Excel导入缓存,0.02993148214929664,0.0007007708479327412,-0.053237410071942604,-0.028423772609819098,-0.12901195720578984,-0.02259887005649719,黄金ETF,黄金ETF,黄金ETF,黄金ETF,0.0007007708479327412,3.2383877523867994,3.3543834944877036,-0.0345803460729881,2019-05-24,2019-05-24,2019-04-30,3.3543834944877036
2019-05-27,2.858,2.878,0.523,0.5144,1.387,1.425,2.878,2.858,0.0,0.0,Excel导入缓存,0.523,0.5144,0.0,0.0,Excel导入缓存,1.425,1.387,0.0,0.0,Excel导入缓存,0.036370183651422305,0.007703081232493192,-0.08404558404558404,-0.0227963525835867,-0.08242112041210559,0.02962427745664753,黄金ETF,黄金ETF,黄金ETF,黄金ETF,0.007703081232493192,3.263333316305746,3.3543834944877036,-0.027143640055342977,2019-05-31,2019-05-31,2019-04-30,3.3543834944877036
2019-06-03,2.906,2.962,0.5088,0.517,1.428,1.363,2.962,2.906,0.0,0.0,Excel导入缓存,0.517,0.5088,0.0,0.0,Excel导入缓存,1.428,1.363,0.0,0.0,Excel导入缓存,0.05484330484330502,0.02918693537178596,-0.039390561129691526,0.0050544323483672216,-0.06962457337883965,-0.04350877192982461,黄金ETF,黄金ETF,黄金ETF,黄金ETF,0.02918693537178596,3.3585800149053577,3.3585800149053577,0.0,2019-06-06,2019-06-06,2019-06-06,3.3585800149053577
2019-06-10,2.96,3.022,0.5326,0.5358,1.364,1.397,3.022,2.96,0.0,0.0,Excel导入缓存,0.5358,0.5326,0.0,0.0,Excel导入缓存,1.397,1.364,0.0,0.0,Excel导入缓存,0.05886475122634893,0.020256583389601568,-0.011074197120708562,0.036363636363636376,-0.013418079096045088,0.0249449743213499,黄金ETF,黄金ETF,黄金ETF,黄金ETF,0.020256583389601568,3.4266133710479374,3.4266133710479374,0.0,2019-06-14,2019-06-14,2019-06-14,3.4266133710479374
2019-06-17,3.0,3.079,0.5362,0.5498,1.395,1.473,3.079,3.0,0.0,0.0,Excel导入缓存,0.5498,0.5362,0.0,0.0,Excel导入缓存,1.473,1.395,0.0,0.0,Excel导入缓存,0.07808123249299737,0.018861681005956532,0.044452887537993924,0.02612915266890603,0.06430635838150311,0.05440229062276303,黄金ETF,黄金ETF,黄金ETF,黄金ETF,0.018861681005956532,3.491245059383389,3.491245059383389,0.0,2019-06-21,2019-06-21,2019-06-21,3.491245059383389
2019-06-24,3.109,3.11,0.5484,0.544,1.467,1.457,3.11,3.109,0.0,0.0,Excel导入缓存,0.5484,0.544,0.0,0.0,Excel导入缓存,1.467,1.457,0.0,0.0,Excel导入缓存,0.08061153578874203,0.01006820396232544,0.05754276827371707,-0.010549290651145737,0.022456140350877174,-0.010862186014935493,黄金ETF,黄金ETF,黄金ETF,黄金ETF,0.01006820396232544,3.526395626723722,3.526395626723722,0.0,2019-06-28,2019-06-28,2019-06-28,3.526395626723722
2019-07-01,3.05,3.125,0.5506,0.5608,1.487,1.492,3.125,3.05,0.0,0.0,Excel导入缓存,0.5608,0.5506,0.0,0.0,Excel导入缓存,1.492,1.487,0.0,0.0,Excel导入缓存,0.05503038487508438,0.004823151125401992,0.08471953578336544,0.03088235294117636,0.09464416727806313,0.024021962937542884,创业板ETF,创业板ETF,黄金ETF,创业板ETF,0.004823151125401992,3.5434039657593672,3.5434039657593672,0.0,2019-07-05,2019-07-05,2019-07-05,3.5434039657593672
2019-07-08,3.091,3.111,0.5582,0.5634,1.488,1.465,3.111,3.091,0.0,0.0,Excel导入缓存,0.5634,0.5582,0.0,0.0,Excel导入缓存,1.488,1.465,0.0,0.0,Excel导入缓存,0.029450694904037178,-0.0044799999999999285,0.05151175811870101,0.004636233951498037,0.04867573371510381,-0.018096514745308268,纳指ETF,纳指ETF,创业板ETF,纳指ETF,-0.018096514745308268,3.479280703644419,3.5434039657593672,-0.018096514745308268,2019-07-12,2019-07-12,2019-07-05,3.5434039657593672
2019-07-15,3.118,3.177,0.5662,0.567,1.458,1.486,3.177,3.118,0.0,0.0,Excel导入缓存,0.567,0.5662,0.0,0.0,Excel导入缓存,1.486,1.458,0.0,0.0,Excel导入缓存,0.0318285157518674,0.02121504339440694,0.03128410331029463,0.006389776357827337,0.008825526137135054,0.014334470989761039,黄金ETF,黄金ETF,纳指ETF,黄金ETF,0.006389776357827337,3.5015125292268108,3.5434039657593672,-0.011822371069559634,2019-07-19,2019-07-19,2019-07-05,3.5434039657593672
2019-07-22,3.145,3.134,0.5604,0.5712,1.488,1.506,3.145,3.134,0.0,0.0,Excel导入缓存,0.5712,0.5604,0.0,0.0,Excel导入缓存,1.506,1.488,0.0,0.0,Excel导入缓存,0.007717041800643143,-0.013534781240163718,0.050000000000000044,0.007407407407407529,0.03363074811255995,0.013458950201884257,纳指ETF,纳指ETF,黄金ETF,纳指ETF,-0.013534781240163718,3.4541203231340334,3.5434039657593672,-0.02519713910355692,2019-07-26,2019-07-26,2019-07-05,3.5434039657593672
2019-07-29,3.147,3.185,0.575,0.5636,1.504,1.501,3.185,3.147,0.0,0.0,Excel导入缓存,0.575,0.5636,0.0,0.0,Excel导入缓存,1.504,1.501,0.0,0.0,Excel导入缓存,0.019200000000000106,0.016273133375877435,0.004992867332382245,-0.013305322128851604,0.0060321715817692745,-0.0033200531208500417,黄金ETF,黄金ETF,纳指ETF,黄金ETF,-0.013305322128851604,3.408162139562922,3.5434039657593672,-0.038167205179910235,2019-08-02,2019-08-02,2019-07-05,3.5434039657593672
2019-08-05,3.239,3.404,0.5594,0.5644,1.495,1.45,3.404,3.239,0.0,0.0,Excel导入缓存,0.5644,0.5594,0.0,0.0,Excel导入缓存,1.495,1.45,0.0,0.0,Excel导入缓存,0.09418193506910955,0.06875981161695432,0.0017749378771743096,0.0014194464158978626,-0.010238907849829393,-0.03397734843437705,黄金ETF,黄金ETF,黄金ETF,黄金ETF,0.06875981161695432,3.6425067262393047,3.6425067262393047,0.0,2019-08-09,2019-08-09,2019-08-09,3.6425067262393047
2019-08-12,3.402,3.42,0.5632,0.5524,1.457,1.512,3.42,3.402,0.0,0.0,Excel导入缓存,0.5632,0.5524,0.0,0.0,Excel导入缓存,1.512,1.457,0.0,0.0,Excel导入缓存,0.0764872521246458,0.004700352526439522,-0.025749559082892337,-0.021261516654854762,0.01749663526244949,0.0427586206896553,黄金ETF,黄金ETF,黄金ETF,黄金ETF,0.004700352526439522,3.6596277919325564,3.6596277919325564,0.0,2019-08-16,2019-08-16,2019-08-16,3.6596277919325564
2019-08-19,3.394,3.399,0.558,0.5678,1.528,1.555,3.399,3.394,0.0,0.0,Excel导入缓存,0.5678,0.558,0.0,0.0,Excel导入缓存,1.555,1.528,0.0,0.0,Excel导入缓存,0.08455647734524563,-0.0061403508771930015,-0.005952380952381042,0.027878349022447457,0.03253652058432932,0.028439153439153486,黄金ETF,黄金ETF,黄金ETF,黄金ETF,-0.0061403508771930015,3.6371563932101636,3.6596277919325564,-0.0061403508771930015,2019-08-23,2019-08-23,2019-08-16,3.6596277919325564
2019-08-26,3.521,3.509,0.553,0.5682,1.54,1.549,3.521,3.509,0.0,0.0,Excel导入缓存,0.5682,0.553,0.0,0.0,Excel导入缓存,1.549,1.54,0.0,0.0,Excel导入缓存,0.1017268445839874,0.032362459546925626,0.008161816891412377,0.0007044734061290026,0.0319786808794138,-0.0038585209003215715,黄金ETF,黄金ETF,黄金ETF,黄金ETF,0.032362459546925626,3.7548637198512695,3.7548637198512695,0.0,2019-08-30,2019-08-30,2019-08-30,3.7548637198512695
2019-09-02,3.502,3.43,0.5672,0.5788,1.55,1.631,3.502,3.43,0.0,0.0,Excel导入缓存,0.5788,0.5672,0.0,0.0,Excel导入缓存,1.631,1.55,0.0,0.0,Excel导入缓存,0.00763807285546414,-0.022513536620119567,0.02551381998582558,0.018655403027103112,0.1248275862068966,0.05293737895416406,创业板ETF,创业板ETF,黄金ETF,创业板ETF,-0.022513536620119567,3.6703284579908395,3.7548637198512695,-0.022513536620119567,2019-09-06,2019-09-06,2019-08-30,3.7548637198512695
2019-09-09,3.436,3.404,0.5788,0.5806,1.639,1.646,3.436,3.404,0.0,0.0,Excel导入缓存,0.5806,0.5788,0.0,0.0,Excel导入缓存,1.646,1.639,0.0,0.0,Excel导入缓存,-0.004678362573099393,-0.007580174927113825,0.051049963794352005,0.0031098825155495557,0.0886243386243386,0.009196811771919,创业板ETF,创业板ETF,创业板ETF,创业板ETF,0.009196811771919,3.704083777960099,3.7548637198512695,-0.013523777606816112,2019-09-12,2019-09-12,2019-08-30,3.7548637198512695
2019-09-16,3.414,3.412,0.5748,0.579,1.649,1.638,3.414,3.412,0.0,0.0,Excel导入缓存,0.579,0.5748,0.0,0.0,Excel导入缓存,1.649,1.638,0.0,0.0,Excel导入缓存,0.003824654310091269,0.00235017626321965,0.01972525537160963,-0.0027557698932140218,0.05337620578778135,-0.004860267314702349,创业板ETF,创业板ETF,创业板ETF,创业板ETF,-0.004860267314702349,3.6860809406431603,3.7548637198512695,-0.01831831574724474,2019-09-20,2019-09-20,2019-08-30,3.7548637198512695
2019-09-23,3.437,3.405,0.5782,0.571,1.635,1.587,3.437,3.405,0.0,0.0,Excel导入缓存,0.5782,0.571,0.0,0.0,Excel导入缓存,1.635,1.587,0.0,0.0,Excel导入缓存,-0.029638073525220854,-0.002051582649472472,0.004927842309045971,-0.013816925734024155,0.02453195610071024,-0.031135531135531136,创业板ETF,创业板ETF,创业板ETF,创业板ETF,-0.031135531135531136,3.571312852747677,3.7548637198512695,-0.04888349639247702,2019-09-27,2019-09-27,2019-08-30,3.7548637198512695
2019-09-30,3.4,3.398,0.569,0.567,1.585,1.57,3.4,3.398,0.0,0.0,Excel导入缓存,0.569,0.567,0.0,0.0,Excel导入缓存,1.585,1.57,0.0,0.0,Excel导入缓存,-0.00932944606413999,-0.0020558002936856834,-0.020387007601935125,-0.007005253940455369,-0.03740036787247081,-0.010712035286704391,黄金ETF,黄金ETF,创业板ETF,黄金ETF,-0.010712035286704391,3.5330568234491833,3.7548637198512695,-0.059071889940887634,2019-09-30,2019-09-30,2019-08-30,3.7548637198512695
2019-10-08,3.402,3.405,0.568,0.5696,1.571,1.606,3.405,3.402,0.0,0.0,Excel导入缓存,0.5696,0.568,0.0,0.0,Excel导入缓存,1.606,1.571,0.0,0.0,Excel导入缓存,0.00029377203290237297,0.0020600353148909623,-0.018945918015845664,0.004585537918871285,-0.024301336573511412,0.02292993630573248,黄金ETF,黄金ETF,黄金ETF,黄金ETF,0.0020600353148909623,3.540335045275005,3.7548637198512695,-0.057133544805392344,2019-10-11,2019-10-11,2019-08-30,3.7548637198512695
2019-10-14,3.367,3.371,0.5752,0.58,1.615,1.589,3.371,3.367,0.0,0.0,Excel导入缓存,0.58,0.5752,0.0,0.0,Excel导入缓存,1.615,1.589,0.0,0.0,Excel导入缓存,-0.012016412661195797,-0.009985315712187859,0.0017271157167531026,0.018258426966291985,-0.02991452991452992,-0.010585305105853093,纳指ETF,纳指ETF,黄金ETF,纳指ETF,-0.009985315712187859,3.504983682121011,3.7548637198512695,-0.06654836403494191,2019-10-18,2019-10-18,2019-08-30,3.7548637198512695
2019-10-21,3.362,3.398,0.576,0.5792,1.588,1.616,3.398,3.362,0.0,0.0,Excel导入缓存,0.5792,0.576,0.0,0.0,Excel导入缓存,1.616,1.588,0.0,0.0,Excel导入缓存,-0.0020558002936856834,0.008009492732127033,0.014360770577933613,-0.0013793103448274113,0.018273471959672438,0.016991818753933297,创业板ETF,创业板ETF,纳指ETF,创业板ETF,-0.0013793103448274113,3.50014922186981,3.7548637198512695,-0.06783588353282466,2019-10-25,2019-10-25,2019-08-30,3.7548637198512695
2019-10-28,3.394,3.387,0.5846,0.5912,1.63,1.625,3.394,3.387,0.0,0.0,Excel导入缓存,0.5912,0.5846,0.0,0.0,Excel导入缓存,1.63,1.625,0.0,0.0,Excel导入缓存,-0.0032371983519717817,-0.0032371983519717817,0.042680776014109245,0.02071823204419876,0.03503184713375784,0.005569306930693019,纳指ETF,纳指ETF,创业板ETF,纳指ETF,0.005569306930693019,3.5196426271896293,3.7548637198512695,-0.0626443754584407,2019-11-01,2019-11-01,2019-08-30,3.7548637198512695
2019-11-04,3.391,3.269,0.595,0.5922,1.624,1.645,3.391,3.269,0.0,0.0,Excel导入缓存,0.595,0.5922,0.0,0.0,Excel导入缓存,1.645,1.624,0.0,0.0,Excel导入缓存,-0.03994126284875177,-0.03483909064068491,0.0396769662921348,0.001691474966170503,0.024283935242839227,0.012307692307692353,纳指ETF,纳指ETF,纳指ETF,纳指ETF,0.001691474966170503,3.525596014583387,3.7548637198512695,-0.061058861885129545,2019-11-08,2019-11-08,2019-08-30,3.7548637198512695
2019-11-11,3.26,3.268,0.595,0.6028,1.641,1.614,3.268,3.26,0.0,0.0,Excel导入缓存,0.6028,0.595,0.0,0.0,Excel导入缓存,1.641,1.614,0.0,0.0,Excel导入缓存,-0.03055473153366961,-0.00030590394616103467,0.03931034482758622,0.017899358324890313,0.01573316551290138,-0.018844984802431575,纳指ETF,纳指ETF,纳指ETF,纳指ETF,0.017899358324890313,3.58870192095722,3.7548637198512695,-0.04425241800803126,2019-11-15,2019-11-15,2019-08-30,3.7548637198512695
2019-11-18,3.271,3.287,0.6056,0.6046,1.613,1.614,3.287,3.271,0.0,0.0,Excel导入缓存,0.6056,0.6046,0.0,0.0,Excel导入缓存,1.614,1.613,0.0,0.0,Excel导入缓存,-0.03266627427898772,0.005813953488372103,0.04385359116022092,0.0029860650298607627,-0.0012376237623762387,0.0,纳指ETF,纳指ETF,纳指ETF,纳指ETF,0.0029860650298607627,3.5994180182659847,3.7548637198512695,-0.04139849357607095,2019-11-22,2019-11-22,2019-08-30,3.7548637198512695
2019-11-25,3.269,3.265,0.6062,0.619,1.616,1.6,3.269,3.265,0.0,0.0,Excel导入缓存,0.619,0.6062,0.0,0.0,Excel导入缓存,1.616,1.6,0.0,0.0,Excel导入缓存,-0.03602007676409802,-0.006693033160936945,0.047023004059540074,0.023817399933840466,-0.01538461538461533,-0.008674101610904539,纳指ETF,纳指ETF,纳指ETF,纳指ETF,0.023817399933840466,3.685146796736097,3.7548637198512695,-0.01856709812039037,2019-11-29,2019-11-29,2019-08-30,3.7548637198512695
2019-12-02,3.271,3.297,0.619,0.6116,1.605,1.662,3.297,3.271,0.0,0.0,Excel导入缓存,0.619,0.6116,0.0,0.0,Excel导入缓存,1.662,1.605,0.0,0.0,Excel导入缓存,0.008565310492505418,0.009800918836140982,0.03275920297196899,-0.011954765751211571,0.010334346504559111,0.03874999999999984,纳指ETF,纳指ETF,纳指ETF,纳指ETF,-0.011954765751211571,3.6410917300222896,3.7548637198512695,-0.030299898562892835,2019-12-06,2019-12-06,2019-08-30,3.7548637198512695
2019-12-09,3.272,3.262,0.6152,0.622,1.667,1.693,3.272,3.262,0.0,0.0,Excel导入缓存,0.622,0.6152,0.0,0.0,Excel导入缓存,1.693,1.667,0.0,0.0,Excel导入缓存,-0.001835985312117483,-0.010615711252653925,0.031851360318513544,0.017004578155657146,0.04894671623296154,0.01865222623345386,创业板ETF,创业板ETF,纳指ETF,创业板ETF,0.017004578155657146,3.7030069589173706,3.7548637198512695,-0.013810557400456891,2019-12-13,2019-12-13,2019-08-30,3.7548637198512695
2019-12-16,3.282,3.302,0.6204,0.6306,1.693,1.708,3.302,3.282,0.0,0.0,Excel导入缓存,0.6306,0.6204,0.0,0.0,Excel导入缓存,1.708,1.693,0.0,0.0,Excel导入缓存,0.004563431700638887,0.012262415695892148,0.04300363876943436,0.013826366559485548,0.058240396530359284,0.008860011813349056,创业板ETF,创业板ETF,创业板ETF,创业板ETF,0.008860011813349056,3.735815644318292,3.7548637198512695,-0.005072907288824813,2019-12-20,2019-12-20,2019-08-30,3.7548637198512695
2019-12-23,3.301,3.364,0.6336,0.6432,1.703,1.698,3.364,3.301,0.0,0.0,Excel导入缓存,0.6432,0.6336,0.0,0.0,Excel导入缓存,1.703,1.698,0.0,0.0,Excel导入缓存,0.03032159264931078,0.01877649909145962,0.03909531502423258,0.019980970504281492,0.061249999999999805,-0.005854800936768156,创业板ETF,创业板ETF,创业板ETF,创业板ETF,-0.005854800936768156,3.7139431873843445,3.7548637198512695,-0.010898007363246198,2019-12-27,2019-12-27,2019-08-30,3.7548637198512695
2019-12-30,3.372,3.422,0.642,0.6506,1.695,1.764,3.422,3.372,0.0,0.0,Excel导入缓存,0.6506,0.642,0.0,0.0,Excel导入缓存,1.764,1.695,0.0,0.0,Excel导入缓存,0.037913254473763924,0.017241379310344973,0.06376716808371463,0.011504975124378092,0.06137184115523464,0.03886925795053009,纳指ETF,纳指ETF,创业板ETF,纳指ETF,0.03886925795053009,3.8583014031484004,3.8583014031484004,0.0,2020-01-03,2020-01-03,2020-01-03,3.8583014031484004
2020-01-06,3.496,3.419,0.6456,0.6738,1.756,1.831,3.496,3.419,0.0,0.0,Excel导入缓存,0.6738,0.6456,0.0,0.0,Excel导入缓存,1.831,1.756,0.0,0.0,Excel导入缓存,0.04812998160637649,-0.0008766803039158555,0.08327974276527317,0.03565939133107898,0.08151210868281145,0.03798185941043086,纳指ETF,纳指ETF,纳指ETF,纳指ETF,0.03565939133107898,3.9958860827565204,3.9958860827565204,0.0,2020-01-10,2020-01-10,2020-01-10,3.9958860827565204
2020-01-13,3.423,3.405,0.6698,0.6964,1.834,1.858,3.423,3.405,0.0,0.0,Excel导入缓存,0.6964,0.6698,0.0,0.0,Excel导入缓存,1.858,1.834,0.0,0.0,Excel导入缓存,0.031193216232586307,-0.00409476455103841,0.10434506818902634,0.033541110121698026,0.08782201405152223,0.01474604041507388,纳指ETF,纳指ETF,纳指ETF,纳指ETF,0.033541110121698026,4.129912537892017,4.129912537892017,0.0,2020-01-17,2020-01-17,2020-01-17,4.129912537892017
2020-01-20,3.407,3.432,0.6964,0.6956,1.862,1.853,3.432,3.407,0.0,0.0,Excel导入缓存,0.6964,0.6956,0.0,0.0,Excel导入缓存,1.862,1.853,0.0,0.0,Excel导入缓存,0.02021403091557672,0.007929515418502175,0.0814676616915424,-0.0011487650775416913,0.091283863368669,-0.002691065662002168,创业板ETF,创业板ETF,纳指ETF,创业板ETF,-0.0011487650775416913,4.125168238595185,4.129912537892017,-0.0011487650775418023,2020-01-23,2020-01-23,2020-01-17,4.129912537892017
2020-02-03,3.51,3.468,0.66,0.7414,1.67,1.94,3.51,3.468,0.0,0.0,Excel导入缓存,0.7414,0.66,0.0,0.0,Excel导入缓存,1.94,1.67,0.0,0.0,Excel导入缓存,0.013442431326709414,0.010489510489510412,0.13956347986474027,0.06584243818286373,0.09977324263038545,0.04695089044792233,纳指ETF,纳指ETF,创业板ETF,纳指ETF,0.04695089044792233,4.3188485606447164,4.3188485606447164,0.0,2020-02-07,2020-02-07,2020-02-07,4.3188485606447164
2020-02-10,3.491,3.494,0.7336,0.802,1.938,1.987,3.494,3.491,0.0,0.0,Excel导入缓存,0.802,0.7336,0.0,0.0,Excel导入缓存,1.987,1.938,0.0,0.0,Excel导入缓存,0.021936238666276697,0.007497116493656364,0.1902641733452064,0.08173725384407882,0.085199344620426,0.024226804123711476,纳指ETF,纳指ETF,纳指ETF,纳指ETF,0.08173725384407882,4.671859381760268,4.671859381760268,0.0,2020-02-14,2020-02-14,2020-02-14,4.671859381760268
2020-02-17,3.509,3.646,0.802,0.7438,2.005,2.145,3.646,3.509,0.0,0.0,Excel导入缓存,0.802,0.7438,0.0,0.0,Excel导入缓存,2.145,2.005,0.0,0.0,Excel导入缓存,0.07077826725403824,0.043503148254149915,0.06806433084434227,-0.07256857855361598,0.15446716899892343,0.07951685958731747,创业板ETF,创业板ETF,纳指ETF,创业板ETF,-0.07256857855361598,4.332829187223551,4.671859381760268,-0.07256857855361598,2020-02-21,2020-02-21,2020-02-14,4.671859381760268
2020-02-24,3.728,3.623,0.7252,0.6784,2.137,1.995,3.728,3.623,0.0,0.0,Excel导入缓存,0.7252,0.6784,0.0,0.0,Excel导入缓存,2.137,1.995,0.0,0.0,Excel导入缓存,0.0556526806526807,-0.006308283049917596,-0.024726854514088514,-0.08792686205969347,0.07663248785752841,-0.0699300699300699,创业板ETF,创业板ETF,创业板ETF,创业板ETF,-0.0699300699300699,4.02983413916596,4.671859381760268,-0.1374239227107057,2020-02-28,2020-02-28,2020-02-14,4.671859381760268
2020-03-02,3.549,3.686,0.6848,0.6986,2.026,2.111,3.686,3.549,0.0,0.0,Excel导入缓存,0.6986,0.6848,0.0,0.0,Excel导入缓存,2.111,2.026,0.0,0.0,Excel导入缓存,0.06286043829296428,0.01738890422301953,-0.057728621526840995,0.029775943396226356,0.08814432989690735,0.05814536340852139,创业板ETF,创业板ETF,创业板ETF,创业板ETF,0.05814536340852139,4.2641503096638305,4.671859381760268,-0.08726912322922287,2020-03-06,2020-03-06,2020-02-14,4.671859381760268
2020-03-09,3.716,3.503,0.6804,0.6432,2.068,1.952,3.716,3.503,0.0,0.0,Excel导入缓存,0.6804,0.6432,0.0,0.0,Excel导入缓存,2.068,1.952,0.0,0.0,Excel导入缓存,0.002575844304522068,-0.04964731416169288,-0.19800498753117213,-0.07930146006298311,-0.017614494212380594,-0.07531975367124599,黄金ETF,黄金ETF,创业板ETF,黄金ETF,-0.07531975367124599,3.9429755587227833,4.671859381760268,-0.15601578803573823,2020-03-13,2020-03-13,2020-02-14,4.671859381760268
2020-03-16,3.4,3.346,0.628,0.6326,1.953,1.847,3.4,3.346,0.0,0.0,Excel导入缓存,0.6326,0.628,0.0,0.0,Excel导入缓存,1.953,1.847,0.0,0.0,Excel导入缓存,-0.08228195282501372,-0.04481872680559518,-0.14950255445012095,-0.016480099502487522,-0.1389277389277389,-0.05379098360655732,黄金ETF,黄金ETF,黄金ETF,黄金ETF,-0.04481872680559518,3.7662564143552477,4.671859381760268,-0.19384208586000007,2020-03-20,2020-03-20,2020-02-14,4.671859381760268
2020-03-23,3.325,3.613,0.602,0.6318,1.79,1.83,3.613,3.325,0.0,0.0,Excel导入缓存,0.6318,0.602,0.0,0.0,Excel导入缓存,1.83,1.79,0.0,0.0,Excel导入缓存,-0.0027601435274634545,0.07979677226539139,-0.06869103773584906,-0.0012646221941194913,-0.08270676691729328,-0.00920411478072547,黄金ETF,黄金ETF,黄金ETF,黄金ETF,0.07979677226539139,4.066791519744623,4.671859381760268,-0.12951328637542758,2020-03-27,2020-03-27,2020-02-14,4.671859381760268
2020-03-30,3.597,3.575,0.6132,0.6158,1.807,1.834,3.597,3.575,0.0,0.0,Excel导入缓存,0.6158,0.6132,0.0,0.0,Excel导入缓存,1.834,1.807,0.0,0.0,Excel导入缓存,-0.03011394465545303,-0.010517575422086867,-0.1185227598053249,-0.025324469768914226,-0.13121743249644724,0.002185792349726823,黄金ETF,黄金ETF,黄金ETF,黄金ETF,-0.010517575422086867,4.024018733209806,4.671859381760268,-0.1386686960398985,2020-04-03,2020-04-03,2020-02-14,4.671859381760268
2020-04-07,3.686,3.672,0.638,0.6254,1.871,1.877,3.686,3.672,0.0,0.0,Excel导入缓存,0.638,0.6254,0.0,0.0,Excel导入缓存,1.877,1.871,0.0,0.0,Excel导入缓存,0.04824436197544957,0.027132867132867222,-0.02767412935323388,0.01558947710295544,-0.038422131147541005,0.023446019629225656,黄金ETF,黄金ETF,黄金ETF,黄金ETF,0.027132867132867222,4.133201898838156,4.671859381760268,-0.1152983082121698,2020-04-10,2020-04-10,2020-02-14,4.671859381760268
2020-04-13,3.675,3.668,0.6232,0.6752,1.872,1.943,3.675,3.668,0.0,0.0,Excel导入缓存,0.6752,0.6232,0.0,0.0,Excel导入缓存,1.943,1.872,0.0,0.0,Excel导入缓存,0.09623430962343105,-0.0010893246187363426,0.06734113183686374,0.07962903741605376,0.0519761775852734,0.03516249334043686,黄金ETF,黄金ETF,黄金ETF,黄金ETF,-0.0010893246187363426,4.128699500255544,4.671859381760268,-0.11626203554527192,2020-04-17,2020-04-17,2020-02-14,4.671859381760268
2020-04-20,3.634,3.77,0.6756,0.6898,1.945,1.93,3.77,3.634,0.0,0.0,Excel导入缓存,0.6898,0.6756,0.0,0.0,Excel导入缓存,1.945,1.93,0.0,0.0,Excel导入缓存,0.043454193191253765,0.02780806979280248,0.09180120291231386,0.02162322274881512,0.05464480874316924,-0.006690684508492084,纳指ETF,纳指ETF,黄金ETF,纳指ETF,0.02780806979280248,4.243510664112159,4.671859381760268,-0.09168698855116564,2020-04-24,2020-04-24,2020-02-14,4.671859381760268
2020-04-27,3.763,3.745,0.698,0.748,1.938,1.993,3.763,3.745,0.0,0.0,Excel导入缓存,0.748,0.698,0.0,0.0,Excel导入缓存,1.993,1.938,0.0,0.0,Excel导入缓存,0.047552447552447585,-0.006631299734747964,0.2146800909386164,0.08437228182081769,0.0866957470010905,0.032642487046632196,纳指ETF,纳指ETF,纳指ETF,纳指ETF,0.08437228182081769,4.601545341774275,4.671859381760268,-0.015050547167688944,2020-04-30,2020-04-30,2020-02-14,4.671859381760268
2020-05-06,3.748,3.768,0.7454,0.7578,1.98,2.042,3.768,3.748,0.0,0.0,Excel导入缓存,0.7578,0.7454,0.0,0.0,Excel导入缓存,2.042,1.98,0.0,0.0,Excel导入缓存,0.02614379084967311,0.006141522029372348,0.21170450911416716,0.013101604278074941,0.08790623335109204,0.02458605117912671,纳指ETF,纳指ETF,纳指ETF,纳指ETF,0.013101604278074941,4.661832967909821,4.671859381760268,-0.0021461292027734613,2020-05-08,2020-05-08,2020-02-14,4.671859381760268
2020-05-11,3.751,3.834,0.7636,0.722,2.054,2.042,3.834,3.751,0.0,0.0,Excel导入缓存,0.7636,0.722,0.0,0.0,Excel导入缓存,2.054,2.042,0.0,0.0,Excel导入缓存,0.045256270447110225,0.017515923566879144,0.0693127962085307,-0.047242016363156614,0.050952135872362136,0.0,纳指ETF,纳指ETF,纳指ETF,纳指ETF,-0.047242016363156614,4.441598578557523,4.671859381760268,-0.04928675809501515,2020-05-15,2020-05-15,2020-02-14,4.671859381760268
2020-05-18,3.9,3.865,0.728,0.719,2.045,1.972,3.9,3.865,0.0,0.0,Excel导入缓存,0.728,0.719,0.0,0.0,Excel导入缓存,2.045,1.972,0.0,0.0,Excel导入缓存,0.025198938992042397,0.008085550339071546,0.04233111046680205,-0.0041551246537395725,0.021761658031088205,-0.03428011753183147,纳指ETF,纳指ETF,纳指ETF,纳指ETF,-0.0041551246537395725,4.423143182801744,4.671859381760268,-0.05323709012509115,2020-05-22,2020-05-22,2020-02-14,4.671859381760268
2020-05-25,3.855,3.864,0.725,0.7462,1.968,2.006,3.864,3.855,0.0,0.0,Excel导入缓存,0.7462,0.725,0.0,0.0,Excel导入缓存,2.006,1.968,0.0,0.0,Excel导入缓存,0.031775700934579376,-0.00025873221216055065,-0.002406417112299497,0.03783031988873442,0.006522829904666239,0.01724137931034475,黄金ETF,黄金ETF,纳指ETF,黄金ETF,0.03783031988873442,4.590472104320809,4.671859381760268,-0.01742074638573432,2020-05-29,2020-05-29,2020-02-14,4.671859381760268
2020-06-01,3.881,3.818,0.754,0.7588,2.024,2.087,3.881,3.818,0.0,0.0,Excel导入缓存,0.7588,0.754,0.0,0.0,Excel导入缓存,2.087,2.024,0.0,0.0,Excel导入缓存,0.013269639065817573,-0.011904761904761862,0.0013196093956189259,0.016885553470919357,0.022037218413320403,0.040378863409770815,创业板ETF,创业板ETF,黄金ETF,创业板ETF,-0.011904761904761862,4.535823626888418,4.671859381760268,-0.02911811845257084,2020-06-05,2020-06-05,2020-02-14,4.671859381760268
2020-06-08,3.774,3.855,0.7642,0.7448,2.101,2.141,3.855,3.774,0.0,0.0,Excel导入缓存,0.7642,0.7448,0.0,0.0,Excel导入缓存,2.141,2.101,0.0,0.0,Excel导入缓存,0.005477308294209671,0.009690937663698218,0.03157894736842115,-0.01845018450184499,0.0484818805093048,0.02587446094873025,创业板ETF,创业板ETF,创业板ETF,创业板ETF,0.02587446094873025,4.653185618192671,4.671859381760268,-0.003997073122642081,2020-06-12,2020-06-12,2020-02-14,4.671859381760268
2020-06-15,3.86,3.844,0.742,0.7602,2.143,2.238,3.86,3.844,0.0,0.0,Excel导入缓存,0.7602,0.742,0.0,0.0,Excel导入缓存,2.238,2.143,0.0,0.0,Excel导入缓存,-0.005433376455368788,-0.0028534370946822207,0.05730180806675933,0.020676691729323293,0.1348884381338742,0.04530593180756659,创业板ETF,创业板ETF,创业板ETF,创业板ETF,0.04530593180756659,4.864002528498458,4.864002528498458,0.0,2020-06-19,2020-06-19,2020-06-19,4.864002528498458
2020-06-22,3.891,3.909,0.7588,0.7654,2.246,2.307,3.909,3.891,0.0,0.0,Excel导入缓存,0.7654,0.7588,0.0,0.0,Excel导入缓存,2.307,2.246,0.0,0.0,Excel导入缓存,0.01164596273291929,0.016909469302809566,0.025730367193781856,0.006840305182846507,0.15004985044865404,0.030831099195710365,创业板ETF,创业板ETF,创业板ETF,创业板ETF,0.030831099195710365,5.01396507294278,5.01396507294278,0.0,2020-06-24,2020-06-24,2020-06-24,5.01396507294278
2020-06-29,3.917,3.915,0.7514,0.7602,2.292,2.38,3.917,3.915,0.0,0.0,Excel导入缓存,0.7602,0.7514,0.0,0.0,Excel导入缓存,2.38,2.292,0.0,0.0,Excel导入缓存,0.02540597171293868,0.0015349194167306734,0.0018450184501843658,-0.006793833289783113,0.1403929084810731,0.03164282618118763,创业板ETF,创业板ETF,创业板ETF,创业板ETF,0.03164282618118763,5.172621098224454,5.172621098224454,0.0,2020-07-03,2020-07-03,2020-07-03,5.172621098224454
2020-07-06,3.912,3.925,0.7604,0.7688,2.384,2.685,3.925,3.912,0.0,0.0,Excel导入缓存,0.7688,0.7604,0.0,0.0,Excel导入缓存,2.685,2.384,0.0,0.0,Excel导入缓存,0.018158236057068677,0.0025542784163472554,0.03222341568206222,0.011312812417784812,0.25408687529191964,0.12815126050420167,创业板ETF,创业板ETF,创业板ETF,创业板ETF,0.12815126050420167,5.835499012072545,5.835499012072545,0.0,2020-07-10,2020-07-10,2020-07-10,5.835499012072545
2020-07-13,3.938,3.904,0.7806,0.7734,2.693,2.583,3.938,3.904,0.0,0.0,Excel导入缓存,0.7806,0.7734,0.0,0.0,Excel导入缓存,2.693,2.583,0.0,0.0,Excel导入缓存,0.015608740894901052,-0.005350318471337601,0.017363851617995252,0.005983350676378674,0.15415549597855227,-0.03798882681564242,创业板ETF,创业板ETF,创业板ETF,创业板ETF,-0.03798882681564242,5.6138152507200685,5.835499012072545,-0.03798882681564253,2020-07-17,2020-07-17,2020-07-10,5.835499012072545
2020-07-20,3.916,4.11,0.774,0.7678,2.62,2.537,4.11,3.916,0.0,0.0,Excel导入缓存,0.774,0.7678,0.0,0.0,Excel导入缓存,2.62,2.537,0.0,0.0,Excel导入缓存,0.051419800460476006,0.052766393442623016,0.003135615364515454,-0.007240755107318253,0.09969657563935841,-0.017808749516066702,创业板ETF,创业板ETF,创业板ETF,创业板ETF,-0.017808749516066702,5.513840221090519,5.835499012072545,-0.0551210428305402,2020-07-24,2020-07-24,2020-07-10,5.835499012072545
2020-07-27,4.165,4.216,0.766,0.7844,2.544,2.708,4.216,4.165,0.0,0.0,Excel导入缓存,0.7844,0.766,0.0,0.0,Excel导入缓存,2.708,2.544,0.0,0.0,Excel导入缓存,0.07688378033205634,0.025790754257907444,0.031833727966324554,0.021620213597290938,0.13781512605042034,0.06740244383129701,创业板ETF,创业板ETF,创业板ETF,创业板ETF,0.06740244383129701,5.885486526887319,5.885486526887319,0.0,2020-07-31,2020-07-31,2020-07-31,5.885486526887319
2020-08-03,4.212,4.38,0.788,0.801,2.734,2.657,4.38,4.212,0.0,0.0,Excel导入缓存,0.801,0.788,0.0,0.0,Excel导入缓存,2.734,2.657,0.0,0.0,Excel导入缓存,0.11592356687898087,0.03889943074003788,0.04188345473465138,0.02116267210606848,-0.010428305400372428,-0.018833087149187633,黄金ETF,黄金ETF,创业板ETF,黄金ETF,-0.018833087149187633,5.7746446462110805,5.885486526887319,-0.018833087149187633,2020-08-07,2020-08-07,2020-07-31,5.885486526887319
2020-08-10,4.335,4.087,0.7958,0.8118,2.641,2.579,4.335,4.087,0.0,0.0,Excel导入缓存,0.8118,0.7958,0.0,0.0,Excel导入缓存,2.641,2.579,0.0,0.0,Excel导入缓存,0.046875,-0.06689497716894977,0.049650892164468496,0.01348314606741563,-0.0015485869144405973,-0.029356417011667246,纳指ETF,纳指ETF,黄金ETF,纳指ETF,-0.06689497716894977,5.388349924443992,5.885486526887319,-0.08446822538327159,2020-08-14,2020-08-14,2020-07-31,5.885486526887319
2020-08-17,4.092,4.092,0.8116,0.8412,2.591,2.546,4.092,4.092,0.0,0.0,Excel导入缓存,0.8412,0.8116,0.0,0.0,Excel导入缓存,2.591,2.546,0.0,0.0,Excel导入缓存,-0.004379562043795748,0.0012233912405186231,0.09559781193019012,0.036215816703621506,0.0035474970437523456,-0.012795657231485236,纳指ETF,纳指ETF,纳指ETF,纳指ETF,0.036215816703621506,5.583493417642629,5.885486526887319,-0.0513114944474109,2020-08-21,2020-08-21,2020-07-31,5.885486526887319
2020-08-24,4.042,4.108,0.852,0.9596,2.563,2.666,4.108,4.042,0.0,0.0,Excel导入缓存,0.9596,0.852,0.0,0.0,Excel导入缓存,2.666,2.563,0.0,0.0,Excel导入缓存,-0.02561669829222024,0.003910068426197455,0.22335543090260068,0.14075130765573007,-0.015509601181683985,0.04713275726630006,纳指ETF,纳指ETF,纳指ETF,纳指ETF,0.14075130765573007,6.3693774174629905,6.3693774174629905,0.0,2020-08-28,2020-08-28,2020-08-28,6.3693774174629905
2020-08-31,4.138,4.065,0.9708,0.9692,2.676,2.638,4.138,4.065,0.0,0.0,Excel导入缓存,0.9708,0.9692,0.0,0.0,Excel导入缓存,2.676,2.638,0.0,0.0,Excel导入缓存,-0.07191780821917793,-0.010467380720545094,0.2099875156054931,0.01000416840350149,-0.007150922092585721,-0.010502625656414133,纳指ETF,纳指ETF,纳指ETF,纳指ETF,0.01000416840350149,6.43309774177275,6.43309774177275,0.0,2020-09-04,2020-09-04,2020-09-04,6.43309774177275
2020-09-07,4.079,4.088,0.956,0.9048,2.628,2.449,4.088,4.079,0.0,0.0,Excel导入缓存,0.956,0.9048,0.0,0.0,Excel导入缓存,2.628,2.449,0.0,0.0,Excel导入缓存,0.00024467824810381344,0.005658056580565729,0.11456023651145619,-0.06644655385885256,-0.05040713454827461,-0.07164518574677792,纳指ETF,纳指ETF,纳指ETF,纳指ETF,-0.06644655385885256,6.005640566194784,6.43309774177275,-0.06644655385885256,2020-09-11,2020-09-11,2020-09-04,6.43309774177275
2020-09-14,4.088,4.077,0.9066,0.9518,2.476,2.513,4.088,4.077,0.0,0.0,Excel导入缓存,0.9518,0.9066,0.0,0.0,Excel导入缓存,2.513,2.476,0.0,0.0,Excel导入缓存,-0.003665689149560003,-0.0026908023483366295,0.13147883975273422,0.05194518125552605,-0.0129615082482325,0.0261331155573703,纳指ETF,纳指ETF,纳指ETF,纳指ETF,0.05194518125552605,6.317604653961312,6.43309774177275,-0.017952950887329733,2020-09-18,2020-09-18,2020-09-04,6.43309774177275
2020-09-21,4.085,3.928,0.948,0.8894,2.516,2.457,4.085,3.928,0.0,0.0,Excel导入缓存,0.948,0.8894,0.0,0.0,Excel导入缓存,2.516,2.457,0.0,0.0,Excel导入缓存,-0.043816942551119675,-0.03654648025508955,-0.07315548145060446,-0.06555999159487291,-0.07839459864966247,-0.02228412256267409,黄金ETF,黄金ETF,纳指ETF,黄金ETF,-0.06555999159487291,5.903422545947878,6.43309774177275,-0.08233594717292625,2020-09-25,2020-09-25,2020-09-04,6.43309774177275
2020-09-28,3.922,3.975,0.9068,0.9104,2.465,2.489,3.975,3.922,0.0,0.0,Excel导入缓存,0.9104,0.9068,0.0,0.0,Excel导入缓存,2.489,2.465,0.0,0.0,Excel导入缓存,-0.022140221402214055,0.011965376782077541,-0.06066859265373503,0.023611423431527,-0.056482183472327585,0.013024013024013126,黄金ETF,黄金ETF,黄金ETF,黄金ETF,0.011965376782077541,5.974059221013956,6.43309774177275,-0.07135575102148195,2020-09-30,2020-09-30,2020-09-04,6.43309774177275
2020-10-09,3.962,3.972,0.9376,0.9292,2.539,2.581,3.972,3.962,0.0,0.0,Excel导入缓存,0.9376,0.9292,0.0,0.0,Excel导入缓存,2.581,2.539,0.0,0.0,Excel导入缓存,-0.02837573385518588,-0.0007547169811320531,0.02696728558797523,0.02065026362038669,0.053899550837076315,0.03696263559662527,创业板ETF,创业板ETF,黄金ETF,创业板ETF,-0.0007547169811320531,5.969550497073568,6.43309774177275,-0.07205661460561663,2020-10-09,2020-10-09,2020-09-04,6.43309774177275
2020-10-12,4.019,3.965,0.9366,0.9166,2.606,2.634,4.019,3.965,0.0,0.0,Excel导入缓存,0.9366,0.9166,0.0,0.0,Excel导入缓存,2.634,2.606,0.0,0.0,Excel导入缓存,-0.027471179789060662,-0.0017623363544814197,-0.03698255936121031,-0.013560051657339756,0.04814962196577799,0.020534676481983594,创业板ETF,创业板ETF,创业板ETF,创业板ETF,0.020534676481983594,6.092133285273838,6.43309774177275,-0.05300159739294641,2020-10-16,2020-10-16,2020-09-04,6.43309774177275
2020-10-19,3.954,3.955,0.9214,0.9022,2.648,2.516,3.955,3.954,0.0,0.0,Excel导入缓存,0.9214,0.9022,0.0,0.0,Excel导入缓存,2.648,2.516,0.0,0.0,Excel导入缓存,0.006873727087576498,-0.0025220680958385477,0.014391724758264113,-0.015710233471525115,0.024013024013024076,-0.04479878511769164,创业板ETF,创业板ETF,创业板ETF,创业板ETF,-0.04479878511769164,5.819213115318519,6.43309774177275,-0.09542597533813701,2020-10-23,2020-10-23,2020-09-04,6.43309774177275
2020-10-26,3.947,3.897,0.902,0.8504,2.5,2.563,3.947,3.897,0.0,0.0,Excel导入缓存,0.902,0.8504,0.0,0.0,Excel导入缓存,2.563,2.5,0.0,0.0,Excel导入缓存,-0.019622641509434047,-0.014664981036662472,-0.06590509666080835,-0.05741520727111504,0.02973081558858981,0.018680445151033398,创业板ETF,创业板ETF,创业板ETF,创业板ETF,0.018680445151033398,5.9279186067414,6.43309774177275,-0.0785281298853916,2020-10-30,2020-10-30,2020-09-04,6.43309774177275
2020-11-02,3.914,4.001,0.8502,0.8966,2.57,2.637,4.001,3.914,0.0,0.0,Excel导入缓存,0.8966,0.8502,0.0,0.0,Excel导入缓存,2.637,2.57,0.0,0.0,Excel导入缓存,0.007301107754279945,0.02668719527841934,-0.035083943176926424,0.0543273753527751,0.02169701666020929,0.028872415138509577,创业板ETF,创业板ETF,创业板ETF,创业板ETF,0.028872415138509577,6.099071933662533,6.43309774177275,-0.05192301151298384,2020-11-06,2020-11-06,2020-09-04,6.43309774177275
2020-11-09,4.014,3.891,0.916,0.877,2.653,2.619,4.014,3.891,0.0,0.0,Excel导入缓存,0.916,0.877,0.0,0.0,Excel导入缓存,2.653,2.619,0.0,0.0,Excel导入缓存,-0.018663303909205564,-0.027493126718320493,-0.04320314204669429,-0.021860361365157233,-0.005694760820045386,-0.0068259385665527805,创业板ETF,创业板ETF,创业板ETF,创业板ETF,-0.0068259385665527805,6.057440043330367,6.43309774177275,-0.05839452679275858,2020-11-13,2020-11-13,2020-09-04,6.43309774177275
2020-11-16,3.905,3.844,0.8826,0.8608,2.626,2.576,3.905,3.844,0.0,0.0,Excel导入缓存,0.8826,0.8608,0.0,0.0,Excel导入缓存,2.626,2.576,0.0,0.0,Excel导入缓存,-0.02806573957016445,-0.012079157029041387,-0.04588782974950123,-0.01847206385404787,0.0238473767885532,-0.016418480336006125,创业板ETF,创业板ETF,创业板ETF,创业板ETF,-0.016418480336006125,5.957986083092411,6.43309774177275,-0.07385425773888732,2020-11-20,2020-11-20,2020-09-04,6.43309774177275
2020-11-23,3.851,3.721,0.8604,0.8626,2.579,2.532,3.851,3.721,0.0,0.0,Excel导入缓存,0.8626,0.8604,0.0,0.0,Excel导入缓存,2.579,2.532,0.0,0.0,Excel导入缓存,-0.045162945855786396,-0.03199791883454728,0.014346190028222017,0.0020910780669145534,-0.012095200936402706,-0.017080745341614967,纳指ETF,纳指ETF,创业板ETF,纳指ETF,-0.017080745341614967,5.856219240058223,6.43309774177275,-0.08967351731167039,2020-11-27,2020-11-27,2020-09-04,6.43309774177275
2020-11-30,3.656,3.754,0.863,0.8698,2.532,2.637,3.754,3.656,0.0,0.0,Excel导入缓存,0.8698,0.863,0.0,0.0,Excel导入缓存,2.637,2.532,0.0,0.0,Excel导入缓存,-0.06173456635841046,0.008868583714055411,-0.029890698193174137,0.008346858335265495,0.0,0.041469194312796276,创业板ETF,创业板ETF,纳指ETF,创业板ETF,0.008346858335265495,5.905100272435246,6.43309774177275,-0.08207515112183039,2020-12-04,2020-12-04,2020-09-04,6.43309774177275
2020-12-07,3.738,3.739,0.8698,0.8412,2.625,2.601,3.739,3.738,0.0,0.0,Excel导入缓存,0.8698,0.8412,0.0,0.0,Excel导入缓存,2.625,2.601,0.0,0.0,Excel导入缓存,-0.039064507838601936,-0.003995737879595174,-0.04082098061573547,-0.032881122097033866,-0.0068728522336770626,-0.013651877133105783,创业板ETF,创业板ETF,创业板ETF,创业板ETF,-0.013651877133105783,5.82448456905729,6.43309774177275,-0.09460654837613991,2020-12-11,2020-12-11,2020-09-04,6.43309774177275
2020-12-14,3.742,3.84,0.8414,0.8606,2.6,2.688,3.84,3.742,0.0,0.0,Excel导入缓存,0.8606,0.8414,0.0,0.0,Excel导入缓存,2.688,2.6,0.0,0.0,Excel导入缓存,-0.0010405827263267886,0.027012570205937392,-0.00023234200743493805,0.023062291963861226,0.04347826086956519,0.033448673587082034,创业板ETF,创业板ETF,创业板ETF,创业板ETF,0.033448673587082034,6.0193058522206835,6.43309774177275,-0.06432233834489187,2020-12-18,2020-12-18,2020-09-04,6.43309774177275
2020-12-21,3.878,3.853,0.8602,0.8644,2.687,2.749,3.878,3.853,0.0,0.0,Excel导入缓存,0.8644,0.8602,0.0,0.0,Excel导入缓存,2.749,2.687,0.0,0.0,Excel导入缓存,0.03547433485622142,0.0033854166666666963,0.0020867145838163736,0.004415524052986175,0.08570300157977884,0.022693452380952328,创业板ETF,创业板ETF,创业板ETF,创业板ETF,0.022693452380952328,6.155904682944441,6.43309774177275,-0.043088581886200905,2020-12-25,2020-12-25,2020-09-04,6.43309774177275
2020-12-28,3.875,3.85,0.8646,0.8752,2.748,2.866,3.875,3.85,0.0,0.0,Excel导入缓存,0.8752,0.8646,0.0,0.0,Excel导入缓存,2.866,2.748,0.0,0.0,Excel导入缓存,0.025572722429408667,-0.0007786140669608921,0.006208323752586731,0.012494215640907136,0.08684110731892303,0.04256093124772642,创业板ETF,创业板ETF,创业板ETF,创业板ETF,0.04256093124772642,6.417905718922796,6.43309774177275,-0.002361540809695084,2020-12-31,2020-12-31,2020-09-04,6.43309774177275
2021-01-04,3.897,3.878,0.8738,0.8636,2.864,3.036,3.897,3.878,0.0,0.0,Excel导入缓存,0.8738,0.8636,0.0,0.0,Excel导入缓存,3.036,2.864,0.0,0.0,Excel导入缓存,0.037175715431933654,0.0072727272727273196,0.02662862577270575,-0.013254113345520957,0.1672433679354095,0.05931612002791353,创业板ETF,创业板ETF,创业板ETF,创业板ETF,0.05931612002791353,6.798590984874253,6.798590984874253,0.0,2021-01-08,2021-01-08,2021-01-08,6.798590984874253
2021-01-11,3.73,3.785,0.8684,0.8536,3.052,2.99,3.785,3.73,0.0,0.0,Excel导入缓存,0.8684,0.8536,0.0,0.0,Excel导入缓存,3.052,2.99,0.0,0.0,Excel导入缓存,-0.01432291666666663,-0.023981433728726187,-0.008133860097606305,-0.011579434923575715,0.11235119047619047,-0.015151515151515138,创业板ETF,创业板ETF,创业板ETF,创业板ETF,-0.015151515151515138,6.6955820305579765,6.798590984874253,-0.015151515151515138,2021-01-15,2021-01-15,2021-01-08,6.798590984874253
2021-01-18,3.741,3.806,0.851,0.8866,2.969,3.241,3.806,3.741,0.0,0.0,Excel导入缓存,0.8866,0.851,0.0,0.0,Excel导入缓存,3.241,2.969,0.0,0.0,Excel导入缓存,-0.01219828704905268,0.005548216644649884,0.025682554372975508,0.038659793814433074,0.17897417242633673,0.08394648829431439,创业板ETF,创业板ETF,创业板ETF,创业板ETF,0.08394648829431439,7.257652629109834,7.257652629109834,0.0,2021-01-22,2021-01-22,2021-01-22,7.257652629109834
2021-01-25,3.807,3.779,0.8888,0.8656,3.242,3.029,3.807,3.779,0.0,0.0,Excel导入缓存,0.8888,0.8656,0.0,0.0,Excel导入缓存,3.242,3.029,0.0,0.0,Excel导入缓存,-0.01844155844155848,-0.0070940620073568494,-0.010968921389396646,-0.023685991427926933,0.05687369155617583,-0.06541190990435053,创业板ETF,创业板ETF,创业板ETF,创业板ETF,-0.06541190990435053,6.782915709217429,7.257652629109834,-0.06541190990435053,2021-01-29,2021-01-29,2021-01-22,7.257652629109834
2021-02-01,3.778,3.682,0.853,0.9016,3.024,3.084,3.778,3.682,0.0,0.0,Excel导入缓存,0.9016,0.853,0.0,0.0,Excel导入缓存,3.084,3.024,0.0,0.0,Excel导入缓存,-0.05054151624548742,-0.02566816618152945,0.044001852709587785,0.04158964879852123,0.015810276679841806,0.01815780785737875,纳指ETF,纳指ETF,创业板ETF,纳指ETF,0.01815780785737875,6.906078589378195,7.257652629109834,-0.0484418389385991,2021-02-05,2021-02-05,2021-01-22,7.257652629109834
2021-02-08,3.708,3.756,0.9052,0.9106,3.171,3.293,3.756,3.708,0.0,0.0,Excel导入缓存,0.9106,0.9052,0.0,0.0,Excel导入缓存,3.293,3.171,0.0,0.0,Excel导入缓存,-0.0076618229854690245,0.020097772949484005,0.06677600749765689,0.009982253771073646,0.10133779264214038,0.06776913099870296,创业板ETF,创业板ETF,纳指ETF,创业板ETF,0.009982253771073646,6.975016818420347,7.257652629109834,-0.038943143896947974,2021-02-10,2021-02-10,2021-01-22,7.257652629109834
2021-02-18,3.645,3.635,0.904,0.905,3.353,3.17,3.645,3.635,0.0,0.0,Excel导入缓存,0.905,0.904,0.0,0.0,Excel导入缓存,3.353,3.17,0.0,0.0,Excel导入缓存,-0.04492905937992653,-0.032215122470713564,0.02075344010827873,-0.006149791346364952,-0.021906818883060786,-0.03735195870027341,纳指ETF,纳指ETF,创业板ETF,纳指ETF,-0.03735195870027341,6.714486278284998,7.257652629109834,-0.07484049989472374,2021-02-19,2021-02-19,2021-01-22,7.257652629109834
2021-02-22,3.664,3.613,0.9048,0.8492,3.156,2.814,3.664,3.613,0.0,0.0,Excel导入缓存,0.9048,0.8492,0.0,0.0,Excel导入缓存,3.156,2.814,0.0,0.0,Excel导入缓存,-0.043926964805504065,-0.006052269601100391,-0.018946395563770868,-0.061657458563535994,-0.07098052162429835,-0.11230283911671923,纳指ETF,纳指ETF,纳指ETF,纳指ETF,-0.061657458563535994,6.30048811880621,7.257652629109834,-0.13188348343712641,2021-02-26,2021-02-26,2021-01-22,7.257652629109834
2021-03-01,3.572,3.482,0.8618,0.8368,2.85,2.772,3.572,3.482,0.0,0.0,Excel导入缓存,0.8618,0.8368,0.0,0.0,Excel导入缓存,2.85,2.772,0.0,0.0,Excel导入缓存,-0.05431830526887549,-0.03625795737614168,-0.07187222715173025,-0.014601978332548282,-0.10116731517509736,-0.014925373134328401,黄金ETF,黄金ETF,纳指ETF,黄金ETF,-0.014601978332548282,6.208488527810924,7.257652629109834,-0.14455970200210477,2021-03-05,2021-03-05,2021-01-22,7.257652629109834
2021-03-08,3.523,3.524,0.846,0.8646,2.783,2.658,3.524,3.523,0.0,0.0,Excel导入缓存,0.8646,0.846,0.0,0.0,Excel导入缓存,2.783,2.658,0.0,0.0,Excel导入缓存,-0.06176783812566555,0.012062033314187204,-0.05051614320228415,0.033221797323135904,-0.19283328272092326,-0.04112554112554112,纳指ETF,纳指ETF,黄金ETF,纳指ETF,0.012062033314187204,6.283375523264128,7.257652629109834,-0.13424135262935588,2021-03-12,2021-03-12,2021-01-22,7.257652629109834
2021-03-15,3.573,3.59,0.8668,0.8534,2.64,2.579,3.59,3.573,0.0,0.0,Excel导入缓存,0.8668,0.8534,0.0,0.0,Excel导入缓存,2.64,2.579,0.0,0.0,Excel导入缓存,-0.012379642365887178,0.018728717366628844,-0.05701657458563536,-0.01295396715244046,-0.18643533123028388,-0.029721595184349026,黄金ETF,黄金ETF,纳指ETF,黄金ETF,-0.01295396715244046,6.201980883129316,7.257652629109834,-0.14545636170933662,2021-03-19,2021-03-19,2021-01-22,7.257652629109834
2021-03-22,3.581,3.579,0.8548,0.8642,2.583,2.65,3.581,3.579,0.0,0.0,Excel导入缓存,0.8642,0.8548,0.0,0.0,Excel导入缓存,2.65,2.583,0.0,0.0,Excel导入缓存,-0.00941046221976194,-0.0030640668523675973,0.017663683466792257,0.01265526130771022,-0.05828002842928226,0.02753005040713452,纳指ETF,纳指ETF,黄金ETF,纳指ETF,-0.0030640668523675973,6.1829775990863025,7.257652629109834,-0.14807474054532455,2021-03-26,2021-03-26,2021-01-22,7.257652629109834
2021-03-29,3.58,3.613,0.862,0.896,2.644,2.756,3.613,3.58,0.0,0.0,Excel导入缓存,0.896,0.862,0.0,0.0,Excel导入缓存,2.756,2.644,0.0,0.0,Excel导入缓存,0.03762205628948867,0.009499860296172002,0.07074569789674956,0.03679703772274934,-0.005772005772005762,0.040000000000000036,纳指ETF,纳指ETF,纳指ETF,纳指ETF,0.03679703772274934,6.410492859038795,7.257652629109834,-0.11672641463620781,2021-04-02,2021-04-02,2021-01-22,7.257652629109834
2021-04-06,3.607,3.631,0.9118,0.921,2.762,2.69,3.631,3.607,0.0,0.0,Excel导入缓存,0.921,0.9118,0.0,0.0,Excel导入缓存,2.762,2.69,0.0,0.0,Excel导入缓存,0.030363223609534584,0.004982009410462229,0.06523247744621785,0.02790178571428581,0.012039127163280705,-0.02394775036284469,纳指ETF,纳指ETF,纳指ETF,纳指ETF,0.02790178571428581,6.589357057114655,7.257652629109834,-0.09208150433029838,2021-04-09,2021-04-09,2021-01-22,7.257652629109834
2021-04-12,3.615,3.643,0.9262,0.9362,2.683,2.688,3.643,3.615,0.0,0.0,Excel导入缓存,0.9362,0.9262,0.0,0.0,Excel导入缓存,2.688,2.683,0.0,0.0,Excel导入缓存,0.014763231197771676,0.003304874690168047,0.09702367002577916,0.016503800217155362,0.04226444358278392,-0.0007434944237917351,纳指ETF,纳指ETF,纳指ETF,纳指ETF,0.016503800217155362,6.698106489544778,7.257652629109834,-0.07709739886430544,2021-04-16,2021-04-16,2021-01-22,7.257652629109834
2021-04-19,3.671,3.669,0.938,0.9146,2.681,2.891,3.671,3.669,0.0,0.0,Excel导入缓存,0.938,0.9146,0.0,0.0,Excel导入缓存,2.891,2.681,0.0,0.0,Excel导入缓存,0.025146689019279078,0.0071369750205874105,0.058319833371904606,-0.023071993163854,0.09094339622641523,0.07552083333333326,创业板ETF,创业板ETF,纳指ETF,创业板ETF,-0.023071993163854,6.543567822407235,7.257652629109834,-0.09839060136861122,2021-04-23,2021-04-23,2021-01-22,7.257652629109834
2021-04-26,3.651,3.625,0.9256,0.924,2.91,2.989,3.651,3.625,0.0,0.0,Excel导入缓存,0.9256,0.924,0.0,0.0,Excel导入缓存,2.989,2.91,0.0,0.0,Excel导入缓存,0.0033213396069748935,-0.011992368492777294,0.03125,0.010277717034769429,0.08454281567489108,0.03389830508474567,创业板ETF,创业板ETF,创业板ETF,创业板ETF,0.03389830508474567,6.765383680793921,7.257652629109834,-0.06782757090653024,2021-04-30,2021-04-30,2021-01-22,7.257652629109834
2021-05-06,3.664,3.717,0.9,0.9006,2.963,2.819,3.717,3.664,0.0,0.0,Excel导入缓存,0.9006,0.9,0.0,0.0,Excel导入缓存,2.963,2.819,0.0,0.0,Excel导入缓存,0.02368493527953741,0.025379310344827655,-0.022149837133550565,-0.025324675324675416,0.04795539033457241,-0.05687520910003341,创业板ETF,创业板ETF,创业板ETF,创业板ETF,-0.05687520910003341,6.380601069306813,7.257652629109834,-0.12084507272850742,2021-05-07,2021-05-07,2021-01-22,7.257652629109834
2021-05-10,3.724,3.74,0.906,0.8786,2.82,2.937,3.74,3.724,0.0,0.0,Excel导入缓存,0.906,0.8786,0.0,0.0,Excel导入缓存,2.937,2.82,0.0,0.0,Excel导入缓存,0.02662640680757633,0.0061877858488028625,-0.06152531510361037,-0.02442815900510764,0.09263392857142838,0.04185881518268886,创业板ETF,创业板ETF,创业板ETF,创业板ETF,0.04185881518268886,6.647685470221394,7.257652629109834,-0.08404468911089968,2021-05-14,2021-05-14,2021-01-22,7.257652629109834
2021-05-17,3.781,3.816,0.8852,0.8938,2.945,3.012,3.816,3.781,0.0,0.0,Excel导入缓存,0.8938,0.8852,0.0,0.0,Excel导入缓存,3.012,2.945,0.0,0.0,Excel导入缓存,0.04006541291905141,0.02032085561497321,-0.022742182374808628,0.017300250398361028,0.041854029747492305,0.025536261491317713,创业板ETF,创业板ETF,创业板ETF,创业板ETF,0.025536261491317713,6.817442504701001,7.257652629109834,-0.06065461477767442,2021-05-21,2021-05-21,2021-01-22,7.257652629109834
2021-05-24,3.836,3.8,0.8898,0.8966,3.01,3.121,3.836,3.8,0.0,0.0,Excel导入缓存,0.8966,0.8898,0.0,0.0,Excel导入缓存,3.121,3.01,0.0,0.0,Excel导入缓存,0.04827586206896539,-0.004192872117400381,-0.02965367965367971,0.0031326918773773027,0.04416192706590838,0.036188579017264244,黄金ETF,黄金ETF,创业板ETF,黄金ETF,0.036188579017264244,7.0641560614780285,7.257652629109834,-0.026661040080053766,2021-05-28,2021-05-28,2021-01-22,7.257652629109834
2021-05-31,3.836,3.732,0.8966,0.8882,3.13,3.141,3.836,3.732,0.0,0.0,Excel导入缓存,0.8966,0.8882,0.0,0.0,Excel导入缓存,3.141,3.13,0.0,0.0,Excel导入缓存,0.004035512510088823,-0.017894736842105186,-0.013768598711969782,-0.009368726299353036,0.11422490244767647,0.006408202499198934,创业板ETF,创业板ETF,黄金ETF,创业板ETF,-0.017894736842105186,6.937744847746317,7.257652629109834,-0.04407868462598963,2021-06-04,2021-06-04,2021-01-22,7.257652629109834
2021-06-07,3.759,3.796,0.8996,0.9126,3.136,3.195,3.796,3.759,0.0,0.0,Excel导入缓存,0.9126,0.8996,0.0,0.0,Excel导入缓存,3.195,3.136,0.0,0.0,Excel导入缓存,0.014973262032085488,0.017148981779206762,0.03869792852264964,0.02747129024994366,0.08784473953013272,0.017191977077363862,创业板ETF,创业板ETF,创业板ETF,创业板ETF,0.017191977077363862,7.057018398137371,7.257652629109834,-0.02764450728431611,2021-06-11,2021-06-11,2021-01-22,7.257652629109834
2021-06-15,3.72,3.623,0.9212,0.9368,3.191,3.137,3.72,3.623,0.0,0.0,Excel导入缓存,0.9368,0.9212,0.0,0.0,Excel导入缓存,3.191,3.137,0.0,0.0,Excel导入缓存,-0.050576519916142426,-0.0455742887249736,0.04810919668829716,0.02651764190225725,0.04150066401062413,-0.018153364632237823,纳指ETF,纳指ETF,创业板ETF,纳指ETF,-0.018153364632237823,6.9289097699395725,7.257652629109834,-0.045296031095743206,2021-06-18,2021-06-18,2021-01-22,7.257652629109834
2021-06-21,3.615,3.624,0.9278,0.9516,3.127,3.243,3.624,3.615,0.0,0.0,Excel导入缓存,0.9516,0.9278,0.0,0.0,Excel导入缓存,3.243,3.127,0.0,0.0,Excel导入缓存,-0.04631578947368409,0.00027601435274626773,0.06134285076957391,0.015798462852263162,0.039090035245113786,0.03379024545744347,纳指ETF,纳指ETF,纳指ETF,纳指ETF,0.015798462852263162,7.038375893546646,7.257652629109834,-0.03021317590810113,2021-06-25,2021-06-25,2021-01-22,7.257652629109834
2021-06-28,3.618,3.633,0.95,0.9656,3.238,3.227,3.633,3.618,0.0,0.0,Excel导入缓存,0.9656,0.95,0.0,0.0,Excel导入缓存,3.238,3.227,0.0,0.0,Excel导入缓存,-0.026527331189710623,0.002483443708609201,0.0871425354649853,0.01471206389239188,0.027379815345431435,-0.004933703361085451,纳指ETF,纳指ETF,纳指ETF,纳指ETF,0.01471206389239188,7.141924929391175,7.257652629109834,-0.015945610190061243,2021-07-02,2021-07-02,2021-01-22,7.257652629109834
2021-07-05,3.651,3.682,0.9744,0.9808,3.223,3.303,3.682,3.651,0.0,0.0,Excel导入缓存,0.9808,0.9744,0.0,0.0,Excel导入缓存,3.303,3.223,0.0,0.0,Excel导入缓存,-0.03003161222339301,0.01348747591522148,0.07473153626999784,0.0157415078707539,0.033802816901408406,0.023551286024171114,纳指ETF,纳指ETF,纳指ETF,纳指ETF,0.0157415078707539,7.2543495968795195,7.257652629109834,-0.0004551102676182417,2021-07-09,2021-07-09,2021-01-22,7.257652629109834
2021-07-12,3.691,3.709,0.9838,0.9806,3.339,3.328,3.709,3.691,0.0,0.0,Excel导入缓存,0.9838,0.9806,0.0,0.0,Excel导入缓存,3.339,3.328,0.0,0.0,Excel导入缓存,0.023737234336185464,0.007332971211298167,0.04675491033304868,-0.0002039151712887044,0.06088619700350639,0.007568876778686118,创业板ETF,创业板ETF,纳指ETF,创业板ETF,-0.0002039151712887044,7.2528703249388835,7.257652629109834,-0.0006589326350188163,2021-07-16,2021-07-16,2021-01-22,7.257652629109834
2021-07-19,3.7,3.685,0.9726,0.995,3.326,3.367,3.7,3.685,0.0,0.0,Excel导入缓存,0.995,0.9726,0.0,0.0,Excel导入缓存,3.367,3.326,0.0,0.0,Excel导入缓存,0.016832229580573843,-0.006470746832030194,0.04560739806641445,0.014684886803997488,0.03823620104841208,0.01171875,纳指ETF,纳指ETF,创业板ETF,纳指ETF,0.01171875,7.337864899059261,7.337864899059261,0.0,2021-07-23,2021-07-23,2021-07-23,7.337864899059261
2021-07-26,3.681,3.722,1.0022,0.9824,3.34,3.328,3.722,3.681,0.0,0.0,Excel导入缓存,1.0022,0.9824,0.0,0.0,Excel导入缓存,3.34,3.328,0.0,0.0,Excel导入缓存,0.02449766033581069,0.010040705563093555,0.0173985086992543,-0.01266331658291453,0.031298419584753656,-0.011583011583011671,创业板ETF,创业板ETF,纳指ETF,创业板ETF,-0.01266331658291453,7.244943192799818,7.337864899059261,-0.01266331658291453,2021-07-30,2021-07-30,2021-07-23,7.337864899059261
2021-08-02,3.685,3.662,0.9924,1.0066,3.328,3.386,3.685,3.662,0.0,0.0,Excel导入缓存,1.0066,0.9924,0.0,0.0,Excel导入缓存,3.386,3.328,0.0,0.0,Excel导入缓存,-0.00543183052688756,-0.016120365394948988,0.026305057096247975,0.024633550488599276,0.025128670905237627,0.017427884615384803,纳指ETF,纳指ETF,创业板ETF,纳指ETF,0.017427884615384803,7.371207226808951,7.371207226808951,0.0,2021-08-06,2021-08-06,2021-08-06,7.371207226808951
2021-08-09,3.555,3.591,0.9996,1.002,3.351,3.249,3.591,3.555,0.0,0.0,Excel导入缓存,1.002,0.9996,0.0,0.0,Excel导入缓存,3.351,3.249,0.0,0.0,Excel导入缓存,-0.03181450525748175,-0.019388312397596863,0.021823373444829652,-0.00456983906218944,-0.023737980769230727,-0.04046072061429418,纳指ETF,纳指ETF,纳指ETF,纳指ETF,-0.00456983906218944,7.337521996088387,7.371207226808951,-0.00456983906218944,2021-08-13,2021-08-13,2021-08-06,7.371207226808951
2021-08-16,3.635,3.658,1.0032,0.9934,3.225,3.1,3.658,3.635,0.0,0.0,Excel导入缓存,1.0032,0.9934,0.0,0.0,Excel导入缓存,3.225,3.1,0.0,0.0,Excel导入缓存,-0.007327001356852159,0.018657755499860595,-0.0016080402010050232,-0.00858283433133733,-0.07929907929907931,-0.0458602646968298,纳指ETF,纳指ETF,纳指ETF,纳指ETF,-0.00858283433133733,7.274545260393416,7.371207226808951,-0.01311345122193519,2021-08-20,2021-08-20,2021-08-06,7.371207226808951
2021-08-23,3.636,3.683,1.006,1.0234,3.105,3.158,3.683,3.636,0.0,0.0,Excel导入缓存,1.0234,1.006,0.0,0.0,Excel导入缓存,3.158,3.105,0.0,0.0,Excel导入缓存,-0.010478237506716837,0.006834335702569749,0.04173452768729646,0.030199315482182465,-0.051081730769230727,0.018709677419354698,纳指ETF,纳指ETF,纳指ETF,纳指ETF,0.030199315482182465,7.494231547701452,7.494231547701452,0.0,2021-08-27,2021-08-27,2021-08-27,7.494231547701452
2021-08-30,3.706,3.687,1.0292,1.0362,3.17,3.01,3.706,3.687,0.0,0.0,Excel导入缓存,1.0362,1.0292,0.0,0.0,Excel导入缓存,3.17,3.01,0.0,0.0,Excel导入缓存,0.00682687056253406,0.0010860711376594612,0.029405920921915518,0.012507328512800342,-0.1110454813939753,-0.04686510449651682,纳指ETF,纳指ETF,纳指ETF,纳指ETF,0.012507328512800342,7.587964363619546,7.587964363619546,0.0,2021-09-03,2021-09-03,2021-09-03,7.587964363619546
2021-09-06,3.71,3.66,1.037,1.0296,3.012,3.135,3.71,3.66,0.0,0.0,Excel导入缓存,1.037,1.0296,0.0,0.0,Excel导入缓存,3.135,3.012,0.0,0.0,Excel导入缓存,0.019214703425229684,-0.007323026851098424,0.02754491017964078,-0.006369426751592244,-0.03508771929824572,0.04152823920265791,纳指ETF,纳指ETF,纳指ETF,纳指ETF,-0.006369426751592244,7.53963338041178,7.587964363619546,-0.006369426751592244,2021-09-10,2021-09-10,2021-09-03,7.587964363619546
2021-09-13,3.64,3.592,1.0198,1.0272,3.127,3.097,3.64,3.592,0.0,0.0,Excel导入缓存,1.0272,1.0198,0.0,0.0,Excel导入缓存,3.127,3.097,0.0,0.0,Excel导入缓存,-0.018042646254784023,-0.01857923497267766,0.03402456210992555,-0.002331002331002474,-0.000967741935483879,-0.012121212121212088,纳指ETF,纳指ETF,纳指ETF,纳指ETF,-0.002331002331002474,7.5220584774271355,7.587964363619546,-0.008685581933989606,2021-09-17,2021-09-17,2021-09-03,7.587964363619546
2021-09-22,3.632,3.588,0.9996,1.0128,3.057,3.109,3.632,3.588,0.0,0.0,Excel导入缓存,1.0128,0.9996,0.0,0.0,Excel导入缓存,3.109,3.057,0.0,0.0,Excel导入缓存,-0.02579418951941348,-0.00111358574610243,-0.01035763142466306,-0.014018691588784993,-0.015516149461684559,0.003874717468517863,纳指ETF,纳指ETF,纳指ETF,纳指ETF,-0.014018691588784993,7.416609059519279,7.587964363619546,-0.022582513028372886,2021-09-24,2021-09-24,2021-09-03,7.587964363619546
2021-09-27,3.59,3.544,1.0164,0.9888,3.119,3.148,3.59,3.544,0.0,0.0,Excel导入缓存,1.0164,0.9888,0.0,0.0,Excel导入缓存,3.148,3.119,0.0,0.0,Excel导入缓存,-0.03878491998915101,-0.012263099219620988,-0.04574406485234506,-0.023696682464454888,0.04584717607973432,0.012544226439369588,创业板ETF,创业板ETF,纳指ETF,创业板ETF,-0.023696682464454888,7.2408600296728505,7.587964363619546,-0.04574406485234506,2021-09-30,2021-09-30,2021-09-03,7.587964363619546
2021-10-08,3.58,3.587,0.9916,0.9876,3.169,3.138,3.587,3.58,0.0,0.0,Excel导入缓存,0.9916,0.9876,0.0,0.0,Excel导入缓存,3.169,3.138,0.0,0.0,Excel导入缓存,-0.01994535519125684,0.012133182844243917,-0.0407925407925408,-0.0012135922330096527,0.000956937799043045,-0.0031766200762389785,创业板ETF,创业板ETF,创业板ETF,创业板ETF,-0.0031766200762389785,7.217858568333355,7.587964363619546,-0.048775373413805334,2021-10-08,2021-10-08,2021-09-03,7.587964363619546
2021-10-11,3.587,3.629,0.9802,0.9972,3.147,3.176,3.629,3.587,0.0,0.0,Excel导入缓存,0.9972,0.9802,0.0,0.0,Excel导入缓存,3.176,3.147,0.0,0.0,Excel导入缓存,0.0103006681514477,0.011708948982436462,-0.029205607476635476,0.009720534629404476,0.0255085566677431,0.012109623964308591,创业板ETF,创业板ETF,创业板ETF,创业板ETF,0.012109623964308591,7.305264121423435,7.587964363619546,-0.03725640088025661,2021-10-15,2021-10-15,2021-09-03,7.587964363619546
2021-10-18,3.591,3.617,0.998,1.013,3.178,3.185,3.617,3.591,0.0,0.0,Excel导入缓存,1.013,0.998,0.0,0.0,Excel导入缓存,3.185,3.178,0.0,0.0,Excel导入缓存,0.00808249721293186,-0.0033066960595204975,0.0001974723538704648,0.015844364219815388,0.024445159215181755,0.0028337531486146705,创业板ETF,创业板ETF,创业板ETF,创业板ETF,0.0028337531486146705,7.32596543662898,7.587964363619546,-0.03452822317494253,2021-10-22,2021-10-22,2021-09-03,7.587964363619546
2021-10-25,3.606,3.608,1.005,1.0246,3.182,3.249,3.608,3.606,0.0,0.0,Excel导入缓存,1.0246,1.005,0.0,0.0,Excel导入缓存,3.249,3.182,0.0,0.0,Excel导入缓存,0.018058690744920947,-0.002488249930881925,0.03620550161812286,0.011451135241856036,0.03208386277001263,0.02009419152276304,纳指ETF,纳指ETF,创业板ETF,纳指ETF,0.02009419152276304,7.473174789201745,7.587964363619546,-0.01512784838159753,2021-10-29,2021-10-29,2021-09-03,7.587964363619546
2021-11-01,3.594,3.624,1.0386,1.076,3.245,3.248,3.624,3.594,0.0,0.0,Excel导入缓存,1.076,1.0386,0.0,0.0,Excel导入缓存,3.248,3.245,0.0,0.0,Excel导入缓存,0.010315026484527534,0.0044345898004434225,0.08950992304576766,0.05016591840718343,0.03505417463352467,-0.0003077870113881165,纳指ETF,纳指ETF,纳指ETF,纳指ETF,0.05016591840718343,7.84807346591946,7.84807346591946,0.0,2021-11-05,2021-11-05,2021-11-05,7.84807346591946
2021-11-08,3.673,3.722,1.0754,1.054,3.24,3.324,3.722,3.673,0.0,0.0,Excel导入缓存,1.0754,1.054,0.0,0.0,Excel导入缓存,3.324,3.24,0.0,0.0,Excel导入缓存,0.025626894461284078,0.027041942604856484,0.05695948656237482,-0.020446096654275103,0.04659949622166226,0.023399014778324956,纳指ETF,纳指ETF,纳指ETF,纳指ETF,-0.020446096654275103,7.687610997285419,7.84807346591946,-0.020446096654275103,2021-11-12,2021-11-12,2021-11-05,7.84807346591946
2021-11-15,3.729,3.729,1.065,1.087,3.324,3.313,3.729,3.729,0.0,0.0,Excel导入缓存,1.087,1.065,0.0,0.0,Excel导入缓存,3.324,3.313,0.0,0.0,Excel导入缓存,0.03096488802875319,0.0018807092960773097,0.07305034550839107,0.03130929791271342,0.040188383045525855,-0.003309265944644868,纳指ETF,纳指ETF,纳指ETF,纳指ETF,0.03130929791271342,7.92830470023648,7.92830470023648,0.0,2021-11-19,2021-11-19,2021-11-19,7.92830470023648
2021-11-22,3.706,3.629,1.0904,1.068,3.322,3.364,3.706,3.629,0.0,0.0,Excel导入缓存,1.0904,1.068,0.0,0.0,Excel导入缓存,3.364,3.322,0.0,0.0,Excel导入缓存,0.005820399113082075,-0.026816840976133016,0.042357993363263846,-0.01747930082796678,0.03539550630963362,0.015393902807123272,纳指ETF,纳指ETF,纳指ETF,纳指ETF,-0.01747930082796678,7.789723477325264,7.92830470023648,-0.01747930082796678,2021-11-26,2021-11-26,2021-11-19,7.92830470023648
2021-11-29,3.618,3.567,1.0576,1.0452,3.345,3.37,3.618,3.567,0.0,0.0,Excel导入缓存,1.0576,1.0452,0.0,0.0,Excel导入缓存,3.37,3.345,0.0,0.0,Excel导入缓存,-0.01572847682119205,-0.01708459630752268,-0.0286245353159853,-0.021348314606741692,0.037561576354679715,0.001783590963139181,创业板ETF,创业板ETF,纳指ETF,创业板ETF,-0.021348314606741692,7.623426009831802,7.92830470023648,-0.03845446182152712,2021-12-03,2021-12-03,2021-11-19,7.92830470023648
2021-12-06,3.586,3.565,1.028,1.056,3.354,3.37,3.586,3.565,0.0,0.0,Excel导入缓存,1.056,1.028,0.0,0.0,Excel导入缓存,3.37,3.354,0.0,0.0,Excel导入缓存,-0.042181622783449724,-0.0005606952621250993,0.00189753320683117,0.010332950631458226,0.013838748495788256,0.0,创业板ETF,创业板ETF,创业板ETF,创业板ETF,0.0,7.623426009831802,7.92830470023648,-0.03845446182152712,2021-12-10,2021-12-10,2021-11-19,7.92830470023648
2021-12-13,3.586,3.628,1.0694,1.038,3.362,3.328,3.628,3.586,0.0,0.0,Excel导入缓存,1.0694,1.038,0.0,0.0,Excel导入缓存,3.362,3.328,0.0,0.0,Excel导入缓存,-0.02708500938589431,0.01767180925666212,-0.04507819687212511,-0.017045454545454586,0.004527618472683237,-0.012462908011869556,创业板ETF,创业板ETF,创业板ETF,创业板ETF,-0.012462908011869556,7.528415952735974,7.92830470023648,-0.050438115413069085,2021-12-17,2021-12-17,2021-11-19,7.92830470023648
2021-12-20,3.623,3.633,1.024,1.0612,3.322,3.196,3.633,3.623,0.0,0.0,Excel导入缓存,1.0612,1.024,0.0,0.0,Excel导入缓存,3.322,3.196,0.0,0.0,Excel导入缓存,0.0011022320198401658,0.001378169790518191,-0.006367041198501955,0.022350674373795565,-0.049940546967895294,-0.03966346153846145,黄金ETF,黄金ETF,创业板ETF,黄金ETF,-0.03966346153846145,7.229812916149092,7.92830470023648,-0.0881010267007718,2021-12-24,2021-12-24,2021-11-19,7.92830470023648
2021-12-27,3.636,3.64,1.0652,1.0728,3.183,3.218,3.64,3.636,0.0,0.0,Excel导入缓存,1.0728,1.0652,0.0,0.0,Excel导入缓存,3.218,3.183,0.0,0.0,Excel导入缓存,0.020465377067563795,0.0019267822736031004,0.02640642939150406,0.01093102148511127,-0.045103857566765604,0.006883604505631968,纳指ETF,纳指ETF,黄金ETF,纳指ETF,0.0019267822736031004,7.243743191517394,7.92830470023648,-0.08634399592370201,2021-12-31,2021-12-31,2021-11-19,7.92830470023648
2022-01-04,3.618,3.594,1.0796,1.0378,3.236,3.003,3.618,3.594,0.0,0.0,Excel导入缓存,1.0796,1.0378,0.0,0.0,Excel导入缓存,3.236,3.003,0.0,0.0,Excel导入缓存,0.008134642356241173,-0.012637362637362703,-0.017234848484848464,-0.03262490678598051,-0.10890207715133526,-0.06681168427594775,黄金ETF,黄金ETF,纳指ETF,黄金ETF,-0.03262490678598051,7.007416745112558,7.92830470023648,-0.11615193789114264,2022-01-07,2022-01-07,2021-11-19,7.92830470023648
2022-01-10,3.6,3.65,1.022,1.015,3.0,3.015,3.65,3.6,0.0,0.0,Excel导入缓存,1.022,1.015,0.0,0.0,Excel导入缓存,3.015,3.0,0.0,0.0,Excel导入缓存,0.006063947078279952,0.015581524763494725,-0.022157996146435543,-0.021969550973212737,-0.09405048076923073,0.003996003996004083,黄金ETF,黄金ETF,黄金ETF,黄金ETF,0.015581524763494725,7.1166029826546575,7.92830470023648,-0.10238023742422664,2022-01-14,2022-01-14,2021-11-19,7.92830470023648
2022-01-17,3.635,3.672,1.015,0.96,3.0,2.941,3.672,3.635,0.0,0.0,Excel导入缓存,1.015,0.96,0.0,0.0,Excel导入缓存,3.0,2.941,0.0,0.0,Excel导入缓存,0.01073492981007429,0.0060273972602740145,-0.09536373916321139,-0.054187192118226535,-0.07978723404255328,-0.024543946932006677,黄金ETF,黄金ETF,黄金ETF,黄金ETF,0.0060273972602740145,7.159497575974768,7.92830470023648,-0.0969699265265096,2022-01-21,2022-01-21,2021-11-19,7.92830470023648
2022-01-24,3.66,3.594,0.948,0.919,2.929,2.819,3.66,3.594,0.0,0.0,Excel导入缓存,0.948,0.919,0.0,0.0,Excel导入缓存,2.929,2.819,0.0,0.0,Excel导入缓存,-0.012637362637362703,-0.021241830065359513,-0.14336316181953757,-0.04270833333333324,-0.12399005593536361,-0.041482488949336926,黄金ETF,黄金ETF,黄金ETF,黄金ETF,-0.021241830065359513,7.007416745112559,7.92830470023648,-0.11615193789114253,2022-01-28,2022-01-28,2021-11-19,7.92830470023648
2022-02-07,3.62,3.645,0.948,0.952,2.87,2.66,3.645,3.62,0.0,0.0,Excel导入缓存,0.952,0.948,0.0,0.0,Excel导入缓存,2.87,2.66,0.0,0.0,Excel导入缓存,0.014190317195325486,0.014190317195325486,-0.08267488918866839,0.03590859630032628,-0.11421911421911424,-0.05640297978006381,黄金ETF,黄金ETF,黄金ETF,黄金ETF,0.014190317195325486,7.106854211445542,7.92830470023648,-0.10360985353734398,2022-02-11,2022-02-11,2021-11-19,7.92830470023648
2022-02-14,3.714,3.76,0.931,0.932,2.648,2.739,3.76,3.714,0.0,0.0,Excel导入缓存,0.932,0.931,0.0,0.0,Excel导入缓存,2.739,2.648,0.0,0.0,Excel导入缓存,0.03013698630136985,0.03155006858710552,-0.0817733990147782,-0.021008403361344463,-0.09154228855721402,0.02969924812030067,黄金ETF,黄金ETF,黄金ETF,黄金ETF,0.03155006858710552,7.331075949255209,7.92830470023648,-0.07532868293564166,2022-02-18,2022-02-18,2021-11-19,7.92830470023648
2022-02-21,3.763,3.808,0.92,0.894,2.739,2.763,3.808,3.763,0.0,0.0,Excel导入缓存,0.92,0.894,0.0,0.0,Excel导入缓存,2.763,2.739,0.0,0.0,Excel导入缓存,0.03703703703703698,0.012765957446808418,-0.06874999999999998,-0.04077253218884125,-0.06052363141788508,0.008762322015334112,黄金ETF,黄金ETF,黄金ETF,黄金ETF,0.012765957446808418,7.4246641528627215,7.92830470023648,-0.06352436824971375,2022-02-25,2022-02-25,2021-11-19,7.92830470023648
2022-02-28,3.798,3.841,0.9,0.902,2.763,2.662,3.841,3.798,0.0,0.0,Excel导入缓存,0.902,0.9,0.0,0.0,Excel导入缓存,2.763,2.662,0.0,0.0,Excel导入缓存,0.06872565386755713,0.008665966386554702,-0.018498367791077275,0.008948545861297452,-0.0556935083362895,-0.036554469779225496,黄金ETF,黄金ETF,黄金ETF,黄金ETF,0.008665966386554702,7.489006042842887,7.92830470023648,-0.055408901903138186,2022-03-04,2022-03-04,2021-11-19,7.92830470023648
2022-03-07,3.937,3.937,0.88,0.879,2.641,2.583,3.937,3.937,0.0,0.0,Excel导入缓存,0.88,0.879,0.0,0.0,Excel导入缓存,2.641,2.583,0.0,0.0,Excel导入缓存,0.08010973936899868,0.02499349127831274,-0.07668067226890751,-0.0254988913525499,-0.02894736842105261,-0.029676934635612273,黄金ETF,黄金ETF,黄金ETF,黄金ETF,0.02499349127831274,7.6761824500579126,7.92830470023648,-0.03180027253128248,2022-03-11,2022-03-11,2021-11-19,7.92830470023648
2022-03-14,3.921,3.851,0.868,0.91,2.547,2.635,3.921,3.851,0.0,0.0,Excel导入缓存,0.91,0.868,0.0,0.0,Excel导入缓存,2.635,2.547,0.0,0.0,Excel导入缓存,0.024202127659574524,-0.021844043688087345,-0.023605150214592308,0.03526734926052333,-0.037970062066447596,0.02013162988772721,黄金ETF,黄金ETF,黄金ETF,黄金ETF,-0.021844043688087345,7.508503585261118,7.92830470023648,-0.0529496696769034,2022-03-18,2022-03-18,2021-11-19,7.92830470023648
2022-03-21,3.839,3.907,0.931,0.962,2.639,2.565,3.907,3.839,0.0,0.0,Excel导入缓存,0.962,0.931,0.0,0.0,Excel导入缓存,2.639,2.565,0.0,0.0,Excel导入缓存,0.025997899159663884,0.014541677486367144,0.07606263982102912,0.05714285714285716,-0.07166123778501632,-0.026565464895635604,纳指ETF,纳指ETF,黄金ETF,纳指ETF,0.014541677486367144,7.617689822803216,7.92830470023648,-0.03917796920998751,2022-03-25,2022-03-25,2021-11-19,7.92830470023648
2022-03-28,3.906,3.853,0.959,0.972,2.54,2.58,3.906,3.853,0.0,0.0,Excel导入缓存,0.972,0.959,0.0,0.0,Excel导入缓存,2.58,2.54,0.0,0.0,Excel导入缓存,0.003124186409789065,-0.013821346301510107,0.07760532150776056,0.01039501039501034,-0.030803906836964656,0.005847953216374213,纳指ETF,纳指ETF,纳指ETF,纳指ETF,0.01039501039501034,7.69687578769722,7.92830470023648,-0.029190214212170384,2022-04-01,2022-04-01,2021-11-19,7.92830470023648
2022-04-06,3.842,3.852,0.964,0.953,2.566,2.491,3.852,3.842,0.0,0.0,Excel导入缓存,0.964,0.953,0.0,0.0,Excel导入缓存,2.566,2.491,0.0,0.0,Excel导入缓存,-0.021590043180086393,-0.0002595380223203714,0.08418657565415244,-0.019547325102880708,-0.03561749903213318,-0.03449612403100777,纳指ETF,纳指ETF,纳指ETF,纳指ETF,-0.019547325102880708,7.546422454398611,7.92830470023648,-0.04816694870802318,2022-04-08,2022-04-08,2021-11-19,7.92830470023648
2022-04-11,3.885,3.946,0.934,0.905,2.46,2.385,3.946,3.885,0.0,0.0,Excel导入缓存,0.934,0.905,0.0,0.0,Excel导入缓存,2.46,2.385,0.0,0.0,Excel导入缓存,0.024668917164373028,0.024402907580477695,-0.005494505494505475,-0.050367261280167774,-0.09487666034155595,-0.042553191489361875,黄金ETF,黄金ETF,纳指ETF,黄金ETF,-0.050367261280167774,7.166329822907391,7.92830470023648,-0.09610817269754546,2022-04-15,2022-04-15,2021-11-19,7.92830470023648
2022-04-18,3.963,3.951,0.898,0.911,2.361,2.225,3.963,3.951,0.0,0.0,Excel导入缓存,0.911,0.898,0.0,0.0,Excel导入缓存,2.361,2.225,0.0,0.0,Excel导入缓存,0.011261837727156498,0.0012671059300557452,-0.053014553014552934,0.006629834254143763,-0.13255360623781676,-0.06708595387840655,黄金ETF,黄金ETF,黄金ETF,黄金ETF,0.0012671059300557452,7.175410321922732,7.92830470023648,-0.09496284600304161,2022-04-22,2022-04-22,2021-11-19,7.92830470023648
2022-04-25,3.924,3.942,0.885,0.905,2.177,2.244,3.942,3.924,0.0,0.0,Excel导入缓存,0.905,0.885,0.0,0.0,Excel导入缓存,2.244,2.177,0.0,0.0,Excel导入缓存,0.02309888398650406,-0.002277904328018221,-0.06893004115226331,-0.00658616904500553,-0.13023255813953483,0.008539325842696677,黄金ETF,黄金ETF,黄金ETF,黄金ETF,-0.002277904328018221,7.159065423695118,7.92830470023648,-0.09702443405314853,2022-04-29,2022-04-29,2021-11-19,7.92830470023648
2022-05-05,3.926,3.922,0.915,0.879,2.2,2.177,3.926,3.922,0.0,0.0,Excel导入缓存,0.915,0.879,0.0,0.0,Excel导入缓存,2.2,2.177,0.0,0.0,Excel导入缓存,0.018172377985462118,-0.0050735667174023336,-0.07764952780692547,-0.02872928176795586,-0.12605379365716585,-0.029857397504456373,黄金ETF,黄金ETF,黄金ETF,黄金ETF,-0.0050735667174023336,7.122743427633753,7.92830470023648,-0.10160574083116403,2022-05-06,2022-05-06,2021-11-19,7.92830470023648
2022-05-09,3.942,3.888,0.868,0.845,2.165,2.285,3.942,3.888,0.0,0.0,Excel导入缓存,0.868,0.845,0.0,0.0,Excel导入缓存,2.285,2.165,0.0,0.0,Excel导入缓存,-0.0146984287886468,-0.00866904640489552,-0.06629834254143652,-0.03868031854379983,-0.041928721174004036,0.04960955443270554,黄金ETF,黄金ETF,黄金ETF,黄金ETF,-0.00866904640489552,7.060996034329431,7.92830470023648,-0.1093939623537904,2022-05-13,2022-05-13,2021-11-19,7.92830470023648
2022-05-16,3.877,3.873,0.864,0.833,2.295,2.347,3.877,3.873,0.0,0.0,Excel导入缓存,0.864,0.833,0.0,0.0,Excel导入缓存,2.347,2.295,0.0,0.0,Excel导入缓存,-0.01974183750949121,-0.0038580246913579863,-0.08562019758507144,-0.014201183431952646,0.05483146067415734,0.02713347921225373,创业板ETF,创业板ETF,黄金ETF,创业板ETF,-0.0038580246913579863,7.033754537283407,7.92830470023648,-0.11282994243730204,2022-05-20,2022-05-20,2021-11-19,7.92830470023648
2022-05-23,3.875,3.917,0.832,0.848,2.347,2.251,3.917,3.875,0.0,0.0,Excel导入缓存,0.848,0.832,0.0,0.0,Excel导入缓存,2.347,2.251,0.0,0.0,Excel导入缓存,-0.006341958396753,0.011360702297960046,-0.06298342541436475,0.01800720288115243,0.0031194295900176527,-0.040903280783979534,创业板ETF,创业板ETF,创业板ETF,创业板ETF,-0.040903280783979534,6.746050900479314,7.92830470023648,-0.14911810840492834,2022-05-27,2022-05-27,2021-11-19,7.92830470023648
2022-05-30,3.893,3.876,0.878,0.86,2.262,2.386,3.893,3.876,0.0,0.0,Excel导入缓存,0.878,0.86,0.0,0.0,Excel导入缓存,2.386,2.262,0.0,0.0,Excel导入缓存,-0.011728709841917428,-0.010467194281337688,-0.021615472127417545,0.014150943396226356,0.09600367478180982,0.059973345179920035,创业板ETF,创业板ETF,创业板ETF,创业板ETF,0.059973345179920035,7.15063413973507,7.92830470023648,-0.0980878750129538,2022-06-02,2022-06-02,2021-11-19,7.92830470023648
2022-06-06,3.867,3.866,0.858,0.847,2.38,2.48,3.867,3.866,0.0,0.0,Excel导入缓存,0.858,0.847,0.0,0.0,Excel导入缓存,2.48,2.38,0.0,0.0,Excel导入缓存,-0.005658436213991758,-0.0025799793601650745,0.002366863905325367,-0.015116279069767424,0.085339168490153,0.039396479463537304,创业板ETF,创业板ETF,创业板ETF,创业板ETF,0.039396479463537304,7.432343950772411,7.92830470023648,-0.06255571250298642,2022-06-10,2022-06-10,2021-11-19,7.92830470023648
2022-06-13,3.94,3.873,0.818,0.792,2.458,2.584,3.94,3.873,0.0,0.0,Excel导入缓存,0.818,0.792,0.0,0.0,Excel导入缓存,2.584,2.458,0.0,0.0,Excel导入缓存,0.0,0.0018106570098292973,-0.049219687875149964,-0.06493506493506485,0.1009799744354496,0.041935483870967794,创业板ETF,创业板ETF,创业板ETF,创业板ETF,0.041935483870967794,7.744022890643513,7.92830470023648,-0.023243532704724457,2022-06-17,2022-06-17,2021-11-19,7.92830470023648
2022-06-20,3.868,3.828,0.793,0.824,2.59,2.738,3.868,3.828,0.0,0.0,Excel导入缓存,0.824,0.793,0.0,0.0,Excel导入缓存,2.738,2.59,0.0,0.0,Excel导入缓存,-0.022721470513147768,-0.01161890007745947,-0.028301886792452824,0.04040404040404022,0.21634828964904496,0.059597523219814263,创业板ETF,创业板ETF,创业板ETF,创业板ETF,0.059597523219814263,8.205547474683414,8.205547474683414,0.0,2022-06-24,2022-06-24,2022-06-24,8.205547474683414
2022-06-27,3.842,3.784,0.84,0.799,2.751,2.699,3.842,3.784,0.0,0.0,Excel导入缓存,0.84,0.799,0.0,0.0,Excel导入缓存,2.751,2.699,0.0,0.0,Excel导入缓存,-0.023735810113519107,-0.011494252873563204,-0.07093023255813946,-0.03033980582524265,0.13118189438390604,-0.014243973703433221,创业板ETF,创业板ETF,创业板ETF,创业板ETF,-0.014243973703433221,8.08866787223175,8.205547474683414,-0.01424397370343311,2022-07-01,2022-07-01,2022-06-24,8.205547474683414
2022-07-04,3.794,3.669,0.8,0.835,2.682,2.731,3.794,3.669,0.0,0.0,Excel导入缓存,0.835,0.8,0.0,0.0,Excel导入缓存,2.731,2.682,0.0,0.0,Excel导入缓存,-0.05095706156233837,-0.03039112050739956,-0.01416765053128688,0.04505632040050056,0.10120967741935472,0.011856243052982496,创业板ETF,创业板ETF,创业板ETF,创业板ETF,0.011856243052982496,8.184569084499781,8.205547474683414,-0.0025566106647189057,2022-07-08,2022-07-08,2022-06-24,8.205547474683414
2022-07-11,3.665,3.621,0.832,0.82,2.729,2.68,3.665,3.621,0.0,0.0,Excel导入缓存,0.832,0.82,0.0,0.0,Excel导入缓存,2.729,2.68,0.0,0.0,Excel导入缓存,-0.06506584043377228,-0.013082583810302584,0.03535353535353525,-0.017964071856287456,0.037151702786377694,-0.018674478213108636,创业板ETF,创业板ETF,创业板ETF,创业板ETF,-0.018674478213108636,8.031726527447608,8.205547474683414,-0.02118334550766976,2022-07-15,2022-07-15,2022-06-24,8.205547474683414
2022-07-18,3.636,3.65,0.834,0.866,2.685,2.651,3.65,3.636,0.0,0.0,Excel导入缓存,0.866,0.834,0.0,0.0,Excel导入缓存,2.685,2.651,0.0,0.0,Excel导入缓存,-0.04649947753396033,0.00800883733775204,0.050970873786407855,0.056097560975609806,-0.03177501826150486,-0.010820895522388185,纳指ETF,纳指ETF,创业板ETF,纳指ETF,-0.010820895522388185,7.944816053829704,8.205547474683414,-0.03177501826150475,2022-07-22,2022-07-22,2022-06-24,8.205547474683414
2022-07-25,3.656,3.749,0.858,0.888,2.647,2.594,3.749,3.656,0.0,0.0,Excel导入缓存,0.888,0.858,0.0,0.0,Excel导入缓存,2.647,2.594,0.0,0.0,Excel导入缓存,-0.00924947145877375,0.027123287671232843,0.11138923654568211,0.025404157043879882,-0.038903297517599134,-0.021501320256506973,纳指ETF,纳指ETF,纳指ETF,纳指ETF,0.025404157043879882,8.146647408545931,8.205547474683414,-0.007178078771612362,2022-07-29,2022-07-29,2022-06-24,8.205547474683414
2022-08-01,3.747,3.789,0.888,0.916,2.58,2.606,3.789,3.747,0.0,0.0,Excel导入缓存,0.916,0.888,0.0,0.0,Excel导入缓存,2.606,2.58,0.0,0.0,Excel导入缓存,0.03270645952575646,0.010669511869831894,0.09700598802395222,0.031531531531531654,-0.04577077993409007,0.004626060138781751,纳指ETF,纳指ETF,纳指ETF,纳指ETF,0.031531531531531654,8.403523678184767,8.403523678184767,0.0,2022-08-05,2022-08-05,2022-08-05,8.403523678184767
2022-08-08,3.761,3.795,0.907,0.913,2.588,2.613,3.795,3.761,0.0,0.0,Excel导入缓存,0.913,0.907,0.0,0.0,Excel导入缓存,2.613,2.588,0.0,0.0,Excel导入缓存,0.048053024026512015,0.0015835312747425334,0.11341463414634156,-0.0032751091703057122,-0.025000000000000022,0.0026861089792786785,纳指ETF,纳指ETF,纳指ETF,纳指ETF,-0.0032751091703057122,8.376001220723463,8.403523678184767,-0.0032751091703057122,2022-08-12,2022-08-12,2022-08-05,8.403523678184767
2022-08-15,3.806,3.761,0.929,0.927,2.606,2.653,3.806,3.761,0.0,0.0,Excel导入缓存,0.929,0.927,0.0,0.0,Excel导入缓存,2.653,2.606,0.0,0.0,Excel导入缓存,0.03041095890410972,-0.008959156785243727,0.07043879907621253,0.01533406352683464,0.0007544322897021782,0.015308075009567546,纳指ETF,纳指ETF,纳指ETF,纳指ETF,0.01533406352683464,8.504439355542882,8.504439355542882,0.0,2022-08-19,2022-08-19,2022-08-19,8.504439355542882
2022-08-22,3.753,3.798,0.915,0.915,2.65,2.566,3.798,3.753,0.0,0.0,Excel导入缓存,0.915,0.915,0.0,0.0,Excel导入缓存,2.65,2.566,0.0,0.0,Excel导入缓存,0.01307015204054407,0.00983780909332621,0.030405405405405483,-0.012944983818770184,-0.010794140323824197,-0.0327930644553337,纳指ETF,纳指ETF,纳指ETF,纳指ETF,-0.012944983818770184,8.394349525697667,8.504439355542882,-0.012944983818770184,2022-08-26,2022-08-26,2022-08-19,8.504439355542882
2022-08-29,3.755,3.727,0.872,0.863,2.541,2.461,3.755,3.727,0.0,0.0,Excel导入缓存,0.872,0.863,0.0,0.0,Excel导入缓存,2.541,2.461,0.0,0.0,Excel导入缓存,-0.016363156505674437,-0.018694049499736742,-0.05786026200873362,-0.05683060109289617,-0.055640828856485025,-0.04091971940763839,黄金ETF,黄金ETF,纳指ETF,黄金ETF,-0.05683060109289617,7.917293596368401,8.504439355542882,-0.06903991370010787,2022-09-02,2022-09-02,2022-08-19,8.504439355542882
2022-09-05,3.75,3.786,0.853,0.872,2.454,2.476,3.786,3.75,0.0,0.0,Excel导入缓存,0.872,0.853,0.0,0.0,Excel导入缓存,2.476,2.454,0.0,0.0,Excel导入缓存,-0.002371541501976271,0.01583042661658185,-0.04490690032858713,0.010428736964078755,-0.052430156907768866,0.006095083299471726,黄金ETF,黄金ETF,黄金ETF,黄金ETF,0.01583042661658185,8.042627731647643,8.504439355542882,-0.05430241837097072,2022-09-09,2022-09-09,2022-08-19,8.504439355542882
2022-09-13,3.782,3.729,0.894,0.841,2.485,2.297,3.782,3.729,0.0,0.0,Excel导入缓存,0.894,0.841,0.0,0.0,Excel导入缓存,2.485,2.297,0.0,0.0,Excel导入缓存,-0.008508375432065951,-0.015055467511885912,-0.09277238403452004,-0.03555045871559637,-0.1341877120241236,-0.07229402261712436,黄金ETF,黄金ETF,黄金ETF,黄金ETF,-0.015055467511885912,7.921542211123629,8.504439355542882,-0.06854033758725575,2022-09-16,2022-09-16,2022-08-19,8.504439355542882
2022-09-19,3.738,3.772,0.842,0.829,2.292,2.239,3.772,3.738,0.0,0.0,Excel导入缓存,0.842,0.829,0.0,0.0,Excel导入缓存,2.292,2.239,0.0,0.0,Excel导入缓存,-0.006845708267509298,0.011531241619737065,-0.09398907103825149,-0.014268727705113005,-0.12743569758378803,-0.02525032651284298,黄金ETF,黄金ETF,黄金ETF,黄金ETF,0.011531241619737065,8.012887428361042,8.504439355542882,-0.057799451160935655,2022-09-23,2022-09-23,2022-08-19,8.504439355542882
2022-09-26,3.738,3.784,0.818,0.813,2.226,2.221,3.784,3.738,0.0,0.0,Excel导入缓存,0.818,0.813,0.0,0.0,Excel导入缓存,2.226,2.221,0.0,0.0,Excel导入缓存,0.015293801985511113,0.0031813361611876534,-0.05793742757821563,-0.0193003618817853,-0.09752133279154807,-0.008039303260384045,黄金ETF,黄金ETF,黄金ETF,黄金ETF,0.0031813361611876534,8.038379116892413,8.504439355542882,-0.05480199448382306,2022-09-30,2022-09-30,2022-08-19,8.504439355542882
2022-10-10,3.833,3.814,0.799,0.812,2.219,2.365,3.833,3.814,0.0,0.0,Excel导入缓存,0.812,0.799,0.0,0.0,Excel导入缓存,2.365,2.219,0.0,0.0,Excel导入缓存,0.007395668251452658,0.007928118393234707,-0.0688073394495412,-0.0012300123001228735,-0.0448303715670435,0.06483565961278703,黄金ETF,黄金ETF,黄金ETF,黄金ETF,0.007928118393234707,8.102108338220841,8.504439355542882,-0.04730835279104162,2022-10-14,2022-10-14,2022-08-19,8.504439355542882
2022-10-17,3.8,3.772,0.791,0.811,2.349,2.321,3.8,3.772,0.0,0.0,Excel导入缓存,0.811,0.791,0.0,0.0,Excel导入缓存,2.349,2.321,0.0,0.0,Excel导入缓存,0.011531241619737065,-0.01101206082852657,-0.03567181926278229,-0.0012315270935960854,0.0104484109708316,-0.018604651162790753,黄金ETF,黄金ETF,黄金ETF,黄金ETF,-0.01101206082852657,8.01288742836104,8.504439355542882,-0.05779945116093588,2022-10-21,2022-10-21,2022-08-19,8.504439355542882
2022-10-24,3.815,3.821,0.836,0.812,2.323,2.187,3.821,3.815,0.0,0.0,Excel导入缓存,0.836,0.812,0.0,0.0,Excel导入缓存,2.323,2.187,0.0,0.0,Excel导入缓存,0.012990455991516603,0.012990455991516603,-0.020506634499396714,0.0012330456226881115,-0.023224653863331834,-0.057733735458854074,黄金ETF,黄金ETF,黄金ETF,黄金ETF,0.012990455991516603,8.11697848986414,8.504439355542882,-0.04555983639605932,2022-10-28,2022-10-28,2022-08-19,8.504439355542882
2022-10-31,3.807,3.804,0.845,0.813,2.166,2.383,3.807,3.804,0.0,0.0,Excel导入缓存,0.845,0.813,0.0,0.0,Excel导入缓存,2.383,2.166,0.0,0.0,Excel导入缓存,0.005285412262156397,-0.004449097095001409,0.0,0.0012315270935958633,0.0729401170643853,0.08962048468221306,创业板ETF,创业板ETF,黄金ETF,创业板ETF,-0.004449097095001409,8.080865264444697,8.504439355542882,-0.04980623335530232,2022-11-04,2022-11-04,2022-08-19,8.504439355542882
2022-11-07,3.834,3.951,0.803,0.853,2.372,2.33,3.951,3.834,0.0,0.0,Excel导入缓存,0.853,0.803,0.0,0.0,Excel导入缓存,2.372,2.33,0.0,0.0,Excel导入缓存,0.035920293654955415,0.03864353312302837,0.05049261083743839,0.04920049200492005,-0.014799154334038112,-0.022240872849349502,纳指ETF,纳指ETF,创业板ETF,纳指ETF,-0.022240872849349502,7.901139767585457,8.504439355542882,-0.07093937210149148,2022-11-11,2022-11-11,2022-08-19,8.504439355542882
2022-11-14,3.948,3.952,0.856,0.853,2.333,2.315,3.952,3.948,0.0,0.0,Excel导入缓存,0.856,0.853,0.0,0.0,Excel导入缓存,2.333,2.315,0.0,0.0,Excel导入缓存,0.04772004241781547,0.00025310048089077775,0.05178791615289757,0.0,-0.0025850926324860746,-0.006437768240343367,纳指ETF,纳指ETF,纳指ETF,纳指ETF,0.0,7.901139767585457,8.504439355542882,-0.07093937210149148,2022-11-18,2022-11-18,2022-08-19,8.504439355542882
2022-11-21,3.929,3.959,0.85,0.866,2.298,2.242,3.959,3.929,0.0,0.0,Excel导入缓存,0.866,0.85,0.0,0.0,Excel导入缓存,2.298,2.242,0.0,0.0,Excel导入缓存,0.03611619994765758,0.001771255060728727,0.06650246305418706,0.015240328253223856,0.025148605395518997,-0.03153347732181422,纳指ETF,纳指ETF,纳指ETF,纳指ETF,0.015240328253223856,8.02155573121806,8.504439355542882,-0.05678018316517197,2022-11-25,2022-11-25,2022-08-19,8.504439355542882
2022-11-28,3.974,3.979,0.858,0.863,2.203,2.316,3.979,3.974,0.0,0.0,Excel导入缓存,0.863,0.858,0.0,0.0,Excel导入缓存,2.316,2.203,0.0,0.0,Excel导入缓存,0.04600420609884348,0.005051780752715285,0.06150061500615012,-0.0034642032332563577,-0.02811582039446081,0.033006244424620856,纳指ETF,纳指ETF,纳指ETF,纳指ETF,-0.0034642032332563577,7.993767431918228,8.504439355542882,-0.06004768830432261,2022-12-02,2022-12-02,2022-08-19,8.504439355542882
2022-12-05,3.968,3.924,0.857,0.833,2.327,2.348,3.968,3.924,0.0,0.0,Excel导入缓存,0.857,0.833,0.0,0.0,Excel导入缓存,2.348,2.327,0.0,0.0,Excel导入缓存,-0.006833712984054663,-0.013822568484543885,-0.023446658851113744,-0.03476245654692933,0.007725321888411907,0.013816925734024155,创业板ETF,创业板ETF,纳指ETF,创业板ETF,-0.03476245654692933,7.715884438919912,8.504439355542882,-0.09272273969582945,2022-12-09,2022-12-09,2022-08-19,8.504439355542882
2022-12-12,3.933,3.915,0.825,0.815,2.342,2.298,3.933,3.915,0.0,0.0,Excel导入缓存,0.825,0.815,0.0,0.0,Excel导入缓存,2.342,2.298,0.0,0.0,Excel导入缓存,-0.009362348178137636,-0.002293577981651307,-0.04454865181711609,-0.021608643457383003,-0.007343412526997772,-0.021294718909710353,创业板ETF,创业板ETF,创业板ETF,创业板ETF,-0.021294718909710353,7.551576848653304,8.504439355542882,-0.11204295392717889,2022-12-16,2022-12-16,2022-08-19,8.504439355542882
2022-12-19,3.933,3.948,0.814,0.802,2.304,2.222,3.948,3.933,0.0,0.0,Excel导入缓存,0.814,0.802,0.0,0.0,Excel导入缓存,2.304,2.222,0.0,0.0,Excel导入缓存,-0.002778479413993451,0.008429118773946254,-0.07390300230946878,-0.01595092024539868,-0.008920606601248937,-0.03307223672758919,黄金ETF,黄金ETF,创业板ETF,黄金ETF,-0.03307223672758919,7.30182931144806,8.504439355542882,-0.14140967955883,2022-12-23,2022-12-23,2022-08-19,8.504439355542882
2022-12-26,3.95,3.985,0.802,0.799,2.224,2.279,3.985,3.95,0.0,0.0,Excel导入缓存,0.802,0.799,0.0,0.0,Excel导入缓存,2.279,2.224,0.0,0.0,Excel导入缓存,0.0015079165619502621,0.009371833839918908,-0.07415990730011579,-0.0037406483790524137,-0.015975820379965477,0.025652565256525595,黄金ETF,黄金ETF,黄金ETF,黄金ETF,0.009371833839918908,7.3702608424824,8.504439355542882,-0.1333631137390927,2022-12-30,2022-12-30,2022-08-19,8.504439355542882
2023-01-03,3.983,3.972,0.797,0.799,2.267,2.35,3.983,3.972,0.0,0.0,Excel导入缓存,0.799,0.797,0.0,0.0,Excel导入缓存,2.35,2.267,0.0,0.0,Excel导入缓存,0.012232415902140747,-0.0032622333751568533,-0.04081632653061218,0.0,0.0008517887563885829,0.03115401491882408,黄金ETF,黄金ETF,黄金ETF,黄金ETF,-0.0032622333751568533,7.346217331578442,8.504439355542882,-0.13619028551359513,2023-01-06,2023-01-06,2022-08-19,8.504439355542882
2023-01-09,4.016,4.027,0.805,0.815,2.361,2.417,4.027,4.016,0.0,0.0,Excel导入缓存,0.815,0.805,0.0,0.0,Excel导入缓存,2.417,2.361,0.0,0.0,Excel导入缓存,0.028607918263090726,0.013846928499496425,0.0,0.02002503128911126,0.05178416013925147,0.02851063829787215,创业板ETF,创业板ETF,黄金ETF,创业板ETF,0.013846928499496425,7.447939877710571,8.504439355542882,-0.1242291741599314,2023-01-13,2023-01-13,2022-08-19,8.504439355542882
2023-01-16,4.058,4.101,0.817,0.815,2.421,2.507,4.101,4.058,0.0,0.0,Excel导入缓存,0.817,0.815,0.0,0.0,Excel导入缓存,2.507,2.421,0.0,0.0,Excel导入缓存,0.03875379939209722,0.01837596225478011,0.016209476309226867,0.0,0.12826282628262842,0.03723624327678943,创业板ETF,创业板ETF,创业板ETF,创业板ETF,0.03723624327678943,7.725273178907903,8.504439355542882,-0.09161875863423574,2023-01-20,2023-01-20,2022-08-19,8.504439355542882
2023-01-30,4.09,4.071,0.843,0.87,2.577,2.5,4.09,4.071,0.0,0.0,Excel导入缓存,0.87,0.843,0.0,0.0,Excel导入缓存,2.577,2.5,0.0,0.0,Excel导入缓存,0.021580928481806705,-0.007315288953913757,0.08886107634543183,0.06748466257668717,0.09697235629662138,-0.002792181890706069,创业板ETF,创业板ETF,创业板ETF,创业板ETF,-0.002792181890706069,7.703702811036999,8.504439355542882,-0.09415512428623429,2023-02-03,2023-02-03,2022-08-19,8.504439355542882
2023-02-06,4.021,3.993,0.87,0.86,2.486,2.465,4.021,3.993,0.0,0.0,Excel导入缓存,0.87,0.86,0.0,0.0,Excel导入缓存,2.486,2.465,0.0,0.0,Excel导入缓存,0.005287009063444037,-0.01915991156963892,0.07634543178973718,-0.011494252873563204,0.04893617021276575,-0.014000000000000012,纳指ETF,纳指ETF,创业板ETF,纳指ETF,-0.014000000000000012,7.595850971682481,8.504439355542882,-0.10683695254622716,2023-02-10,2023-02-10,2022-08-19,8.504439355542882
2023-02-13,4.03,3.992,0.856,0.865,2.463,2.378,4.03,3.992,0.0,0.0,Excel导入缓存,0.865,0.856,0.0,0.0,Excel导入缓存,2.463,2.378,0.0,0.0,Excel导入缓存,-0.008691333498882625,-0.00025043826696713456,0.06134969325153383,0.005813953488372103,-0.016135705419941915,-0.0352941176470587,纳指ETF,纳指ETF,纳指ETF,纳指ETF,0.005813953488372103,7.640012895936449,8.504439355542882,-0.10164414413079814,2023-02-17,2023-02-17,2022-08-19,8.504439355542882
2023-02-20,4.008,4.021,0.863,0.86,2.372,2.357,4.021,4.008,0.0,0.0,Excel导入缓存,0.863,0.86,0.0,0.0,Excel导入缓存,2.372,2.357,0.0,0.0,Excel导入缓存,-0.019507437210436462,0.007264529058116143,0.05521472392638049,-0.005780346820809301,-0.059832469086557594,-0.00883095037846926,纳指ETF,纳指ETF,纳指ETF,纳指ETF,-0.005780346820809301,7.595850971682481,8.504439355542882,-0.10683695254622716,2023-02-24,2023-02-24,2022-08-19,8.504439355542882
2023-02-27,4.02,4.044,0.853,0.849,2.347,2.352,4.044,4.02,0.0,0.0,Excel导入缓存,0.853,0.849,0.0,0.0,Excel导入缓存,2.352,2.347,0.0,0.0,Excel导入缓存,-0.006632277081798144,0.0057199701566774674,-0.024137931034482807,-0.01279069767441865,-0.05920000000000003,-0.00212134068731451,黄金ETF,黄金ETF,纳指ETF,黄金ETF,-0.01279069767441865,7.498694738323751,8.504439355542882,-0.11826113106017078,2023-03-03,2023-03-03,2022-08-19,8.504439355542882
2023-03-06,4.063,4.061,0.865,0.848,2.356,2.3,4.063,4.061,0.0,0.0,Excel导入缓存,0.865,0.848,0.0,0.0,Excel导入缓存,2.356,2.3,0.0,0.0,Excel导入缓存,0.017029802153769147,0.004203758654797385,-0.013953488372092981,-0.0011778563015312216,-0.06693711967545646,-0.022108843537414935,黄金ETF,黄金ETF,黄金ETF,黄金ETF,0.004203758654797385,7.530217441229663,8.504439355542882,-0.1145545136585937,2023-03-10,2023-03-10,2022-08-19,8.504439355542882
2023-03-13,4.106,4.198,0.844,0.884,2.295,2.228,4.198,4.106,0.0,0.0,Excel导入缓存,0.884,0.844,0.0,0.0,Excel导入缓存,2.295,2.228,0.0,0.0,Excel导入缓存,0.051603206412825786,0.03373553311992139,0.021965317919075078,0.04245283018867929,-0.06307821698906635,-0.03130434782608682,黄金ETF,黄金ETF,黄金ETF,黄金ETF,0.03373553311992139,7.784253341118476,8.504439355542882,-0.08468353812823826,2023-03-17,2023-03-17,2022-08-19,8.504439355542882
2023-03-20,4.269,4.275,0.881,0.891,2.229,2.297,4.275,4.269,0.0,0.0,Excel导入缓存,0.891,0.881,0.0,0.0,Excel导入缓存,2.297,2.229,0.0,0.0,Excel导入缓存,0.06316836607809018,0.01834206765126245,0.03604651162790695,0.007918552036199067,-0.025456088247772568,0.03096947935368033,黄金ETF,黄金ETF,黄金ETF,黄金ETF,0.01834206765126245,7.9270326425158375,8.504439355542882,-0.06789474166227216,2023-03-24,2023-03-24,2022-08-19,8.504439355542882
2023-03-27,4.267,4.281,0.897,0.908,2.293,2.327,4.281,4.267,0.0,0.0,Excel导入缓存,0.908,0.897,0.0,0.0,Excel导入缓存,2.327,2.293,0.0,0.0,Excel导入缓存,0.0586053412462908,0.00140350877192974,0.06949352179034163,0.019079685746352437,-0.010629251700680187,0.013060513713539335,纳指ETF,纳指ETF,黄金ETF,纳指ETF,0.00140350877192974,7.9381583023649815,8.504439355542882,-0.0665865237558334,2023-03-31,2023-03-31,2022-08-19,8.504439355542882
2023-04-03,4.27,4.328,0.919,0.914,2.327,2.369,4.328,4.27,0.0,0.0,Excel导入缓存,0.919,0.914,0.0,0.0,Excel导入缓存,2.369,2.327,0.0,0.0,Excel导入缓存,0.06574735286875155,0.010978743284279613,0.0778301886792454,0.0066079295154184425,0.03000000000000025,0.01804899011602923,纳指ETF,纳指ETF,纳指ETF,纳指ETF,0.0066079295154184425,7.990613092909243,8.504439355542882,-0.060418593296070244,2023-04-07,2023-04-07,2022-08-19,8.504439355542882
2023-04-10,4.301,4.366,0.914,0.91,2.379,2.355,4.366,4.301,0.0,0.0,Excel导入缓存,0.914,0.91,0.0,0.0,Excel导入缓存,2.379,2.355,0.0,0.0,Excel导入缓存,0.04001905669366357,0.008780036968576654,0.02941176470588247,-0.004376367614879695,0.05700179533213645,-0.0059096665259603665,创业板ETF,创业板ETF,纳指ETF,创业板ETF,-0.004376367614879695,7.955643232546401,8.504439355542882,-0.06453054693591243,2023-04-14,2023-04-14,2022-08-19,8.504439355542882
2023-04-17,4.297,4.288,0.915,0.908,2.354,2.269,4.297,4.288,0.0,0.0,Excel导入缓存,0.915,0.908,0.0,0.0,Excel导入缓存,2.354,2.269,0.0,0.0,Excel导入缓存,0.003040935672514511,-0.017865322950068596,0.019079685746352437,-0.00219780219780219,-0.012189812799303423,-0.036518046709129504,纳指ETF,纳指ETF,创业板ETF,纳指ETF,-0.036518046709129504,7.665118681379101,8.504439355542882,-0.09869206411787068,2023-04-21,2023-04-21,2022-08-19,8.504439355542882
2023-04-24,4.29,4.298,0.908,0.923,2.267,2.255,4.298,4.29,0.0,0.0,Excel导入缓存,0.923,0.908,0.0,0.0,Excel导入缓存,2.267,2.255,0.0,0.0,Excel导入缓存,0.0039710348049522,0.0023320895522387364,0.016519823788546217,0.016519823788546217,-0.03094112591319298,-0.006170118995152185,纳指ETF,纳指ETF,纳指ETF,纳指ETF,0.016519823788546217,7.791745091313778,8.504439355542882,-0.08380261583787962,2023-04-28,2023-04-28,2022-08-19,8.504439355542882
2023-05-04,4.41,4.415,0.916,0.916,2.253,2.202,4.415,4.41,0.0,0.0,Excel导入缓存,0.916,0.916,0.0,0.0,Excel导入缓存,2.253,2.202,0.0,0.0,Excel导入缓存,0.02010166358595189,0.027221963704048502,0.002188183807439792,-0.007583965330444253,-0.07049387927395534,-0.023503325942350273,黄金ETF,黄金ETF,纳指ETF,黄金ETF,-0.007583965330444253,7.732652766677595,8.504439355542882,-0.09075102503520882,2023-05-05,2023-05-05,2022-08-19,8.504439355542882
2023-05-08,4.358,4.365,0.93,0.946,2.21,2.185,4.365,4.358,0.0,0.0,Excel导入缓存,0.946,0.93,0.0,0.0,Excel导入缓存,2.21,2.185,0.0,0.0,Excel导入缓存,-0.00022904260192380121,-0.011325028312570762,0.03956043956043942,0.03275109170305668,-0.0721868365180467,-0.007720254314259711,纳指ETF,纳指ETF,黄金ETF,纳指ETF,-0.011325028312570762,7.645080255163693,8.504439355542882,-0.10104829541986093,2023-05-12,2023-05-12,2022-08-19,8.504439355542882
2023-05-15,4.382,4.33,0.943,0.99,2.192,2.215,4.382,4.33,0.0,0.0,Excel导入缓存,0.99,0.943,0.0,0.0,Excel导入缓存,2.215,2.192,0.0,0.0,Excel导入缓存,0.009794776119403048,-0.008018327605956554,0.09030837004405279,0.04651162790697683,-0.0237990304098723,0.013729977116704761,纳指ETF,纳指ETF,纳指ETF,纳指ETF,0.04651162790697683,8.000665383310842,8.504439355542882,-0.05923658823008693,2023-05-19,2023-05-19,2022-08-19,8.504439355542882
2023-05-22,4.351,4.31,0.985,0.996,2.216,2.167,4.351,4.31,0.0,0.0,Excel导入缓存,0.996,0.985,0.0,0.0,Excel导入缓存,2.216,2.167,0.0,0.0,Excel导入缓存,0.0027919962773381712,-0.004618937644341958,0.07908992416034666,0.0060606060606061,-0.039024390243902474,-0.021670428893905247,纳指ETF,纳指ETF,纳指ETF,纳指ETF,0.0060606060606061,8.049154264421817,8.504439355542882,-0.05353499179511767,2023-05-26,2023-05-26,2022-08-19,8.504439355542882
2023-05-29,4.31,4.375,1.029,1.043,2.171,2.175,4.375,4.31,0.0,0.0,Excel导入缓存,1.043,1.029,0.0,0.0,Excel导入缓存,2.175,2.171,0.0,0.0,Excel导入缓存,-0.009060022650056676,0.015081206496519783,0.1386462882096069,0.04718875502008024,-0.012261580381471404,0.00369173973234882,纳指ETF,纳指ETF,纳指ETF,纳指ETF,0.04718875502008024,8.428983833124454,8.504439355542882,-0.008872486387859202,2023-06-02,2023-06-02,2022-08-19,8.504439355542882
2023-06-05,4.33,4.375,1.048,1.047,2.173,2.086,4.375,4.33,0.0,0.0,Excel导入缓存,1.048,1.047,0.0,0.0,Excel导入缓存,2.173,2.086,0.0,0.0,Excel导入缓存,0.002290950744558984,0.0,0.10676532769556024,0.003835091083413289,-0.04530892448512591,-0.04091954022988509,纳指ETF,纳指ETF,纳指ETF,纳指ETF,0.003835091083413289,8.461309753865104,8.504439355542882,-0.0050714220978796964,2023-06-09,2023-06-09,2022-08-19,8.504439355542882
2023-06-12,4.368,4.359,1.055,1.1,2.08,2.208,4.368,4.359,0.0,0.0,Excel导入缓存,1.1,1.055,0.0,0.0,Excel导入缓存,2.208,2.08,0.0,0.0,Excel导入缓存,0.006697459584295684,-0.0036571428571429143,0.11111111111111116,0.05062082139446056,-0.0031602708803609714,0.05848513902205199,纳指ETF,纳指ETF,纳指ETF,纳指ETF,0.05062082139446056,8.889628203678717,8.889628203678717,0.0,2023-06-16,2023-06-16,2023-06-16,8.889628203678717
2023-06-19,4.365,4.356,1.097,1.1,2.211,2.156,4.365,4.356,0.0,0.0,Excel导入缓存,1.1,1.097,0.0,0.0,Excel导入缓存,2.211,2.156,0.0,0.0,Excel导入缓存,0.010672853828306295,-0.0006882312456986117,0.10441767068273111,0.0,-0.0050761421319796,-0.023550724637681153,纳指ETF,纳指ETF,纳指ETF,纳指ETF,0.0,8.889628203678717,8.889628203678717,0.0,2023-06-21,2023-06-21,2023-06-21,8.889628203678717
2023-06-26,4.353,4.349,1.091,1.1,2.14,2.164,4.353,4.349,0.0,0.0,Excel导入缓存,1.1,1.091,0.0,0.0,Excel导入缓存,2.164,2.14,0.0,0.0,Excel导入缓存,-0.005942857142857139,-0.001606978879706067,0.0546500479386387,0.0,-0.005057471264367619,0.0037105751391466324,纳指ETF,纳指ETF,纳指ETF,纳指ETF,0.0,8.889628203678717,8.889628203678717,0.0,2023-06-30,2023-06-30,2023-06-30,8.889628203678717
2023-07-03,4.364,4.359,1.116,1.106,2.168,2.118,4.364,4.359,0.0,0.0,Excel导入缓存,1.116,1.106,0.0,0.0,Excel导入缓存,2.168,2.118,0.0,0.0,Excel导入缓存,-0.0036571428571429143,0.002299379167624682,0.05635148042024851,0.005454545454545379,0.015340364333652934,-0.021256931608133245,纳指ETF,纳指ETF,纳指ETF,纳指ETF,0.005454545454545379,8.93811708478969,8.93811708478969,0.0,2023-07-07,2023-07-07,2023-07-07,8.93811708478969
2023-07-10,4.367,4.388,1.101,1.126,2.127,2.169,4.388,4.367,0.0,0.0,Excel导入缓存,1.126,1.101,0.0,0.0,Excel导入缓存,2.169,2.127,0.0,0.0,Excel导入缓存,0.0066529020417527285,0.0066529020417527285,0.023636363636363455,0.018083182640144413,-0.017663043478260976,0.024079320113314484,纳指ETF,纳指ETF,纳指ETF,纳指ETF,0.018083182640144413,9.099746688492937,9.099746688492937,0.0,2023-07-14,2023-07-14,2023-07-14,9.099746688492937
2023-07-17,4.394,4.453,1.126,1.128,2.163,2.11,4.453,4.394,0.0,0.0,Excel导入缓存,1.128,1.126,0.0,0.0,Excel导入缓存,2.163,2.11,0.0,0.0,Excel导入缓存,0.02226813590449961,0.014813126709207092,0.025454545454545174,0.001776198934280604,-0.02133580705009286,-0.027201475334255543,纳指ETF,纳指ETF,纳指ETF,纳指ETF,0.001776198934280604,9.115909648863262,9.115909648863262,0.0,2023-07-21,2023-07-21,2023-07-21,9.115909648863262
2023-07-24,4.45,4.404,1.124,1.134,2.1,2.163,4.45,4.404,0.0,0.0,Excel导入缓存,1.134,1.124,0.0,0.0,Excel导入缓存,2.163,2.1,0.0,0.0,Excel导入缓存,0.012646585421935974,-0.011003817651021874,0.030909090909090775,0.005319148936170137,-0.0004621072088726308,0.025118483412322146,纳指ETF,纳指ETF,纳指ETF,纳指ETF,0.005319148936170137,9.164398529974235,9.164398529974235,0.0,2023-07-28,2023-07-28,2023-07-28,9.164398529974235
2023-07-31,4.408,4.401,1.146,1.128,2.172,2.204,4.408,4.401,0.0,0.0,Excel导入缓存,1.146,1.128,0.0,0.0,Excel导入缓存,2.204,2.172,0.0,0.0,Excel导入缓存,0.009635237439779676,-0.0006811989100817817,0.01989150090415892,-0.005291005291005346,0.040604343720491265,0.018955154877485114,创业板ETF,创业板ETF,纳指ETF,创业板ETF,-0.005291005291005346,9.11590964886326,9.164398529974235,-0.005291005291005346,2023-08-04,2023-08-04,2023-07-28,9.164398529974235
2023-08-07,4.416,4.412,1.121,1.124,2.198,2.175,4.416,4.412,0.0,0.0,Excel导入缓存,1.124,1.121,0.0,0.0,Excel导入缓存,2.198,2.175,0.0,0.0,Excel导入缓存,0.005469462169553241,0.002499431947284636,-0.001776198934280493,-0.0035460992907799804,0.0027662517289073207,-0.013157894736842257,黄金ETF,黄金ETF,创业板ETF,黄金ETF,-0.013157894736842257,8.995963469272953,9.164398529974235,-0.018379281537176495,2023-08-11,2023-08-11,2023-07-28,9.164398529974235
2023-08-14,4.41,4.42,1.104,1.083,2.112,2.065,4.42,4.41,0.0,0.0,Excel导入缓存,1.104,1.083,0.0,0.0,Excel导入缓存,2.112,2.065,0.0,0.0,Excel导入缓存,-0.007410734336402491,0.0018132366273799772,-0.039893617021276584,-0.03647686832740227,-0.02132701421800942,-0.05057471264367808,黄金ETF,黄金ETF,黄金ETF,黄金ETF,0.0018132366273799772,9.01227527973401,9.164398529974235,-0.01659937089626462,2023-08-18,2023-08-18,2023-07-28,9.164398529974235
2023-08-21,4.42,4.45,1.084,1.091,2.061,1.991,4.45,4.42,0.0,0.0,Excel导入缓存,1.091,1.084,0.0,0.0,Excel导入缓存,2.061,1.991,0.0,0.0,Excel导入缓存,0.010445049954586727,0.006787330316742057,-0.0379188712522045,0.007386888273314796,-0.07951918631530275,-0.03583535108958835,黄金ETF,黄金ETF,黄金ETF,黄金ETF,0.006787330316742057,9.073444568962975,9.164398529974235,-0.009924705992845562,2023-08-25,2023-08-25,2023-07-28,9.164398529974235
2023-08-28,4.44,4.49,1.102,1.139,2.136,2.049,4.49,4.44,0.0,0.0,Excel导入缓存,1.139,1.102,0.0,0.0,Excel导入缓存,2.136,2.049,0.0,0.0,Excel导入缓存,0.02022267666439448,0.008988764044943753,0.009751773049645474,0.04399633363886357,-0.07032667876588028,0.029131089904570473,黄金ETF,黄金ETF,黄金ETF,黄金ETF,0.008988764044943753,9.155003621268259,9.164398529974235,-0.001025152788287076,2023-09-01,2023-09-01,2023-07-28,9.164398529974235
2023-09-04,4.49,4.54,1.14,1.141,2.058,1.998,4.54,4.49,0.0,0.0,Excel导入缓存,1.141,1.14,0.0,0.0,Excel导入缓存,2.058,1.998,0.0,0.0,Excel导入缓存,0.02901178603807808,0.011135857461024523,0.015124555160142217,0.0017559262510975504,-0.08137931034482748,-0.02489019033674955,黄金ETF,黄金ETF,黄金ETF,黄金ETF,0.011135857461024523,9.256952436649865,9.256952436649865,0.0,2023-09-08,2023-09-08,2023-09-08,9.256952436649865
2023-09-11,4.53,4.55,1.136,1.142,2.0,1.954,4.55,4.53,0.0,0.0,Excel导入缓存,1.142,1.136,0.0,0.0,Excel导入缓存,2.0,1.954,0.0,0.0,Excel导入缓存,0.02941176470588225,0.0022026431718060735,0.05447830101569706,0.0008764241893075564,-0.05375302663438253,-0.02202202202202208,纳指ETF,纳指ETF,黄金ETF,纳指ETF,0.0022026431718060735,9.277342199726185,9.277342199726185,0.0,2023-09-15,2023-09-15,2023-09-15,9.277342199726185
2023-09-18,4.55,4.56,1.124,1.092,1.951,1.964,4.56,4.55,0.0,0.0,Excel导入缓存,1.124,1.092,0.0,0.0,Excel导入缓存,1.964,1.951,0.0,0.0,Excel导入缓存,0.024719101123595433,0.00219780219780219,0.0009165902841430373,-0.0437828371278457,-0.013561024610748484,0.0051177072671442225,黄金ETF,黄金ETF,纳指ETF,黄金ETF,-0.0437828371278457,8.871153837216283,9.277342199726185,-0.0437828371278457,2023-09-22,2023-09-22,2023-09-15,9.277342199726185
2023-09-25,4.55,4.33,1.089,1.069,1.955,1.9533,4.55,4.33,0.0,0.0,Excel导入缓存,1.089,1.069,0.0,0.0,Excel导入缓存,1.955,1.9533,0.0,0.0,Excel导入缓存,-0.03563474387527843,-0.05043859649122795,-0.061457418788410934,-0.02106227106227121,-0.04670571010248892,-0.0054480651731160235,黄金ETF,黄金ETF,黄金ETF,黄金ETF,-0.05043859649122795,8.423705288409323,9.277342199726185,-0.0920130887639411,2023-09-28,2023-09-28,2023-09-15,9.277342199726185
2023-10-02,4.44,4.44,1.08,1.08,1.953,1.953,4.44,4.44,0.0,0.0,Excel导入缓存,1.08,1.08,0.0,0.0,Excel导入缓存,1.953,1.953,0.0,0.0,Excel导入缓存,-0.022026431718061623,0.025404157043879882,-0.05346187554776505,0.01028999064546321,-0.022522522522522515,-0.00015358623867300913,黄金ETF,黄金ETF,黄金ETF,黄金ETF,0.025404157043879882,8.637702420447434,9.277342199726185,-0.06894644667711292,2023-09-28,2023-09-28,2023-09-15,9.277342199726185
2023-10-09,4.4,4.41,1.099,1.122,1.95,1.945,4.41,4.4,0.0,0.0,Excel导入缓存,1.122,1.099,0.0,0.0,Excel导入缓存,1.95,1.945,0.0,0.0,Excel导入缓存,-0.03076923076923066,-0.006756756756756799,-0.017513134851138146,0.03888888888888897,-0.004605936540429845,-0.004096262160778297,创业板ETF,创业板ETF,黄金ETF,创业板ETF,-0.006756756756756799,8.579339566255221,9.277342199726185,-0.07523734906442969,2023-10-13,2023-10-13,2023-09-15,9.277342199726185
2023-10-16,4.48,4.6,1.112,1.086,1.945,1.85,4.6,4.48,0.0,0.0,Excel导入缓存,1.112,1.086,0.0,0.0,Excel导入缓存,1.945,1.85,0.0,0.0,Excel导入缓存,0.00877192982456143,0.04308390022675734,-0.005494505494505475,-0.03208556149732622,-0.05804480651731159,-0.04884318766066842,黄金ETF,黄金ETF,创业板ETF,黄金ETF,-0.04884318766066842,8.16029727381602,9.277342199726185,-0.12040570476565293,2023-10-20,2023-10-20,2023-09-15,9.277342199726185
2023-10-23,4.57,4.6,1.076,1.053,1.845,1.881,4.6,4.57,0.0,0.0,Excel导入缓存,1.076,1.053,0.0,0.0,Excel导入缓存,1.881,1.845,0.0,0.0,Excel导入缓存,0.06235565819861422,0.0,-0.014967259120673537,-0.0303867403314918,-0.037014283520196645,0.016756756756756808,黄金ETF,黄金ETF,黄金ETF,黄金ETF,0.0,8.16029727381602,9.277342199726185,-0.12040570476565293,2023-10-27,2023-10-27,2023-09-15,9.277342199726185
2023-10-30,4.64,4.61,1.053,1.099,1.874,1.918,4.64,4.61,0.0,0.0,Excel导入缓存,1.099,1.053,0.0,0.0,Excel导入缓存,1.918,1.874,0.0,0.0,Excel导入缓存,0.03828828828828823,0.0021739130434783593,0.017592592592592604,0.04368471035137711,-0.017921146953405076,0.019670388091440616,黄金ETF,黄金ETF,黄金ETF,黄金ETF,0.0021739130434783593,8.17803705049823,9.277342199726185,-0.11849354325427397,2023-11-03,2023-11-03,2023-09-15,9.277342199726185
2023-11-06,4.61,4.55,1.11,1.116,1.93,1.955,4.61,4.55,0.0,0.0,Excel导入缓存,1.116,1.11,0.0,0.0,Excel导入缓存,1.955,1.93,0.0,0.0,Excel导入缓存,0.03174603174603163,-0.013015184381778844,-0.005347593582887722,0.01546860782529591,0.005141388174807249,0.01929092805005217,黄金ETF,黄金ETF,黄金ETF,黄金ETF,-0.013015184381778844,8.071598390404976,9.277342199726185,-0.1299665123225482,2023-11-10,2023-11-10,2023-09-15,9.277342199726185
2023-11-13,4.52,4.57,1.14,1.161,1.965,1.934,4.57,4.52,0.0,0.0,Excel导入缓存,1.161,1.14,0.0,0.0,Excel导入缓存,1.965,1.934,0.0,0.0,Excel导入缓存,-0.006521739130434634,0.004395604395604602,0.06906077348066297,0.040322580645161255,0.045405405405405386,-0.010741687979539671,纳指ETF,纳指ETF,黄金ETF,纳指ETF,0.004395604395604602,8.107077943769395,9.277342199726185,-0.12614218929978993,2023-11-17,2023-11-17,2023-09-15,9.277342199726185
2023-11-20,4.55,4.5,1.154,1.157,1.934,1.888,4.55,4.5,0.0,0.0,Excel导入缓存,1.157,1.154,0.0,0.0,Excel导入缓存,1.934,1.888,0.0,0.0,Excel导入缓存,-0.021739130434782483,-0.015317286652078876,0.09876543209876543,-0.003445305770887197,0.0037214247740562367,-0.02378490175801451,纳指ETF,纳指ETF,纳指ETF,纳指ETF,-0.003445305770887197,8.079146581344695,9.277342199726185,-0.12915289665793017,2023-11-24,2023-11-24,2023-09-15,9.277342199726185
2023-11-27,4.53,4.59,1.151,1.148,1.883,1.881,4.59,4.53,0.0,0.0,Excel导入缓存,1.151,1.148,0.0,0.0,Excel导入缓存,1.883,1.881,0.0,0.0,Excel导入缓存,-0.004338394793926392,0.020000000000000018,0.04458598726114649,-0.007778738115816863,-0.01929092805005206,-0.00370762711864403,纳指ETF,纳指ETF,纳指ETF,纳指ETF,-0.007778738115816863,8.016301015889118,9.277342199726185,-0.13592698821374571,2023-12-01,2023-12-01,2023-09-15,9.277342199726185
2023-12-04,4.67,4.59,1.148,1.157,1.878,1.843,4.67,4.59,0.0,0.0,Excel导入缓存,1.157,1.148,0.0,0.0,Excel导入缓存,1.878,1.843,0.0,0.0,Excel导入缓存,0.00879120879120876,0.0,0.036738351254480106,0.007839721254355503,-0.057289002557544766,-0.02020202020202022,纳指ETF,纳指ETF,纳指ETF,纳指ETF,0.007839721254355503,8.079146581344695,9.277342199726185,-0.12915289665793017,2023-12-08,2023-12-08,2023-09-15,9.277342199726185
2023-12-11,4.55,4.59,1.164,1.193,1.836,1.802,4.59,4.55,0.0,0.0,Excel导入缓存,1.193,1.164,0.0,0.0,Excel导入缓存,1.836,1.802,0.0,0.0,Excel导入缓存,0.004376367614879584,0.0,0.027562446167097354,0.03111495246326701,-0.06825232678386761,-0.022246337493217583,纳指ETF,纳指ETF,纳指ETF,纳指ETF,0.03111495246326701,8.330528843167,9.277342199726185,-0.10205653043466789,2023-12-15,2023-12-15,2023-09-15,9.277342199726185
2023-12-18,4.57,4.63,1.198,1.206,1.792,1.78,4.63,4.57,0.0,0.0,Excel导入缓存,1.206,1.198,0.0,0.0,Excel导入缓存,1.792,1.78,0.0,0.0,Excel导入缓存,0.028888888888888964,0.008714596949891185,0.04235090751944681,0.010896898575020852,-0.05720338983050843,-0.01220865704772478,纳指ETF,纳指ETF,纳指ETF,纳指ETF,0.010896898575020852,8.421305771047278,9.277342199726185,-0.09227173152071211,2023-12-22,2023-12-22,2023-09-15,9.277342199726185
2023-12-25,4.63,4.64,1.21,1.204,1.777,1.8424,4.64,4.63,0.0,0.0,Excel导入缓存,1.21,1.204,0.0,0.0,Excel导入缓存,1.8424,1.777,0.0,0.0,Excel导入缓存,0.01089324618736387,0.002159827213822796,0.04878048780487809,-0.0016583747927031434,-0.02052099946836783,0.03505617977528086,纳指ETF,纳指ETF,纳指ETF,纳指ETF,-0.0016583747927031434,8.407340089834927,9.277342199726185,-0.09377708519978234,2023-12-29,2023-12-29,2023-09-15,9.277342199726185
2024-01-01,4.65,4.66,1.213,1.176,1.842,1.728,4.66,4.65,0.0,0.0,Excel导入缓存,1.213,1.176,0.0,0.0,Excel导入缓存,1.842,1.728,0.0,0.0,Excel导入缓存,0.015250544662309462,0.004310344827586299,0.016421780466724156,-0.023255813953488413,-0.06239826370048829,-0.06209292227529317,纳指ETF,纳指ETF,纳指ETF,纳指ETF,-0.023255813953488413,8.21182055286202,9.277342199726185,-0.11485203670676425,2024-01-05,2024-01-05,2023-09-15,9.277342199726185
2024-01-08,4.66,4.65,1.18,1.219,1.724,1.714,4.66,4.65,0.0,0.0,Excel导入缓存,1.219,1.18,0.0,0.0,Excel导入缓存,1.724,1.714,0.0,0.0,Excel导入缓存,0.013071895424836777,-0.0021459227467810482,0.021793797150041927,0.03656462585034026,-0.04883462819089901,-0.00810185185185186,纳指ETF,纳指ETF,纳指ETF,纳指ETF,0.03656462585034026,8.512082698927555,9.277342199726185,-0.08248693260675621,2024-01-12,2024-01-12,2023-09-15,9.277342199726185
2024-01-15,4.65,4.64,1.219,1.242,1.702,1.669,4.65,4.64,0.0,0.0,Excel导入缓存,1.242,1.219,0.0,0.0,Excel导入缓存,1.702,1.669,0.0,0.0,Excel导入缓存,0.002159827213822796,-0.0021505376344087557,0.029850746268656803,0.018867924528301883,-0.06235955056179776,-0.026254375729288126,纳指ETF,纳指ETF,纳指ETF,纳指ETF,0.018867924528301883,8.672688032869585,9.277342199726185,-0.06517536529744972,2024-01-19,2024-01-19,2023-09-15,9.277342199726185
2024-01-22,4.65,4.63,1.269,1.261,1.663,1.637,4.65,4.63,0.0,0.0,Excel导入缓存,1.269,1.261,0.0,0.0,Excel导入缓存,1.663,1.637,0.0,0.0,Excel导入缓存,-0.0021551724137930384,-0.0021551724137930384,0.047342192691029794,0.015297906602254274,-0.11148501953973078,-0.019173157579388866,纳指ETF,纳指ETF,纳指ETF,纳指ETF,0.015297906602254274,8.805362004386913,9.277342199726185,-0.05087450534628357,2024-01-26,2024-01-26,2023-09-15,9.277342199726185
2024-01-29,4.64,4.68,1.261,1.283,1.638,1.508,4.68,4.64,0.0,0.0,Excel导入缓存,1.283,1.261,0.0,0.0,Excel导入缓存,1.638,1.508,0.0,0.0,Excel导入缓存,0.0042918454935620964,0.010799136069114423,0.09098639455782309,0.017446471054718415,-0.12731481481481477,-0.07880268784361633,纳指ETF,纳指ETF,纳指ETF,纳指ETF,0.017446471054718415,8.958984497722767,9.277342199726185,-0.034315614876512135,2024-02-02,2024-02-02,2023-09-15,9.277342199726185
2024-02-05,4.66,4.66,1.295,1.308,1.491,1.681,4.66,4.66,0.0,0.0,Excel导入缓存,1.308,1.295,0.0,0.0,Excel导入缓存,1.681,1.491,0.0,0.0,Excel导入缓存,0.0021505376344086446,-0.004273504273504147,0.07301066447908111,0.019485580670304037,-0.019253208868144633,0.11472148541114069,纳指ETF,纳指ETF,纳指ETF,纳指ETF,0.019485580670304037,9.133555512877148,9.277342199726185,-0.015498693888135406,2024-02-09,2024-02-09,2023-09-15,9.277342199726185
2024-02-12,4.66,4.66,1.308,1.308,1.681,1.681,4.66,4.66,0.0,0.0,Excel导入缓存,1.308,1.308,0.0,0.0,Excel导入缓存,1.681,1.681,0.0,0.0,Excel导入缓存,0.004310344827586299,0.0,0.0531400966183575,0.0,0.0071899340922707555,0.0,纳指ETF,纳指ETF,纳指ETF,纳指ETF,0.0,9.133555512877148,9.277342199726185,-0.015498693888135406,2024-02-09,2024-02-09,2023-09-15,9.277342199726185
2024-02-19,4.64,4.63,1.296,1.321,1.704,1.709,4.64,4.63,0.0,0.0,Excel导入缓存,1.321,1.296,0.0,0.0,Excel导入缓存,1.709,1.704,0.0,0.0,Excel导入缓存,0.0,-0.006437768240343367,0.04758128469468681,0.009938837920489219,0.04398289554062318,0.016656751933372904,纳指ETF,纳指ETF,纳指ETF,纳指ETF,0.009938837920489219,9.224332440757426,9.277342199726185,-0.005713894974179512,2024-02-23,2024-02-23,2023-09-15,9.277342199726185
2024-02-26,4.65,4.67,1.311,1.321,1.706,1.775,4.67,4.65,0.0,0.0,Excel导入缓存,1.321,1.311,0.0,0.0,Excel导入缓存,1.775,1.706,0.0,0.0,Excel导入缓存,-0.002136752136752129,0.008639308855291628,0.029618082618862118,0.0,0.17705570291777173,0.03861907548273824,创业板ETF,创业板ETF,纳指ETF,创业板ETF,0.0,9.224332440757426,9.277342199726185,-0.005713894974179512,2024-03-01,2024-03-01,2023-09-15,9.277342199726185
2024-03-04,4.73,4.88,1.337,1.337,1.773,1.756,4.88,4.73,0.0,0.0,Excel导入缓存,1.337,1.337,0.0,0.0,Excel导入缓存,1.773,1.756,0.0,0.0,Excel导入缓存,0.04721030042918439,0.044967880085653,0.022171253822629966,0.012112036336108911,0.0446162998215347,-0.010704225352112573,黄金ETF,黄金ETF,创业板ETF,黄金ETF,-0.010704225352112573,9.125593107588756,9.277342199726185,-0.016356957506850178,2024-03-08,2024-03-08,2023-09-15,9.277342199726185
2024-03-11,4.91,4.9,1.317,1.316,1.76,1.833,4.91,4.9,0.0,0.0,Excel导入缓存,1.317,1.316,0.0,0.0,Excel导入缓存,1.833,1.76,0.0,0.0,Excel导入缓存,0.051502145922746934,0.004098360655737876,0.006116207951070374,-0.015706806282722474,0.09042236763831046,0.04384965831435084,创业板ETF,创业板ETF,黄金ETF,创业板ETF,0.004098360655737876,9.16299307934117,9.277342199726185,-0.012325633562205951,2024-03-15,2024-03-15,2023-09-15,9.277342199726185
2024-03-18,4.88,4.95,1.307,1.338,1.85,1.817,4.95,4.88,0.0,0.0,Excel导入缓存,1.338,1.307,0.0,0.0,Excel导入缓存,1.85,1.817,0.0,0.0,Excel导入缓存,0.06911447084233258,0.010204081632652962,0.012869038607115968,0.016717325227963542,0.06319485078993559,-0.008728859792689558,黄金ETF,黄金ETF,创业板ETF,黄金ETF,-0.008728859792689558,9.083010597470217,9.277342199726185,-0.0209469046276749,2024-03-22,2024-03-22,2023-09-15,9.277342199726185
2024-03-25,4.96,5.13,1.34,1.337,1.809,1.768,5.13,4.96,0.0,0.0,Excel导入缓存,1.34,1.337,0.0,0.0,Excel导入缓存,1.809,1.768,0.0,0.0,Excel导入缓存,0.09850107066381164,0.036363636363636376,0.012112036336108911,-0.0007473841554559435,-0.003943661971830936,-0.026967528893780957,黄金ETF,黄金ETF,黄金ETF,黄金ETF,0.036363636363636376,9.41330189192368,9.41330189192368,0.0,2024-03-29,2024-03-29,2024-03-29,9.41330189192368
2024-04-01,5.18,5.23,1.346,1.327,1.78,1.79,5.23,5.18,0.0,0.0,Excel导入缓存,1.346,1.327,0.0,0.0,Excel导入缓存,1.79,1.78,0.0,0.0,Excel导入缓存,0.07172131147541005,0.01949317738791434,-0.007479431563201189,-0.007479431563201189,0.019362186788154823,0.012443438914027105,黄金ETF,黄金ETF,黄金ETF,黄金ETF,0.01949317738791434,9.596797055508938,9.596797055508938,0.0,2024-04-03,2024-04-03,2024-04-03,9.596797055508938
2024-04-08,5.29,5.5,1.327,1.341,1.785,1.713,5.5,5.29,0.0,0.0,Excel导入缓存,1.341,1.327,0.0,0.0,Excel导入缓存,1.785,1.713,0.0,0.0,Excel导入缓存,0.12244897959183665,0.05162523900573612,0.018996960486322045,0.010550113036925435,-0.0654664484451718,-0.043016759776536295,黄金ETF,黄金ETF,黄金ETF,黄金ETF,0.05162523900573612,10.092233997189132,10.092233997189132,0.0,2024-04-12,2024-04-12,2024-04-12,10.092233997189132
2024-04-15,5.39,5.47,1.323,1.264,1.712,1.705,5.47,5.39,0.0,0.0,Excel导入缓存,1.323,1.264,0.0,0.0,Excel导入缓存,1.712,1.705,0.0,0.0,Excel导入缓存,0.10505050505050506,-0.00545454545454549,-0.05530642750373693,-0.05741983594332589,-0.06164006604292782,-0.00467016929363695,黄金ETF,黄金ETF,黄金ETF,黄金ETF,-0.00545454545454549,10.037185448113554,10.092233997189132,-0.00545454545454549,2024-04-19,2024-04-19,2024-04-12,10.092233997189132
2024-04-22,5.45,5.33,1.25,1.29,1.695,1.774,5.45,5.33,0.0,0.0,Excel导入缓存,1.29,1.25,0.0,0.0,Excel导入缓存,1.774,1.695,0.0,0.0,Excel导入缓存,0.03898635477582846,-0.025594149908592212,-0.03515332834704554,0.020569620253164667,0.0033936651583710287,0.04046920821114375,黄金ETF,黄金ETF,黄金ETF,黄金ETF,-0.025594149908592212,9.780292219094196,10.092233997189132,-0.030909090909090775,2024-04-26,2024-04-26,2024-04-12,10.092233997189132
2024-04-29,5.3,5.29,1.301,1.299,1.78,1.816,5.3,5.29,0.0,0.0,Excel导入缓存,1.301,1.299,0.0,0.0,Excel导入缓存,1.816,1.78,0.0,0.0,Excel导入缓存,0.011472275334607929,-0.007504690431519689,-0.02110022607385076,0.006976744186046435,0.01452513966480451,0.02367531003382184,创业板ETF,创业板ETF,黄金ETF,创业板ETF,-0.007504690431519689,9.706894153660093,10.092233997189132,-0.038181818181818095,2024-04-30,2024-04-30,2024-04-12,10.092233997189132
2024-05-06,5.22,5.37,1.301,1.321,1.852,1.84,5.37,5.22,0.0,0.0,Excel导入缓存,1.321,1.301,0.0,0.0,Excel导入缓存,1.852,1.84,0.0,0.0,Excel导入缓存,-0.023636363636363567,0.01512287334593565,-0.014914243102162605,0.016936104695919996,0.0741389375364856,0.013215859030837107,创业板ETF,创业板ETF,创业板ETF,创业板ETF,0.013215859030837107,9.835179098422122,10.092233997189132,-0.025470564677612884,2024-05-10,2024-05-10,2024-04-12,10.092233997189132
2024-05-13,5.34,5.42,1.323,1.355,1.819,1.824,5.42,5.34,0.0,0.0,Excel导入缓存,1.355,1.323,0.0,0.0,Excel导入缓存,1.824,1.819,0.0,0.0,Excel导入缓存,-0.009140767824497242,0.009310986964618184,0.071993670886076,0.025738077214231714,0.06979472140762466,-0.008695652173913104,纳指ETF,纳指ETF,创业板ETF,纳指ETF,-0.008695652173913104,9.749655801914104,10.092233997189132,-0.033944733680416284,2024-05-17,2024-05-17,2024-04-12,10.092233997189132
2024-05-20,5.52,5.32,1.357,1.358,1.828,1.781,5.52,5.32,0.0,0.0,Excel导入缓存,1.358,1.357,0.0,0.0,Excel导入缓存,1.828,1.781,0.0,0.0,Excel导入缓存,-0.0018761726078798668,-0.01845018450184499,0.05271317829457378,0.0022140221402215943,0.003945885005636862,-0.023574561403508887,纳指ETF,纳指ETF,纳指ETF,纳指ETF,0.0022140221402215943,9.771241755719082,10.092233997189132,-0.03180586593210699,2024-05-24,2024-05-24,2024-04-12,10.092233997189132
2024-05-27,5.32,5.34,1.371,1.353,1.784,1.772,5.34,5.32,0.0,0.0,Excel导入缓存,1.371,1.353,0.0,0.0,Excel导入缓存,1.784,1.772,0.0,0.0,Excel导入缓存,0.009451795841209698,0.003759398496240518,0.04157043879907629,-0.003681885125184192,-0.024229074889867808,-0.005053340819764163,纳指ETF,纳指ETF,纳指ETF,纳指ETF,-0.003681885125184192,9.73526516604412,10.092233997189132,-0.035370645512622145,2024-05-31,2024-05-31,2024-04-12,10.092233997189132
2024-06-03,5.32,5.4,1.359,1.394,1.769,1.748,5.4,5.32,0.0,0.0,Excel导入缓存,1.394,1.359,0.0,0.0,Excel导入缓存,1.769,1.748,0.0,0.0,Excel导入缓存,0.005586592178770999,0.011235955056179803,0.05526116578349738,0.030303030303030276,-0.050000000000000044,-0.013544018058690765,纳指ETF,纳指ETF,纳指ETF,纳指ETF,0.030303030303030276,10.03027320137879,10.092233997189132,-0.006139452952398705,2024-06-07,2024-06-07,2024-04-12,10.092233997189132
2024-06-10,5.4,5.27,1.394,1.435,1.748,1.756,5.4,5.27,0.0,0.0,Excel导入缓存,1.435,1.394,0.0,0.0,Excel导入缓存,1.756,1.748,0.0,0.0,Excel导入缓存,-0.027675276752767597,-0.024074074074074248,0.05904059040590415,0.02941176470588247,-0.037280701754386025,0.004576659038901587,纳指ETF,纳指ETF,纳指ETF,纳指ETF,0.02941176470588247,10.325281236713462,10.325281236713462,0.0,2024-06-14,2024-06-14,2024-06-14,10.325281236713462
2024-06-17,5.3,5.38,1.439,1.45,1.746,1.723,5.38,5.3,0.0,0.0,Excel导入缓存,1.45,1.439,0.0,0.0,Excel导入缓存,1.746,1.723,0.0,0.0,Excel导入缓存,0.011278195488721776,0.020872865275142427,0.06774668630338732,0.010452961672473782,-0.032565974171813505,-0.018792710706150295,纳指ETF,纳指ETF,纳指ETF,纳指ETF,0.010452961672473782,10.43321100573834,10.43321100573834,0.0,2024-06-21,2024-06-21,2024-06-21,10.43321100573834
2024-06-24,5.3,5.31,1.443,1.413,1.711,1.6513,5.31,5.3,0.0,0.0,Excel导入缓存,1.443,1.413,0.0,0.0,Excel导入缓存,1.711,1.6513,0.0,0.0,Excel导入缓存,-0.005617977528089901,-0.013011152416356975,0.04434589800443467,-0.02551724137931033,-0.06811512415349885,-0.04161346488682538,纳指ETF,纳指ETF,纳指ETF,纳指ETF,-0.02551724137931033,10.166984242143638,10.43321100573834,-0.02551724137931033,2024-06-28,2024-06-28,2024-06-21,10.43321100573834
2024-07-01,5.3,5.38,1.467,1.529,1.648,1.623,5.38,5.3,0.0,0.0,Excel导入缓存,1.529,1.467,0.0,0.0,Excel导入缓存,1.648,1.623,0.0,0.0,Excel导入缓存,-0.0037037037037037646,0.01318267419962349,0.09684361549497855,0.08209483368719028,-0.07151029748283755,-0.01713801247501967,纳指ETF,纳指ETF,纳指ETF,纳指ETF,0.08209483368719028,11.001641122602704,11.001641122602704,0.0,2024-07-05,2024-07-05,2024-07-05,11.001641122602704
2024-07-08,5.43,5.45,1.547,1.492,1.615,1.653,5.45,5.43,0.0,0.0,Excel导入缓存,1.547,1.492,0.0,0.0,Excel导入缓存,1.653,1.615,0.0,0.0,Excel导入缓存,0.034155597722960174,0.013011152416356975,0.03972125435540064,-0.02419882275997376,-0.05865603644646922,0.01848428835489835,纳指ETF,纳指ETF,纳指ETF,纳指ETF,-0.02419882275997376,10.735414359008002,11.001641122602704,-0.02419882275997376,2024-07-12,2024-07-12,2024-07-05,11.001641122602704
2024-07-15,5.45,5.43,1.505,1.471,1.644,1.692,5.45,5.43,0.0,0.0,Excel导入缓存,1.505,1.471,0.0,0.0,Excel导入缓存,1.692,1.644,0.0,0.0,Excel导入缓存,0.009293680297397744,-0.003669724770642313,0.014482758620689706,-0.01407506702412864,-0.017991874637260707,0.023593466424682408,纳指ETF,纳指ETF,纳指ETF,纳指ETF,-0.01407506702412864,10.584312682373172,11.001641122602704,-0.03793328973185073,2024-07-19,2024-07-19,2024-07-05,11.001641122602704
2024-07-22,5.43,5.35,1.46,1.409,1.693,1.627,5.43,5.35,0.0,0.0,Excel导入缓存,1.46,1.409,0.0,0.0,Excel导入缓存,1.693,1.627,0.0,0.0,Excel导入缓存,0.007532956685499137,-0.014732965009208066,-0.0028308563340410098,-0.042148198504418755,-0.01471567855628897,-0.038416075650118175,黄金ETF,黄金ETF,纳指ETF,黄金ETF,-0.042148198504418755,10.13820297040367,11.001641122602704,-0.07848266841072593,2024-07-26,2024-07-26,2024-07-05,11.001641122602704
2024-07-29,5.39,5.51,1.428,1.396,1.622,1.609,5.51,5.39,0.0,0.0,Excel导入缓存,1.428,1.396,0.0,0.0,Excel导入缓存,1.622,1.609,0.0,0.0,Excel导入缓存,0.024163568773234223,0.029906542056074903,-0.08698495748855462,-0.009226401703335774,-0.008626001232285851,-0.011063306699446884,黄金ETF,黄金ETF,黄金ETF,黄金ETF,0.029906542056074903,10.441401563911072,11.001641122602704,-0.05092327157814924,2024-08-02,2024-08-02,2024-07-05,11.001641122602704
2024-08-05,5.39,5.4,1.33,1.35,1.592,1.566,5.4,5.39,0.0,0.0,Excel导入缓存,1.35,1.33,0.0,0.0,Excel导入缓存,1.592,1.566,0.0,0.0,Excel导入缓存,-0.00917431192660545,-0.019963702359346525,-0.0951742627345844,-0.032951289398280625,-0.05263157894736836,-0.02672467371037912,黄金ETF,黄金ETF,黄金ETF,黄金ETF,-0.019963702359346525,10.232952530874735,11.001641122602704,-0.06987035690054544,2024-08-09,2024-08-09,2024-07-05,11.001641122602704
2024-08-12,5.41,5.45,1.355,1.469,1.566,1.561,5.45,5.41,0.0,0.0,Excel导入缓存,1.469,1.355,0.0,0.0,Excel导入缓存,1.566,1.561,0.0,0.0,Excel导入缓存,0.0036832412523020164,0.0092592592592593,-0.0013596193065941176,0.08814814814814809,-0.07742316784869974,-0.0031928480204342913,黄金ETF,黄金ETF,黄金ETF,黄金ETF,0.0092592592592593,10.327702091345799,11.001641122602704,-0.06125804539036528,2024-08-16,2024-08-16,2024-07-05,11.001641122602704
2024-08-19,5.5,5.5,1.47,1.457,1.56,1.517,5.5,5.5,0.0,0.0,Excel导入缓存,1.47,1.457,0.0,0.0,Excel导入缓存,1.56,1.517,0.0,0.0,Excel导入缓存,0.028037383177570208,0.00917431192660545,0.03406671398154715,-0.008168822328114334,-0.06760909649661961,-0.02818705957719414,纳指ETF,纳指ETF,黄金ETF,纳指ETF,0.00917431192660545,10.42245165181686,11.001641122602704,-0.05264573388018512,2024-08-23,2024-08-23,2024-07-05,11.001641122602704
2024-08-26,5.53,5.52,1.47,1.417,1.517,1.552,5.53,5.52,0.0,0.0,Excel导入缓存,1.47,1.417,0.0,0.0,Excel导入缓存,1.552,1.517,0.0,0.0,Excel导入缓存,0.001814882032667775,0.0036363636363636598,0.015042979942693435,-0.02745367192862047,-0.03542573026724671,0.023071852340145194,纳指ETF,纳指ETF,纳指ETF,纳指ETF,-0.02745367192862047,10.136317083475973,11.001641122602704,-0.0786540871024175,2024-08-30,2024-08-30,2024-07-05,11.001641122602704
2024-09-02,5.51,5.52,1.429,1.372,1.547,1.508,5.52,5.51,0.0,0.0,Excel导入缓存,1.429,1.372,0.0,0.0,Excel导入缓存,1.547,1.508,0.0,0.0,Excel导入缓存,0.022222222222222143,0.0,0.016296296296296253,-0.031757233592095924,-0.03703703703703709,-0.028350515463917536,黄金ETF,黄金ETF,纳指ETF,黄金ETF,-0.031757233592095924,9.814415694092474,11.001641122602704,-0.10791348447742888,2024-09-06,2024-09-06,2024-07-05,11.001641122602704
2024-09-09,5.49,5.61,1.349,1.435,1.5,1.509,5.61,5.49,0.0,0.0,Excel导入缓存,1.435,1.349,0.0,0.0,Excel导入缓存,1.509,1.5,0.0,0.0,Excel导入缓存,0.029357798165137616,0.01630434782608714,-0.023144996596324074,0.04591836734693877,-0.03331197950032039,0.0006631299734747298,黄金ETF,黄金ETF,黄金ETF,黄金ETF,0.01630434782608714,9.974433341278766,11.001641122602704,-0.09336859563738675,2024-09-13,2024-09-13,2024-07-05,11.001641122602704
2024-09-16,5.61,5.66,1.435,1.443,1.509,1.508,5.66,5.61,0.0,0.0,Excel导入缓存,1.443,1.435,0.0,0.0,Excel导入缓存,1.509,1.508,0.0,0.0,Excel导入缓存,0.029090909090909056,0.008912655971479388,-0.009608785175017176,0.0055749128919859725,-0.005932762030322891,-0.000662690523525411,黄金ETF,黄金ETF,黄金ETF,黄金ETF,0.008912655971479388,10.063332034160037,11.001641122602704,-0.08528810183736357,2024-09-20,2024-09-20,2024-07-05,11.001641122602704
2024-09-23,5.68,5.71,1.45,1.414,1.507,1.86,5.71,5.68,0.0,0.0,Excel导入缓存,1.45,1.414,0.0,0.0,Excel导入缓存,1.86,1.507,0.0,0.0,Excel导入缓存,0.034420289855072506,0.008833922261484162,-0.0021171489061397875,-0.02009702009702019,0.19845360824742264,0.23342175066312998,创业板ETF,创业板ETF,黄金ETF,创业板ETF,0.008833922261484162,10.15223072704131,11.001641122602704,-0.07720760803734028,2024-09-27,2024-09-27,2024-07-05,11.001641122602704
2024-09-30,5.64,5.71,1.401,1.409,2.0,2.232,5.71,5.64,0.0,0.0,Excel导入缓存,1.409,1.401,0.0,0.0,Excel导入缓存,2.232,2.0,0.0,0.0,Excel导入缓存,0.034420289855072506,0.0,0.02696793002915454,-0.0035360678925034916,0.4801061007957561,0.19999999999999996,创业板ETF,创业板ETF,创业板ETF,创业板ETF,0.19999999999999996,12.182676872449571,12.182676872449571,0.0,2024-09-30,2024-09-30,2024-09-30,12.182676872449571
2024-10-07,5.71,5.74,1.409,1.445,2.232,2.06,5.74,5.71,0.0,0.0,Excel导入缓存,1.445,1.409,0.0,0.0,Excel导入缓存,2.232,2.06,0.0,0.0,Excel导入缓存,0.02317290552584672,0.005253940455341555,0.006968641114982521,0.025550035486160416,0.3651424784625581,-0.0770609318996417,创业板ETF,创业板ETF,创业板ETF,创业板ETF,-0.0770609318996417,11.243868439626395,12.182676872449571,-0.0770609318996417,2024-10-11,2024-10-11,2024-09-30,12.182676872449571
2024-10-14,5.77,5.95,1.447,1.459,2.078,2.156,5.95,5.77,0.0,0.0,Excel导入缓存,1.459,1.447,0.0,0.0,Excel导入缓存,2.156,2.078,0.0,0.0,Excel导入缓存,0.051236749116607694,0.03658536585365857,0.011088011088011163,0.009688581314878819,0.4297082228116711,0.04660194174757293,创业板ETF,创业板ETF,创业板ETF,创业板ETF,0.04660194174757293,11.767854541667237,12.182676872449571,-0.03405017921146958,2024-10-18,2024-10-18,2024-09-30,12.182676872449571
2024-10-21,5.99,6.0,1.464,1.455,2.162,2.196,6.0,5.99,0.0,0.0,Excel导入缓存,1.464,1.455,0.0,0.0,Excel导入缓存,2.196,2.162,0.0,0.0,Excel导入缓存,0.05078809106830118,0.008403361344537785,0.028995756718529053,-0.002741603838245399,0.1806451612903226,0.01855287569573294,创业板ETF,创业板ETF,创业板ETF,创业板ETF,0.01855287569573294,11.986182084184255,12.182676872449571,-0.016129032258064502,2024-10-25,2024-10-25,2024-09-30,12.182676872449571
2024-10-28,5.99,6.05,1.473,1.442,2.193,2.084,6.05,5.99,0.0,0.0,Excel导入缓存,1.473,1.442,0.0,0.0,Excel导入缓存,2.193,2.084,0.0,0.0,Excel导入缓存,0.05954465849387036,0.008333333333333304,0.023420865862313622,-0.008934707903780148,-0.06630824372759858,-0.051001821493624866,黄金ETF,黄金ETF,创业板ETF,黄金ETF,-0.051001821493624866,11.374864965136606,12.182676872449571,-0.06630824372759869,2024-11-01,2024-11-01,2024-09-30,12.182676872449571
2024-11-04,6.01,5.9,1.441,1.525,2.081,2.282,6.01,5.9,0.0,0.0,Excel导入缓存,1.525,1.441,0.0,0.0,Excel导入缓存,2.282,2.081,0.0,0.0,Excel导入缓存,0.027874564459930307,-0.024793388429751984,0.05536332179930792,0.057558945908460446,0.10776699029126213,0.09500959692898281,创业板ETF,创业板ETF,黄金ETF,创业板ETF,-0.024793388429751984,11.092843519719997,12.182676872449571,-0.08945762611451757,2024-11-08,2024-11-08,2024-09-30,12.182676872449571
2024-11-11,5.9,5.68,1.53,1.51,2.25,2.204,5.9,5.68,0.0,0.0,Excel导入缓存,1.53,1.51,0.0,0.0,Excel导入缓存,2.25,2.204,0.0,0.0,Excel导入缓存,-0.04537815126050426,-0.03728813559322042,0.034955448937628475,-0.00983606557377048,0.02226345083487935,-0.03418054338299725,纳指ETF,纳指ETF,创业板ETF,纳指ETF,-0.03418054338299725,10.713684100553408,12.182676872449571,-0.12058045922716754,2024-11-15,2024-11-15,2024-09-30,12.182676872449571
2024-11-18,5.75,6.01,1.491,1.521,2.205,2.136,6.01,5.75,0.0,0.0,Excel导入缓存,1.521,1.491,0.0,0.0,Excel导入缓存,2.205,2.136,0.0,0.0,Excel导入缓存,0.0016666666666667052,0.05809859154929575,0.04536082474226788,0.007284768211920367,-0.02732240437158473,-0.030852994555353952,纳指ETF,纳指ETF,纳指ETF,纳指ETF,0.007284768211920367,10.791730805921675,12.182676872449571,-0.11417409171160409,2024-11-22,2024-11-22,2024-09-30,12.182676872449571
2024-11-25,6.01,5.92,1.533,1.532,2.14,2.179,6.01,5.92,0.0,0.0,Excel导入缓存,1.533,1.532,0.0,0.0,Excel导入缓存,2.179,2.14,0.0,0.0,Excel导入缓存,-0.02148760330578514,-0.014975041597337757,0.06241331484049928,0.007232084155161189,0.045585412667946246,0.020131086142322063,纳指ETF,纳指ETF,纳指ETF,纳指ETF,0.007232084155161189,10.869777511289946,12.182676872449571,-0.1077677241960403,2024-11-29,2024-11-29,2024-09-30,12.182676872449571
2024-12-02,5.85,5.9,1.54,1.584,2.172,2.224,5.9,5.85,0.0,0.0,Excel导入缓存,1.584,1.54,0.0,0.0,Excel导入缓存,2.224,2.172,0.0,0.0,Excel导入缓存,0.0,-0.0033783783783782884,0.03868852459016403,0.03394255874673635,-0.025416301489921023,0.020651675080312293,纳指ETF,纳指ETF,纳指ETF,纳指ETF,0.03394255874673635,11.238725573030859,12.182676872449571,-0.07748307775883023,2024-12-06,2024-12-06,2024-09-30,12.182676872449571
2024-12-09,5.94,6.0,1.599,1.629,2.219,2.193,6.0,5.94,0.0,0.0,Excel导入缓存,1.629,1.599,0.0,0.0,Excel导入缓存,2.219,2.193,0.0,0.0,Excel导入缓存,0.05633802816901423,0.016949152542372836,0.07880794701986749,0.02840909090909083,-0.004990925589836714,-0.01393884892086339,纳指ETF,纳指ETF,纳指ETF,纳指ETF,0.02840909090909083,11.558007549537416,12.182676872449571,-0.05127521064970608,2024-12-13,2024-12-13,2024-09-30,12.182676872449571
2024-12-16,5.95,5.89,1.631,1.597,2.19,2.169,5.95,5.89,0.0,0.0,Excel导入缓存,1.631,1.597,0.0,0.0,Excel导入缓存,2.19,2.169,0.0,0.0,Excel导入缓存,-0.019966722129783676,-0.018333333333333424,0.04996712689020377,-0.019643953345610865,0.015449438202247201,-0.01094391244870041,纳指ETF,纳指ETF,纳指ETF,纳指ETF,-0.019643953345610865,11.330962588466086,12.182676872449571,-0.06991191614952774,2024-12-20,2024-12-20,2024-09-30,12.182676872449571
2024-12-23,5.92,5.95,1.626,1.662,2.163,2.163,5.95,5.92,0.0,0.0,Excel导入缓存,1.662,1.626,0.0,0.0,Excel导入缓存,2.163,2.163,0.0,0.0,Excel导入缓存,0.0050675675675675436,0.01018675721561979,0.08485639686684077,0.0407013149655604,-0.007342817806333168,-0.0027662517289074318,纳指ETF,纳指ETF,纳指ETF,纳指ETF,0.0407013149655604,11.792147665642226,12.182676872449571,-0.03205610810301507,2024-12-27,2024-12-27,2024-09-30,12.182676872449571
2024-12-30,5.93,6.03,1.634,1.633,2.158,1.978,6.03,5.93,0.0,0.0,Excel导入缓存,1.634,1.633,0.0,0.0,Excel导入缓存,2.158,1.978,0.0,0.0,Excel导入缓存,0.02203389830508473,0.013445378151260456,0.030934343434343425,-0.017448856799037293,-0.110611510791367,-0.08552935737401746,纳指ETF,纳指ETF,纳指ETF,纳指ETF,-0.017448856799037293,11.586388169671332,12.182676872449571,-0.048945622462228444,2025-01-03,2025-01-03,2024-09-30,12.182676872449571
2025-01-06,6.02,6.11,1.66,1.63,1.978,1.938,6.11,6.02,0.0,0.0,Excel导入缓存,1.66,1.63,0.0,0.0,Excel导入缓存,1.978,1.938,0.0,0.0,Excel导入缓存,0.018333333333333313,0.013266998341625147,0.000613873542050225,-0.001837109614207022,-0.11627906976744196,-0.020222446916076886,黄金ETF,黄金ETF,纳指ETF,黄金ETF,-0.001837109614207022,11.565102704570895,12.182676872449571,-0.05069281360283673,2025-01-10,2025-01-10,2024-09-30,12.182676872449571
2025-01-13,6.11,6.14,1.613,1.63,1.916,2.026,6.14,6.11,0.0,0.0,Excel导入缓存,1.63,1.613,0.0,0.0,Excel导入缓存,2.026,1.916,0.0,0.0,Excel导入缓存,0.042444821731748794,0.004909983633387682,0.020663744520976746,0.0,-0.06592899953895814,0.04540763673890602,黄金ETF,黄金ETF,黄金ETF,黄金ETF,0.004909983633387682,11.621887169568787,12.182676872449571,-0.04603173085456924,2025-01-17,2025-01-17,2024-09-30,12.182676872449571
2025-01-20,6.09,6.22,1.644,1.644,2.047,2.084,6.22,6.09,0.0,0.0,Excel导入缓存,1.644,1.644,0.0,0.0,Excel导入缓存,2.084,2.047,0.0,0.0,Excel导入缓存,0.04537815126050404,0.013029315960912058,-0.010830324909747335,0.008588957055214674,-0.03652334720295869,0.02862783810463987,黄金ETF,黄金ETF,黄金ETF,黄金ETF,0.013029315960912058,11.773312409563168,12.182676872449571,-0.03360217685918909,2025-01-24,2025-01-24,2024-09-30,12.182676872449571
2025-01-27,6.22,6.2,1.612,1.615,2.086,2.028,6.22,6.2,0.0,0.0,Excel导入缓存,1.615,1.612,0.0,0.0,Excel导入缓存,2.086,2.028,0.0,0.0,Excel导入缓存,0.028192371475953548,-0.003215434083601254,-0.01102265768524191,-0.017639902676398922,0.025278058645096024,-0.026871401151631447,黄金ETF,黄金ETF,黄金ETF,黄金ETF,-0.003215434083601254,11.735456099564573,12.182676872449571,-0.03670956535803416,2025-01-27,2025-01-27,2024-09-30,12.182676872449571
2025-02-03,6.2,6.42,1.615,1.623,2.028,2.131,6.42,6.2,0.0,0.0,Excel导入缓存,1.623,1.615,0.0,0.0,Excel导入缓存,2.131,2.028,0.0,0.0,Excel导入缓存,0.0507364975450082,0.03548387096774186,-0.004294478527607337,0.004953560371516952,0.09958720330237347,0.05078895463510835,创业板ETF,创业板ETF,黄金ETF,创业板ETF,0.03548387096774186,12.151875509549122,12.182676872449571,-0.0025282918707386637,2025-02-07,2025-02-07,2024-09-30,12.182676872449571
2025-02-10,6.46,6.61,1.611,1.629,2.14,2.174,6.61,6.46,0.0,0.0,Excel导入缓存,1.629,1.611,0.0,0.0,Excel导入缓存,2.174,2.14,0.0,0.0,Excel导入缓存,0.07654723127035834,0.029595015576324046,-0.0006134969325152229,0.003696857670979714,0.07305034550839107,0.020178320037541164,黄金ETF,黄金ETF,创业板ETF,黄金ETF,0.020178320037541164,12.397079942637163,12.397079942637163,0.0,2025-02-14,2025-02-14,2025-02-14,12.397079942637163
2025-02-17,6.48,6.57,1.629,1.611,2.198,2.239,6.57,6.48,0.0,0.0,Excel导入缓存,1.629,1.611,0.0,0.0,Excel导入缓存,2.239,2.198,0.0,0.0,Excel导入缓存,0.0562700964630225,-0.00605143721633894,-0.02007299270072993,-0.011049723756906049,0.07437619961612274,0.029898804047838068,创业板ETF,创业板ETF,黄金ETF,创业板ETF,-0.00605143721633894,12.32205979169836,12.397079942637163,-0.00605143721633894,2025-02-21,2025-02-21,2025-02-14,12.397079942637163
2025-02-24,6.55,6.44,1.581,1.511,2.232,2.128,6.55,6.44,0.0,0.0,Excel导入缓存,1.581,1.511,0.0,0.0,Excel导入缓存,2.232,2.128,0.0,0.0,Excel导入缓存,0.03870967741935494,-0.019786910197869045,-0.06439628482972137,-0.062073246430788376,0.04930966469428011,-0.04957570343903517,创业板ETF,创业板ETF,创业板ETF,创业板ETF,-0.04957570343903517,11.711185009707062,12.397079942637163,-0.05532713639855691,2025-02-28,2025-02-28,2025-02-14,12.397079942637163
2025-03-03,6.45,6.53,1.528,1.5,2.133,2.16,6.53,6.45,0.0,0.0,Excel导入缓存,1.528,1.5,0.0,0.0,Excel导入缓存,2.16,2.133,0.0,0.0,Excel导入缓存,0.017133956386292892,0.013975155279503104,-0.07578558225508314,-0.007279947054930402,0.01360863444392324,0.015037593984962516,黄金ETF,黄金ETF,创业板ETF,黄金ETF,0.015037593984962516,11.887293054965816,12.397079942637163,-0.04112152942710656,2025-03-07,2025-03-07,2025-02-14,12.397079942637163
2025-03-10,6.53,6.67,1.498,1.438,2.166,2.186,6.67,6.53,0.0,0.0,Excel导入缓存,1.498,1.438,0.0,0.0,Excel导入缓存,2.186,2.166,0.0,0.0,Excel导入缓存,0.009077155824508187,0.021439509954058078,-0.11724984653161452,-0.04133333333333333,0.005519779208831732,0.012037037037036846,黄金ETF,黄金ETF,黄金ETF,黄金ETF,0.021439509954058078,12.14215079274456,12.397079942637163,-0.020563644912527046,2025-03-14,2025-03-14,2025-02-14,12.397079942637163
2025-03-17,6.67,6.77,1.452,1.468,2.188,2.112,6.77,6.67,0.0,0.0,Excel导入缓存,1.468,1.452,0.0,0.0,Excel导入缓存,2.188,2.112,0.0,0.0,Excel导入缓存,0.030441400304414,0.014992503748125774,-0.08876474239602727,0.020862308762169768,-0.0567217507815988,-0.03385178408051226,黄金ETF,黄金ETF,黄金ETF,黄金ETF,0.014992503748125774,12.324192034015091,12.397079942637163,-0.005879441687827502,2025-03-21,2025-03-21,2025-02-14,12.397079942637163
2025-03-24,6.77,6.94,1.485,1.475,2.11,2.089,6.94,6.77,0.0,0.0,Excel导入缓存,1.485,1.475,0.0,0.0,Excel导入缓存,2.11,2.089,0.0,0.0,Excel导入缓存,0.07763975155279512,0.02511078286558366,-0.02382528127068151,0.004768392370572361,-0.018327067669173025,-0.010890151515151603,黄金ETF,黄金ETF,黄金ETF,黄金ETF,0.02511078286558366,12.633662144175,12.633662144175,0.0,2025-03-28,2025-03-28,2025-03-28,12.633662144175
2025-03-31,6.94,7.09,1.428,1.413,2.079,2.027,7.09,6.94,0.0,0.0,Excel导入缓存,1.428,1.413,0.0,0.0,Excel导入缓存,2.079,2.027,0.0,0.0,Excel导入缓存,0.08575803981623276,0.02161383285302576,-0.05799999999999994,-0.04203389830508475,-0.061574074074074114,-0.029679272379128707,黄金ETF,黄金ETF,黄金ETF,黄金ETF,0.02161383285302576,12.906724006080797,12.906724006080797,0.0,2025-04-03,2025-04-03,2025-04-03,12.906724006080797
2025-04-07,6.801,7.273,1.272,1.413,1.93,1.892,7.273,6.801,0.0,0.0,Excel导入缓存,1.413,1.272,0.0,0.0,Excel导入缓存,1.93,1.892,0.0,0.0,Excel导入缓存,0.09040479760119946,0.02581100141043713,-0.017385257301807955,0.0,-0.13449222323879229,-0.06660088801184028,黄金ETF,黄金ETF,黄金ETF,黄金ETF,0.02581100141043713,13.23985947760587,13.23985947760587,0.0,2025-04-11,2025-04-11,2025-04-11,13.23985947760587
2025-04-14,7.301,7.583,1.435,1.381,1.915,1.878,7.583,7.301,0.0,0.0,Excel导入缓存,1.435,1.381,0.0,0.0,Excel导入缓存,1.915,1.878,0.0,0.0,Excel导入缓存,0.12008862629246697,0.04262340162243916,-0.059264305177111676,-0.02264685067232841,-0.11079545454545459,-0.007399577167019,黄金ETF,黄金ETF,黄金ETF,黄金ETF,0.04262340162243916,13.804187325544524,13.804187325544524,0.0,2025-04-18,2025-04-18,2025-04-18,13.804187325544524
2025-04-21,7.684,7.53,1.374,1.444,1.874,1.92,7.684,7.53,0.0,0.0,Excel导入缓存,1.444,1.374,0.0,0.0,Excel导入缓存,1.92,1.874,0.0,0.0,Excel导入缓存,0.08501440922190207,-0.006989318211789497,-0.021016949152542486,0.04561911658218687,-0.08089995213020584,0.022364217252396124,黄金ETF,黄金ETF,黄金ETF,黄金ETF,-0.006989318211789497,13.707705467671142,13.804187325544524,-0.006989318211789497,2025-04-25,2025-04-25,2025-04-18,13.804187325544524
2025-04-28,7.499,7.471,1.44,1.446,1.918,1.921,7.499,7.471,0.0,0.0,Excel导入缓存,1.446,1.44,0.0,0.0,Excel导入缓存,1.921,1.918,0.0,0.0,Excel导入缓存,0.053737658674189115,-0.007835325365205814,0.023354564755838636,0.0013850415512466352,-0.05229403058707449,0.0005208333333333037,黄金ETF,黄金ETF,黄金ETF,黄金ETF,-0.007835325365205814,13.600301135321528,13.804187325544524,-0.0147698799947249,2025-04-30,2025-04-30,2025-04-18,13.804187325544524
2025-05-05,7.596,7.531,1.469,1.486,1.936,1.984,7.596,7.531,0.0,0.0,Excel导入缓存,1.486,1.469,0.0,0.0,Excel导入缓存,1.984,1.936,0.0,0.0,Excel导入缓存,0.03547366973738475,0.008031053406505118,0.05166312809624918,0.02766251728907343,0.04862579281183943,0.03279541905257677,纳指ETF,纳指ETF,黄金ETF,纳指ETF,0.008031053406505118,13.709525880083847,13.804187325544524,-0.006857444283265179,2025-05-09,2025-05-09,2025-04-18,13.804187325544524
2025-05-12,7.341,7.178,1.513,1.561,2.013,2.01,7.341,7.178,0.0,0.0,Excel导入缓存,1.561,1.513,0.0,0.0,Excel导入缓存,2.013,2.01,0.0,0.0,Excel导入缓存,-0.05340894105235394,-0.046872925242331664,0.13034033309196236,0.05047106325706596,0.07028753993610226,0.013104838709677269,纳指ETF,纳指ETF,纳指ETF,纳指ETF,0.05047106325706596,14.401460228001941,14.401460228001941,0.0,2025-05-16,2025-05-16,2025-05-16,14.401460228001941
2025-05-19,7.206,7.454,1.55,1.534,2.006,1.994,7.454,7.206,0.0,0.0,Excel导入缓存,1.55,1.534,0.0,0.0,Excel导入缓存,2.006,1.994,0.0,0.0,Excel导入缓存,-0.010092961487383811,0.03845082195597649,0.06232686980609414,-0.017296604740550836,0.038541666666666696,-0.007960199004975022,纳指ETF,纳指ETF,纳指ETF,纳指ETF,-0.017296604740550836,14.152363862751429,14.401460228001941,-0.017296604740550836,2025-05-23,2025-05-23,2025-05-16,14.401460228001941
2025-05-26,7.438,7.369,1.54,1.556,1.99,1.972,7.438,7.369,0.0,0.0,Excel导入缓存,1.556,1.54,0.0,0.0,Excel导入缓存,1.99,1.972,0.0,0.0,Excel导入缓存,-0.013652790791058855,-0.011403273410249493,0.07607192254495176,0.014341590612777066,0.026548672566371723,-0.011033099297893645,纳指ETF,纳指ETF,纳指ETF,纳指ETF,0.014341590612777066,14.35533127147407,14.401460228001941,-0.0032030749519538215,2025-05-30,2025-05-30,2025-05-16,14.401460228001941
2025-06-02,7.501,7.481,1.567,1.567,1.961,2.017,7.501,7.481,0.0,0.0,Excel导入缓存,1.567,1.567,0.0,0.0,Excel导入缓存,2.017,1.961,0.0,0.0,Excel导入缓存,-0.006639224538573907,0.015198805808115168,0.054508748317631195,0.007069408740359773,0.016633064516129004,0.022819472616632863,纳指ETF,纳指ETF,纳指ETF,纳指ETF,0.007069408740359773,14.456814975835389,14.456814975835389,0.0,2025-06-06,2025-06-06,2025-06-06,14.456814975835389
2025-06-09,7.364,7.588,1.573,1.554,2.02,2.02,7.588,7.364,0.0,0.0,Excel导入缓存,1.573,1.554,0.0,0.0,Excel导入缓存,2.02,2.02,0.0,0.0,Excel导入缓存,0.0571189746447478,0.014302900681727015,-0.004484304932735328,-0.00829610721123164,0.004975124378109541,0.0014873574615765772,黄金ETF,黄金ETF,纳指ETF,黄金ETF,-0.00829610721123164,14.33687968886292,14.456814975835389,-0.00829610721123164,2025-06-13,2025-06-13,2025-06-06,14.456814975835389
2025-06-16,7.629,7.436,1.561,1.562,2.019,1.988,7.629,7.436,0.0,0.0,Excel导入缓存,1.562,1.561,0.0,0.0,Excel导入缓存,2.019,1.988,0.0,0.0,Excel导入缓存,-0.0024148108398175383,-0.02003162888771748,0.018252933507170832,0.005148005148005064,-0.0030090270812437314,-0.015841584158415856,纳指ETF,纳指ETF,黄金ETF,纳指ETF,-0.02003162888771748,14.049688635527763,14.456814975835389,-0.028161551558080977,2025-06-20,2025-06-20,2025-06-06,14.456814975835389
2025-06-23,7.452,7.326,1.551,1.619,1.98,2.101,7.452,7.326,0.0,0.0,Excel导入缓存,1.619,1.551,0.0,0.0,Excel导入缓存,2.101,1.98,0.0,0.0,Excel导入缓存,-0.0058352558013299305,-0.0147928994082841,0.040488431876606557,0.03649167733674763,0.0654158215010141,0.05684104627766606,创业板ETF,创业板ETF,纳指ETF,创业板ETF,0.03649167733674763,14.562385339897213,14.562385339897213,0.0,2025-06-27,2025-06-27,2025-06-27,14.562385339897213
2025-06-30,7.3,7.407,1.625,1.636,2.11,2.133,7.407,7.3,0.0,0.0,Excel导入缓存,1.636,1.625,0.0,0.0,Excel导入缓存,2.133,2.11,0.0,0.0,Excel导入缓存,-0.009891725705119647,0.011056511056511065,0.04403318442884485,0.01050030883261277,0.05751115518096195,0.015230842455973281,创业板ETF,创业板ETF,创业板ETF,创业板ETF,0.015230842455973281,14.784182736792363,14.784182736792363,0.0,2025-07-04,2025-07-04,2025-07-04,14.784182736792363
2025-07-07,7.348,7.376,1.633,1.633,2.126,2.185,7.376,7.348,0.0,0.0,Excel导入缓存,1.633,1.633,0.0,0.0,Excel导入缓存,2.185,2.126,0.0,0.0,Excel导入缓存,-0.027938850817079586,-0.0041852301876602604,0.0508365508365507,-0.001833740831295727,0.08168316831683176,0.024378809188935868,创业板ETF,创业板ETF,创业板ETF,创业板ETF,0.024378809188935868,15.144603506746984,15.144603506746984,0.0,2025-07-11,2025-07-11,2025-07-11,15.144603506746984
2025-07-14,7.426,7.403,1.626,1.662,2.18,2.252,7.426,7.403,0.0,0.0,Excel导入缓存,1.662,1.626,0.0,0.0,Excel导入缓存,2.252,2.18,0.0,0.0,Excel导入缓存,-0.004437869822485285,0.003660520607375206,0.0640204865556977,0.017758726270667324,0.1327967806841046,0.030663615560640567,创业板ETF,创业板ETF,创业板ETF,创业板ETF,0.030663615560640567,15.608991806496203,15.608991806496203,0.0,2025-07-18,2025-07-18,2025-07-18,15.608991806496203
2025-07-21,7.43,7.409,1.663,1.666,2.258,2.318,7.43,7.409,0.0,0.0,Excel导入缓存,1.666,1.663,0.0,0.0,Excel导入缓存,2.318,2.258,0.0,0.0,Excel导入缓存,0.011329511329511321,0.0008104822369310316,0.029030265596046823,0.002406738868832692,0.1032841504045694,0.02930728241563063,创业板ETF,创业板ETF,创业板ETF,创业板ETF,0.02930728241563063,16.06644893759245,16.06644893759245,0.0,2025-07-25,2025-07-25,2025-07-25,16.06644893759245
2025-07-28,7.371,7.352,1.679,1.671,2.329,2.303,7.371,7.352,0.0,0.0,Excel导入缓存,1.679,1.671,0.0,0.0,Excel导入缓存,2.329,2.303,0.0,0.0,Excel导入缓存,-0.007425408397461863,-0.007693345930624873,0.021393643031784926,0.0030012004801922565,0.07969995311767453,-0.0064710957722174944,创业板ETF,创业板ETF,创业板ETF,创业板ETF,-0.0064710957722174944,15.96248140779785,16.06644893759245,-0.0064710957722174944,2025-08-01,2025-08-01,2025-07-25,16.06644893759245
2025-08-04,7.432,7.508,1.643,1.691,2.285,2.312,7.508,7.432,0.0,0.0,Excel导入缓存,1.691,1.643,0.0,0.0,Excel导入缓存,2.312,2.285,0.0,0.0,Excel导入缓存,0.017895878524945674,0.021218715995647397,0.03551745254133509,0.011968880909634994,0.05812356979405031,0.0039079461571862595,创业板ETF,创业板ETF,创业板ETF,创业板ETF,0.0039079461571862595,16.02486192567461,16.06644893759245,-0.0025884383088869978,2025-08-08,2025-08-08,2025-07-25,16.06644893759245
2025-08-11,7.452,7.401,1.706,1.722,2.317,2.509,7.452,7.401,0.0,0.0,Excel导入缓存,1.722,1.706,0.0,0.0,Excel导入缓存,2.509,2.317,0.0,0.0,Excel导入缓存,-0.0002701607456436772,-0.014251465103889194,0.036101083032491044,0.01833234772324066,0.11412078152753113,0.08520761245674735,创业板ETF,创业板ETF,创业板ETF,创业板ETF,0.08520761245674735,17.39030215031038,17.39030215031038,0.0,2025-08-15,2025-08-15,2025-08-15,17.39030215031038
2025-08-18,7.398,7.378,1.715,1.676,2.52,2.662,7.398,7.378,0.0,0.0,Excel导入缓存,1.715,1.676,0.0,0.0,Excel导入缓存,2.662,2.52,0.0,0.0,Excel导入缓存,-0.004184100418409997,-0.0031076881502499765,0.006002400960384069,-0.026713124274099886,0.1484037963761864,0.06098047030689524,创业板ETF,创业板ETF,创业板ETF,创业板ETF,0.06098047030689524,18.45077095421532,18.45077095421532,0.0,2025-08-22,2025-08-22,2025-08-22,18.45077095421532
2025-08-25,7.419,7.486,1.7,1.692,2.693,2.865,7.486,7.419,0.0,0.0,Excel导入缓存,1.7,1.692,0.0,0.0,Excel导入缓存,2.865,2.693,0.0,0.0,Excel导入缓存,0.018226332970620263,0.014638113309840106,0.012567324955116588,0.009546539379474916,0.2440295267042989,0.07625845229151018,创业板ETF,创业板ETF,创业板ETF,创业板ETF,0.07625845229151018,19.85779819076893,19.85779819076893,0.0,2025-08-29,2025-08-29,2025-08-29,19.85779819076893
2025-09-01,7.546,7.775,1.679,1.701,2.88,2.944,7.775,7.546,0.0,0.0,Excel导入缓存,1.701,1.679,0.0,0.0,Excel导入缓存,2.944,2.88,0.0,0.0,Excel导入缓存,0.03556206712839649,0.03860539674058261,0.005913660555884048,0.005319148936170359,0.273356401384083,0.027574171029668415,创业板ETF,创业板ETF,创业板ETF,创业板ETF,0.027574171029668415,20.40536051435383,20.40536051435383,0.0,2025-09-05,2025-09-05,2025-09-05,20.40536051435383
2025-09-08,7.811,7.954,1.698,1.714,2.946,2.995,7.954,7.811,0.0,0.0,Excel导入缓存,1.714,1.698,0.0,0.0,Excel导入缓存,2.995,2.946,0.0,0.0,Excel导入缓存,0.0747196324820969,0.023022508038585077,-0.004645760743321681,0.007642563198118735,0.19370267038660827,0.017323369565217517,创业板ETF,创业板ETF,创业板ETF,创业板ETF,0.017323369565217517,20.75885011565548,20.75885011565548,0.0,2025-09-12,2025-09-12,2025-09-12,20.75885011565548
2025-09-15,7.908,7.898,1.719,1.751,3.006,3.062,7.908,7.898,0.0,0.0,Excel导入缓存,1.751,1.719,0.0,0.0,Excel导入缓存,3.062,3.006,0.0,0.0,Excel导入缓存,0.07047980482515581,-0.007040482775961809,0.04474940334128874,0.02158693115519239,0.1502629601803156,0.022370617696160222,创业板ETF,创业板ETF,创业板ETF,创业板ETF,0.022370617696160222,21.2232384154047,21.2232384154047,0.0,2025-09-19,2025-09-19,2025-09-19,21.2232384154047
2025-09-22,8.005,8.16,1.762,1.78,3.068,3.129,8.16,8.005,0.0,0.0,Excel导入缓存,1.78,1.762,0.0,0.0,Excel导入缓存,3.129,3.068,0.0,0.0,Excel导入缓存,0.0900347314987977,0.03317295517852625,0.05200945626477549,0.016561964591661926,0.09214659685863857,0.02188112344872639,创业板ETF,创业板ETF,创业板ETF,创业板ETF,0.02188112344872639,21.687626715153925,21.687626715153925,0.0,2025-09-26,2025-09-26,2025-09-26,21.687626715153925
2025-09-29,8.177,8.339,1.793,1.813,3.126,3.217,8.339,8.177,0.0,0.0,Excel导入缓存,1.813,1.793,0.0,0.0,Excel导入缓存,3.217,3.126,0.0,0.0,Excel导入缓存,0.07254019292604497,0.021936274509803955,0.06584362139917688,0.018539325842696686,0.09273097826086962,0.028124001278363675,创业板ETF,创业板ETF,创业板ETF,创业板ETF,0.028124001278363675,22.29756955661559,22.29756955661559,0.0,2025-09-30,2025-09-30,2025-09-30,22.29756955661559
2025-10-09,8.724,8.602,1.842,1.86,3.217,3.095,8.724,8.602,0.0,0.0,Excel导入缓存,1.86,1.842,0.0,0.0,Excel导入缓存,3.217,3.095,0.0,0.0,Excel导入缓存,0.08146844355041494,0.03153855378342718,0.08518086347724618,0.025923883066740316,0.03338898163606019,-0.03792353124028591,纳指ETF,纳指ETF,创业板ETF,纳指ETF,-0.03792353124028591,21.45196698095283,22.29756955661559,-0.03792353124028591,2025-10-10,2025-10-10,2025-09-30,22.29756955661559
2025-10-13,8.77,9.568,1.807,1.807,2.952,2.915,9.568,8.77,0.0,0.0,Excel导入缓存,1.807,1.807,0.0,0.0,Excel导入缓存,2.952,2.915,0.0,0.0,Excel导入缓存,0.21144593567991898,0.11229946524064172,0.0319817247287264,-0.028494623655914042,-0.048007838014369586,-0.05815831987075937,黄金ETF,黄金ETF,纳指ETF,黄金ETF,-0.028494623655914042,20.840701255151483,22.29756955661559,-0.06533753814580479,2025-10-17,2025-10-17,2025-09-30,22.29756955661559
2025-10-20,9.308,8.95,1.835,1.902,2.976,3.147,9.308,8.95,0.0,0.0,Excel导入缓存,1.902,1.835,0.0,0.0,Excel导入缓存,3.147,2.976,0.0,0.0,Excel导入缓存,0.09681372549019596,-0.06459030100334451,0.06853932584269651,0.05257332595462083,0.005752636625119711,0.0795883361921097,黄金ETF,黄金ETF,黄金ETF,黄金ETF,-0.06459030100334451,19.49459408796047,22.29756955661559,-0.1257076678934942,2025-10-24,2025-10-24,2025-09-30,22.29756955661559
2025-10-27,8.948,8.794,1.923,1.982,3.209,3.166,8.948,8.794,0.0,0.0,Excel导入缓存,1.982,1.923,0.0,0.0,Excel导入缓存,3.209,3.166,0.0,0.0,Excel导入缓存,0.05456289722988372,-0.017430167597765278,0.09321566464423614,0.04206098843322814,-0.015853279452906488,0.006037496027963218,纳指ETF,纳指ETF,黄金ETF,纳指ETF,-0.017430167597765278,19.154800045756915,22.29756955661559,-0.14094672977155165,2025-10-31,2025-10-31,2025-09-30,22.29756955661559
2025-11-03,8.743,8.793,1.984,1.924,3.152,3.185,8.793,8.743,0.0,0.0,Excel导入缓存,1.984,1.924,0.0,0.0,Excel导入缓存,3.185,3.152,0.0,0.0,Excel导入缓存,0.02220413857242498,-0.0001137138958382522,0.03440860215053765,-0.029263370332996974,0.029079159935379684,0.006001263423878855,纳指ETF,纳指ETF,纳指ETF,纳指ETF,-0.029263370332996974,18.594266038363422,22.29756955661559,-0.16608552375401886,2025-11-07,2025-11-07,2025-09-30,22.29756955661559
2025-11-10,8.869,9.096,1.946,1.923,3.2,3.093,9.096,8.869,0.0,0.0,Excel导入缓存,1.946,1.923,0.0,0.0,Excel导入缓存,3.2,3.093,0.0,0.0,Excel导入缓存,-0.04933110367892968,0.03445922893210529,0.06419479800774774,-0.0005197505197505059,0.06106346483704983,-0.0288854003139718,纳指ETF,纳指ETF,纳指ETF,纳指ETF,-0.0005197505197505059,18.584601658925603,22.29756955661559,-0.1665189512364752,2025-11-14,2025-11-14,2025-09-30,22.29756955661559
2025-11-17,8.922,8.828,1.941,1.848,3.074,2.904,8.922,8.828,0.0,0.0,Excel导入缓存,1.941,1.848,0.0,0.0,Excel导入缓存,3.074,2.904,0.0,0.0,Excel导入缓存,-0.013631284916201136,-0.029463500439753765,-0.028391167192428957,-0.03900156006240252,-0.07721639656816015,-0.061105722599418044,黄金ETF,黄金ETF,纳指ETF,黄金ETF,-0.03900156006240252,17.85977320108919,22.29756955661559,-0.19902601242070006,2025-11-21,2025-11-21,2025-09-30,22.29756955661559
2025-11-24,8.858,9.067,1.868,1.943,2.925,3.035,9.067,8.858,0.0,0.0,Excel导入缓存,1.943,1.868,0.0,0.0,Excel导入缓存,3.035,2.925,0.0,0.0,Excel导入缓存,0.031043893563793556,0.027072949705482685,-0.019677093844601368,0.051406926406926345,-0.04137713202779525,0.045110192837465535,黄金ETF,黄金ETF,黄金ETF,黄金ETF,0.027072949705482685,18.343289942713607,22.29756955661559,-0.17734128393956572,2025-11-28,2025-11-28,2025-09-30,22.29756955661559
2025-12-01,9.146,9.136,1.93,1.963,3.044,3.089,9.146,9.136,0.0,0.0,Excel导入缓存,1.963,1.93,0.0,0.0,Excel导入缓存,3.089,3.044,0.0,0.0,Excel导入缓存,0.03900830205845551,0.0076100143377080265,0.020270270270270396,0.01029336078229548,-0.030141287284144447,0.017792421746293252,黄金ETF,黄金ETF,黄金ETF,黄金ETF,0.0076100143377080265,18.482882642178392,22.29756955661559,-0.17108083931530538,2025-12-05,2025-12-05,2025-09-30,22.29756955661559
2025-12-08,9.107,9.227,1.963,1.921,3.101,3.174,9.227,9.107,0.0,0.0,Excel导入缓存,1.963,1.921,0.0,0.0,Excel导入缓存,3.174,3.101,0.0,0.0,Excel导入缓存,0.014401934916446812,0.009960595446585119,-0.0010400416016640435,-0.02139582272032603,0.026188166828321924,0.02751699579151823,创业板ETF,创业板ETF,黄金ETF,创业板ETF,0.009960595446585119,18.666983158863843,22.29756955661559,-0.16282431089780214,2025-12-12,2025-12-12,2025-09-30,22.29756955661559
2025-12-15,9.298,9.313,1.89,1.916,3.14,3.107,9.313,9.298,0.0,0.0,Excel导入缓存,1.916,1.89,0.0,0.0,Excel导入缓存,3.14,3.107,0.0,0.0,Excel导入缓存,0.05493883099229735,0.009320472526281653,0.036796536796536605,-0.0026028110359188616,0.06990358126721774,-0.021109010712035192,创业板ETF,创业板ETF,创业板ETF,创业板ETF,-0.021109010712035192,18.272941611402004,22.29756955661559,-0.180496261486916,2025-12-19,2025-12-19,2025-09-30,22.29756955661559
2025-12-22,9.38,9.65,1.94,1.929,3.135,3.226,9.65,9.38,0.0,0.0,Excel导入缓存,1.94,1.929,0.0,0.0,Excel导入缓存,3.226,3.135,0.0,0.0,Excel导入缓存,0.06429910665049077,0.03618597659186085,-0.0072053525476067914,0.006784968684760084,0.06293245469522235,0.038300611522368744,黄金ETF,黄金ETF,创业板ETF,黄金ETF,0.038300611522368744,18.97280644943124,22.29756955661559,-0.1491087671569975,2025-12-26,2025-12-26,2025-09-30,22.29756955661559
2025-12-29,9.64,9.301,1.925,1.904,3.217,3.186,9.64,9.301,0.0,0.0,Excel导入缓存,1.925,1.904,0.0,0.0,Excel导入缓存,3.217,3.186,0.0,0.0,Excel导入缓存,0.01806042031523658,-0.03616580310880835,-0.030056036678553277,-0.012960082944530882,0.03140174813855623,-0.012399256044637319,创业板ETF,创业板ETF,黄金ETF,创业板ETF,-0.03616580310880835,18.28663966695958,22.29756955661559,-0.17988193195100866,2025-12-31,2025-12-31,2025-09-30,22.29756955661559
2026-01-05,9.421,9.592,1.909,1.903,3.215,3.314,9.592,9.421,0.0,0.0,Excel导入缓存,1.909,1.903,0.0,0.0,Excel导入缓存,3.314,3.215,0.0,0.0,Excel导入缓存,0.039557819442939124,0.03128695839157092,-0.00937011972930768,-0.0005252100840335006,0.04410838059231259,0.04017576898932829,创业板ETF,创业板ETF,创业板ETF,创业板ETF,0.04017576898932829,19.021319477810437,22.29756955661559,-0.14693305790509814,2026-01-09,2026-01-09,2025-09-30,22.29756955661559
2026-01-12,9.779,9.857,1.904,1.904,3.314,3.346,9.857,9.779,0.0,0.0,Excel导入缓存,1.904,1.904,0.0,0.0,Excel导入缓存,3.346,3.314,0.0,0.0,Excel导入缓存,0.058412971115644696,0.027627189324436863,-0.006263048016701522,0.0005254860746188861,0.07692307692307687,0.00965600482800233,创业板ETF,创业板ETF,创业板ETF,创业板ETF,0.00965600482800233,19.20498943052315,22.29756955661559,-0.13869583939362062,2026-01-16,2026-01-16,2025-09-30,22.29756955661559
2026-01-19,9.962,10.617,1.886,1.891,3.327,3.337,10.617,9.962,0.0,0.0,Excel导入缓存,1.891,1.886,0.0,0.0,Excel导入缓存,3.337,3.327,0.0,0.0,Excel导入缓存,0.10020725388601037,0.0771025667038654,-0.019699326075686918,-0.0068277310924369505,0.03440793552386867,-0.0026897788404064427,黄金ETF,黄金ETF,创业板ETF,黄金ETF,-0.0026897788404064427,19.1533322563227,22.29756955661559,-0.14101255709997362,2026-01-23,2026-01-23,2025-09-30,22.29756955661559
2026-01-26,10.886,11.009,1.888,1.881,3.352,3.335,11.009,10.886,0.0,0.0,Excel导入缓存,1.888,1.881,0.0,0.0,Excel导入缓存,3.352,3.335,0.0,0.0,Excel导入缓存,0.183636168153962,0.03692191767919373,-0.012079831932773066,-0.005288207297726055,0.04676710608913992,-0.0005993407252022909,黄金ETF,黄金ETF,黄金ETF,黄金ETF,0.03692191767919373,19.86051001317289,22.29756955661559,-0.10929709344575778,2026-01-30,2026-01-30,2025-09-30,22.29756955661559
2026-02-02,9.908,10.357,1.858,1.813,3.338,3.229,10.357,9.908,0.0,0.0,Excel导入缓存,1.858,1.813,0.0,0.0,Excel导入缓存,3.338,3.229,0.0,0.0,Excel导入缓存,0.07975396163469539,-0.0592242710509584,-0.04729374671571207,-0.0361509835194046,-0.025648762824381444,-0.03178410794602693,黄金ETF,黄金ETF,黄金ETF,黄金ETF,-0.0592242710509584,18.684285784942468,22.29756955661559,-0.1620483238094026,2026-02-06,2026-02-06,2025-09-30,22.29756955661559
2026-02-09,10.72,10.575,1.846,1.83,3.288,3.265,10.72,10.575,0.0,0.0,Excel导入缓存,1.846,1.83,0.0,0.0,Excel导入缓存,3.288,3.265,0.0,0.0,Excel导入缓存,0.07284163538602018,0.02104856618711981,-0.03886554621848737,0.009376723662438025,-0.024208009563658095,0.011148962527098183,黄金ETF,黄金ETF,黄金ETF,黄金ETF,0.02104856618711981,19.07756321094589,22.29756955661559,-0.14441064249149693,2026-02-13,2026-02-13,2025-09-30,22.29756955661559
2026-02-24,10.933,10.934,1.821,1.819,3.318,3.301,10.934,10.933,0.0,0.0,Excel导入缓存,1.821,1.819,0.0,0.0,Excel导入缓存,3.318,3.301,0.0,0.0,Excel导入缓存,0.029857775266082465,0.03394799054373521,-0.03807509254362773,-0.006010928961748707,-0.010788133053641014,0.011026033690658466,黄金ETF,黄金ETF,黄金ETF,黄金ETF,0.03394799054373521,19.725208146428592,22.29756955661559,-0.11536510307347769,2026-02-27,2026-02-27,2025-09-30,22.29756955661559
2026-03-02,11.368,10.873,1.804,1.801,3.251,3.225,11.368,10.873,0.0,0.0,Excel导入缓存,1.804,1.801,0.0,0.0,Excel导入缓存,3.251,3.225,0.0,0.0,Excel导入缓存,-0.012353528930874824,-0.005578928114139403,-0.04253056884635831,-0.009895547003848315,-0.032983508245877036,-0.023023326264768218,黄金ETF,黄金ETF,黄金ETF,黄金ETF,-0.005578928114139403,19.61516262814323,22.29756955661559,-0.12030041757068988,2026-03-06,2026-03-06,2025-09-30,22.29756955661559
2026-03-09,10.858,10.8,1.748,1.77,3.183,3.3,10.858,10.8,0.0,0.0,Excel导入缓存,1.77,1.748,0.0,0.0,Excel导入缓存,3.3,3.183,0.0,0.0,Excel导入缓存,0.04277300376556936,-0.0067138784144209485,-0.02371759514616656,-0.01721265963353691,0.021988231650665657,0.02325581395348819,黄金ETF,黄金ETF,黄金ETF,黄金ETF,-0.0067138784144209485,19.483468811178785,22.29756955661559,-0.12620661360833707,2026-03-13,2026-03-13,2025-09-30,22.29756955661559
2026-03-16,10.63,9.896,1.763,1.749,3.308,3.341,10.63,9.896,0.0,0.0,Excel导入缓存,1.763,1.749,0.0,0.0,Excel导入缓存,3.341,3.308,0.0,0.0,Excel导入缓存,-0.06420803782505902,-0.08370370370370372,-0.04426229508196722,-0.011864406779660941,0.023277182235834637,0.012424242424242449,创业板ETF,创业板ETF,黄金ETF,创业板ETF,-0.08370370370370372,17.852630310687523,22.29756955661559,-0.19934635632112074,2026-03-20,2026-03-20,2025-09-30,22.29756955661559
2026-03-23,9.488,9.494,1.725,1.708,3.3,3.293,9.494,9.488,0.0,0.0,Excel导入缓存,1.725,1.708,0.0,0.0,Excel导入缓存,3.3,3.293,0.0,0.0,Excel导入缓存,-0.1316992866288641,-0.040622473726758423,-0.061022539857064295,-0.02344196683819333,-0.0024235080278703913,-0.014366956001197306,创业板ETF,创业板ETF,创业板ETF,创业板ETF,-0.014366956001197306,17.596142356508235,22.29756955661559,-0.21084931199205348,2026-03-27,2026-03-27,2025-09-30,22.29756955661559
2026-03-30,9.496,9.828,1.672,1.731,3.242,3.141,9.828,9.496,0.0,0.0,Excel导入缓存,1.731,1.672,0.0,0.0,Excel导入缓存,3.242,3.141,0.0,0.0,Excel导入缓存,-0.0961096293571232,0.03518011375605634,-0.038867295946696245,0.013466042154566926,-0.026046511627907054,-0.04615851806863047,创业板ETF,创业板ETF,创业板ETF,创业板ETF,-0.04615851806863047,16.783930501607156,22.29756955661559,-0.24727533828334047,2026-04-03,2026-04-03,2025-09-30,22.29756955661559
2026-04-07,9.845,9.997,1.731,1.83,3.153,3.456,9.997,9.845,0.0,0.0,Excel导入缓存,1.83,1.731,0.0,0.0,Excel导入缓存,3.456,3.153,0.0,0.0,Excel导入缓存,-0.07435185185185189,0.01719576719576721,0.033898305084745894,0.05719237435008662,0.047272727272727355,0.10028653295128942,创业板ETF,创业板ETF,创业板ETF,创业板ETF,0.10028653295128942,18.467132700908735,22.29756955661559,-0.1717871916928444,2026-04-10,2026-04-10,2025-09-30,22.29756955661559
2026-04-13,9.918,10.029,1.8,1.892,3.43,3.67,10.029,9.918,0.0,0.0,Excel导入缓存,1.892,1.8,0.0,0.0,Excel导入缓存,3.67,3.43,0.0,0.0,Excel导入缓存,0.01343977364591753,0.003200960288086474,0.08176100628930816,0.033879781420764976,0.09847351092487266,0.06192129629629628,创业板ETF,创业板ETF,创业板ETF,创业板ETF,0.06192129629629628,19.610641496624726,22.29756955661559,-0.1205031809932694,2026-04-17,2026-04-17,2025-09-30,22.29756955661559
2026-04-20,10.04,9.826,1.9,1.907,3.657,3.674,10.04,9.826,0.0,0.0,Excel导入缓存,1.907,1.9,0.0,0.0,Excel导入缓存,3.674,3.657,0.0,0.0,Excel导入缓存,0.034969454392247856,-0.020241300229334902,0.11651053864168626,0.007928118393234707,0.1156999696325538,0.0010899182561308063,纳指ETF,纳指ETF,创业板ETF,纳指ETF,0.0010899182561308063,19.632015492806335,22.29756955661559,-0.1195446013540249,2026-04-24,2026-04-24,2025-09-30,22.29756955661559
2026-04-27,9.859,9.678,1.93,1.959,3.68,3.689,9.859,9.678,0.0,0.0,Excel导入缓存,1.959,1.93,0.0,0.0,Excel导入缓存,3.689,3.68,0.0,0.0,Excel导入缓存,-0.015262515262515097,-0.015062080195399896,0.1317157712305026,0.02726796014682753,0.17446673034065596,0.004082743603701644,创业板ETF,创业板ETF,纳指ETF,创业板ETF,0.02726796014682753,20.16734050886608,22.29756955661559,-0.09553637863268738,2026-04-30,2026-04-30,2025-09-30,22.29756955661559
2026-05-06,9.698,9.88,2.02,2.065,3.763,3.806,9.88,9.698,0.0,0.0,Excel导入缓存,2.065,2.02,0.0,0.0,Excel导入缓存,3.806,3.763,0.0,0.0,Excel导入缓存,-0.011703511053315907,0.02087208100847282,0.12841530054644812,0.054109239407861054,0.10127314814814814,0.03171591217132019,纳指ETF,纳指ETF,创业板ETF,纳指ETF,0.03171591217132019,20.806966109174382,22.29756955661559,-0.06685048985524755,2026-05-08,2026-05-08,2025-09-30,22.29756955661559
2026-05-11,9.827,9.795,2.104,2.105,3.834,3.961,9.827,9.795,0.0,0.0,Excel导入缓存,2.105,2.104,0.0,0.0,Excel导入缓存,3.961,3.834,0.0,0.0,Excel导入缓存,-0.02333233622494768,-0.0086032388663968,0.11257928118393234,0.01937046004842613,0.07929155313351499,0.04072517078297411,纳指ETF,纳指ETF,纳指ETF,纳指ETF,0.01937046004842613,21.210006614921102,22.29756955661559,-0.04877495454978009,2026-05-15,2026-05-15,2025-09-30,22.29756955661559
2026-05-18,9.44,9.461,2.065,2.146,3.912,3.946,9.554,9.332,18970192.0,17933503847.0,东方财富接口,2.15,2.026,28850297.0,6009911562.0,东方财富接口,4.029,3.82,72965948.0,28594948371.760002,本地日线缓存,-0.037146346427844534,-0.03409903011740678,0.12532773990561075,0.019477434679334937,0.07403375068045737,-0.0037869224943195556,纳指ETF,纳指ETF,纳指ETF,纳指ETF,0.019477434679334937,21.62312313331149,22.29756955661559,-0.030247530861675975,2026-05-22,2026-05-22,2025-09-30,22.29756955661559
2026-05-25,9.531,9.397,2.211,2.273,3.982,4.053,9.54,9.108,15889915.0,14847307242.0,东方财富接口,2.274,2.15,26308956.0,5851089841.0,东方财富接口,4.174,3.916,77330466.0,31364952924.955,本地日线缓存,-0.0290349245711925,-0.006764612620230426,0.16028586013272084,0.059179869524697226,0.09867172675521818,0.027116066903193126,纳指ETF,纳指ETF,纳指ETF,纳指ETF,0.059179869524697226,22.902776739057327,22.902776739057327,0.0,2026-05-29,2026-05-29,2026-05-29,22.902776739057327
2026-06-01,9.398,9.252,2.273,2.205,4.047,3.977,9.414,9.21,14928346.0,13898820718.0,东方财富接口,2.577,2.046,28543456.0,6559701084.0,东方财富接口,4.23,3.947,69799408.0,28417853595.575,本地日线缓存,-0.06356275303643721,-0.01543045652867936,0.06779661016949157,-0.02991641003079637,0.044929059379926306,-0.01875154206760421,纳指ETF,纳指ETF,纳指ETF,纳指ETF,-0.02991641003079637,22.217607879287904,22.902776739057327,-0.02991641003079626,2026-06-05,2026-06-05,2026-05-29,22.902776739057327
2026-06-08,9.001,8.659,2.116,2.162,3.83,3.846,9.046,8.418,24291011.0,21224893256.0,东方财富接口,2.215,2.092,27892997.0,5995363924.0,东方财富接口,3.975,3.77,74029770.0,28692758830.952,本地日线缓存,-0.11597753956100043,-0.06409424989191526,0.027078384798099764,-0.019501133786848146,-0.02903307245645037,-0.03293940155896402,纳指ETF,纳指ETF,纳指ETF,纳指ETF,-0.019501133786848146,21.78433933561018,22.902776739057327,-0.048834139903211615,2026-06-12,2026-06-12,2026-05-29,22.902776739057327
2026-06-15,8.916,8.908,2.231,2.266,3.912,4.269,8.988,8.892,13363136.0,11954645455.0,东方财富接口,2.383,2.22,15252891.0,3445664635.0,东方财富接口,4.288,3.858,47049555.0,19270788395.064,本地日线缓存,-0.058450480921678594,0.02875620741425089,0.055917986952469745,0.04810360777058276,0.08185504308160163,0.10998439937597504,创业板ETF,创业板ETF,纳指ETF,创业板ETF,0.04810360777058276,22.83224465055165,22.902776739057327,-0.0030796304443466704,2026-06-18,2026-06-18,2026-05-29,22.902776739057327
2026-06-22,8.735,8.39,2.311,2.158,4.291,4.215,8.742,8.267,21633934.0,18346108739.0,东方财富接口,2.311,2.133,22048291.0,4844755294.0,东方财富接口,4.395,4.17,80648915.0,34491285384.176,本地日线缓存,-0.10716186016813878,-0.058149977548271115,-0.05059392872855262,-0.04766107678729037,0.0399703923019985,-0.012649332396345803,创业板ETF,创业板ETF,创业板ETF,创业板ETF,-0.012649332396345803,22.543431998612135,22.902776739057327,-0.01569000757154404,2026-06-26,2026-06-26,2026-05-29,22.902776739057327
2026-06-29,8.445,8.672,2.161,2.167,4.2,4.037,8.726,8.224,20470502.0,17277640059.0,东方财富接口,2.232,2.144,15880893.0,3470987684.0,东方财富接口,4.378,4.0,71832940.0,30072654834.224,本地日线缓存,-0.06268914829226113,0.03361144219308709,-0.017233560090703093,0.0041705282669137755,0.015086748805632322,-0.042230130486358264,创业板ETF,创业板ETF,创业板ETF,创业板ETF,-0.042230130486358264,21.5914199237004,22.902776739057327,-0.05725754699082408,2026-07-03,2026-07-03,2026-05-29,22.902776739057327
2026-07-06,8.696,8.541,2.168,2.174,4.051,3.862,8.738,8.446,12549089.0,10774905934.0,东方财富接口,2.189,2.14,10150868.0,2195718081.0,东方财富接口,4.088,3.831,80869377.0,31939734641.326,本地日线缓存,-0.013627439658159157,-0.015106088560885689,0.005550416281220993,0.0032302722658053007,0.004160166406656174,-0.04334902155065634,纳指ETF,纳指ETF,创业板ETF,纳指ETF,-0.04334902155065634,20.65545299611864,22.902776739057327,-0.09812450990303745,2026-07-10,2026-07-10,2026-05-29,22.902776739057327
2026-07-13,8.47,8.311,2.179,2.107,3.81,3.463,8.497,8.256,12310911.0,10302632107.0,东方财富接口,2.192,2.103,12922649.0,2788787374.0,东方财富接口,3.925,3.408,124336393.0,46058295699.297,本地日线缓存,-0.06701841041760215,-0.02692893103852012,-0.0701676963812885,-0.030818767249309875,-0.1888029983602717,-0.10331434489901603,黄金ETF,黄金ETF,纳指ETF,黄金ETF,-0.030818767249309875,20.0188773978022,22.902776739057327,-0.12591920072019303,2026-07-17,2026-07-17,2026-05-29,22.902776739057327
